-- phpMyAdmin SQL Dump
-- version 4.7.9
-- https://www.phpmyadmin.net/
--
-- Host: 127.0.0.1:3306
-- Generation Time: Jul 03, 2018 at 12:55 PM
-- Server version: 5.7.21
-- PHP Version: 7.1.16

SET SQL_MODE = "NO_AUTO_VALUE_ON_ZERO";
SET AUTOCOMMIT = 0;
START TRANSACTION;
SET time_zone = "+00:00";


/*!40101 SET @OLD_CHARACTER_SET_CLIENT=@@CHARACTER_SET_CLIENT */;
/*!40101 SET @OLD_CHARACTER_SET_RESULTS=@@CHARACTER_SET_RESULTS */;
/*!40101 SET @OLD_COLLATION_CONNECTION=@@COLLATION_CONNECTION */;
/*!40101 SET NAMES utf8mb4 */;

--
-- Database: `uro_cola`
--

-- --------------------------------------------------------

--
-- Table structure for table `abcs`
--

DROP TABLE IF EXISTS `abcs`;
CREATE TABLE IF NOT EXISTS `abcs` (
  `id` int(10) UNSIGNED NOT NULL AUTO_INCREMENT,
  `created_at` timestamp NULL DEFAULT NULL,
  `updated_at` timestamp NULL DEFAULT NULL,
  `name` varchar(255) COLLATE utf8mb4_unicode_ci DEFAULT NULL,
  `description` varchar(1000) COLLATE utf8mb4_unicode_ci DEFAULT NULL,
  `is_active` tinyint(1) DEFAULT NULL,
  PRIMARY KEY (`id`)
) ENGINE=InnoDB AUTO_INCREMENT=2 DEFAULT CHARSET=utf8mb4 COLLATE=utf8mb4_unicode_ci;

--
-- Dumping data for table `abcs`
--

INSERT INTO `abcs` (`id`, `created_at`, `updated_at`, `name`, `description`, `is_active`) VALUES
(1, '2018-05-26 02:38:38', '2018-05-26 02:38:38', 'sdsda', 'asdasda', 1);

-- --------------------------------------------------------

--
-- Table structure for table `branches`
--

DROP TABLE IF EXISTS `branches`;
CREATE TABLE IF NOT EXISTS `branches` (
  `id` int(10) UNSIGNED NOT NULL AUTO_INCREMENT,
  `name` varchar(100) COLLATE utf8mb4_unicode_ci NOT NULL,
  `created_at` timestamp NULL DEFAULT NULL,
  `updated_at` timestamp NULL DEFAULT NULL,
  `created_by` int(10) NOT NULL,
  `updated_by` int(10) DEFAULT NULL,
  `details` text COLLATE utf8mb4_unicode_ci COMMENT 'Sometime we need to describe the value of this master data',
  `is_active` tinyint(1) NOT NULL DEFAULT '1',
  PRIMARY KEY (`id`)
) ENGINE=InnoDB DEFAULT CHARSET=utf8mb4 COLLATE=utf8mb4_unicode_ci;

-- --------------------------------------------------------

--
-- Table structure for table `brands`
--

DROP TABLE IF EXISTS `brands`;
CREATE TABLE IF NOT EXISTS `brands` (
  `id` int(10) UNSIGNED NOT NULL AUTO_INCREMENT,
  `categories_id` int(10) UNSIGNED DEFAULT NULL,
  `brand_name` varchar(255) COLLATE utf8mb4_unicode_ci DEFAULT NULL,
  `segment` varchar(255) COLLATE utf8mb4_unicode_ci DEFAULT NULL,
  `description` text COLLATE utf8mb4_unicode_ci,
  `ordering` int(10) DEFAULT NULL,
  `rfu1` varchar(255) COLLATE utf8mb4_unicode_ci DEFAULT NULL,
  `rfu2` varchar(255) COLLATE utf8mb4_unicode_ci DEFAULT NULL,
  `created_at` timestamp NULL DEFAULT NULL,
  `created_by` int(10) UNSIGNED DEFAULT NULL,
  `updated_by` int(10) UNSIGNED DEFAULT NULL,
  `updated_at` timestamp NULL DEFAULT NULL,
  `is_active` tinyint(1) DEFAULT '1',
  PRIMARY KEY (`id`),
  KEY `products_product_categories_id_index` (`categories_id`),
  KEY `products_created_by_index` (`created_by`),
  KEY `products_updated_by_index` (`updated_by`)
) ENGINE=InnoDB AUTO_INCREMENT=14 DEFAULT CHARSET=utf8mb4 COLLATE=utf8mb4_unicode_ci;

--
-- Dumping data for table `brands`
--

INSERT INTO `brands` (`id`, `categories_id`, `brand_name`, `segment`, `description`, `ordering`, `rfu1`, `rfu2`, `created_at`, `created_by`, `updated_by`, `updated_at`, `is_active`) VALUES
(1, 1, 'Tiger', NULL, NULL, 1, NULL, NULL, NULL, NULL, NULL, NULL, 1),
(2, 1, 'Black Horse', NULL, NULL, 0, NULL, NULL, NULL, NULL, NULL, NULL, 1),
(3, 2, 'Fizz up', NULL, NULL, 2, NULL, NULL, NULL, NULL, NULL, NULL, 1),
(4, 2, 'Uro Cola', NULL, NULL, 3, NULL, NULL, NULL, NULL, NULL, NULL, 1),
(5, 2, 'Uro Lemon', NULL, NULL, 4, NULL, NULL, NULL, NULL, NULL, NULL, 1),
(6, 2, 'Uro Orange', NULL, NULL, 5, NULL, NULL, NULL, NULL, NULL, NULL, 1),
(7, 2, 'Uro Zeera', NULL, NULL, 6, NULL, NULL, NULL, NULL, NULL, NULL, 1),
(8, 3, 'Uro Oranjee', NULL, NULL, 7, NULL, NULL, NULL, NULL, 1, '2018-07-02 23:20:28', 1),
(9, 3, 'Uro Lemonjee', NULL, NULL, 8, NULL, NULL, NULL, NULL, 1, '2018-07-02 23:20:52', 1),
(10, 4, 'Mangolee', NULL, NULL, 9, NULL, NULL, NULL, NULL, NULL, NULL, 1),
(11, 4, 'Mango King', NULL, NULL, 10, NULL, NULL, NULL, NULL, NULL, NULL, 1),
(12, 5, 'Lychena', NULL, NULL, 11, NULL, NULL, NULL, NULL, NULL, NULL, 1),
(13, 6, 'Alma', NULL, NULL, 12, NULL, NULL, NULL, NULL, NULL, NULL, 1);

-- --------------------------------------------------------

--
-- Table structure for table `categories`
--

DROP TABLE IF EXISTS `categories`;
CREATE TABLE IF NOT EXISTS `categories` (
  `id` int(11) NOT NULL AUTO_INCREMENT,
  `category_name` varchar(255) NOT NULL,
  `category_description` text,
  `ordering` int(11) DEFAULT NULL,
  `created_by` int(11) NOT NULL,
  `created_at` datetime DEFAULT CURRENT_TIMESTAMP,
  `updated_by` int(11) DEFAULT NULL,
  `updated_at` timestamp NULL DEFAULT NULL ON UPDATE CURRENT_TIMESTAMP,
  `status` int(1) DEFAULT NULL,
  PRIMARY KEY (`id`)
) ENGINE=InnoDB AUTO_INCREMENT=7 DEFAULT CHARSET=latin1;

--
-- Dumping data for table `categories`
--

INSERT INTO `categories` (`id`, `category_name`, `category_description`, `ordering`, `created_by`, `created_at`, `updated_by`, `updated_at`, `status`) VALUES
(1, 'Energy Drink', NULL, 1, 1, '2018-05-30 15:02:28', NULL, NULL, NULL),
(2, 'Carbonated Soft Drinks', NULL, 2, 1, '2018-05-30 15:02:28', NULL, NULL, NULL),
(3, 'Pulpy Drink', NULL, 3, 1, '2018-05-30 15:02:28', NULL, NULL, NULL),
(4, 'Mango Fruit Drink', NULL, 4, 1, '2018-05-30 15:02:28', NULL, NULL, NULL),
(5, 'Flavor Drink', NULL, 5, 1, '2018-05-30 15:02:28', NULL, NULL, NULL),
(6, 'Drinking Water', NULL, 6, 1, '2018-05-30 15:02:28', NULL, NULL, NULL);

-- --------------------------------------------------------

--
-- Table structure for table `countries`
--

DROP TABLE IF EXISTS `countries`;
CREATE TABLE IF NOT EXISTS `countries` (
  `id` int(10) UNSIGNED NOT NULL AUTO_INCREMENT,
  `created_at` timestamp NULL DEFAULT NULL,
  `updated_at` timestamp NULL DEFAULT NULL,
  `name` varchar(255) COLLATE utf8mb4_unicode_ci DEFAULT NULL,
  `description` varchar(1000) COLLATE utf8mb4_unicode_ci DEFAULT NULL,
  `created_by` int(10) UNSIGNED DEFAULT NULL,
  `updated_by` int(10) UNSIGNED DEFAULT NULL,
  `is_active` tinyint(1) DEFAULT NULL,
  PRIMARY KEY (`id`),
  KEY `countries_created_by_index` (`created_by`),
  KEY `countries_updated_by_index` (`updated_by`)
) ENGINE=InnoDB AUTO_INCREMENT=2 DEFAULT CHARSET=utf8mb4 COLLATE=utf8mb4_unicode_ci;

--
-- Dumping data for table `countries`
--

INSERT INTO `countries` (`id`, `created_at`, `updated_at`, `name`, `description`, `created_by`, `updated_by`, `is_active`) VALUES
(1, '2018-05-13 06:06:13', '2018-05-13 06:06:13', 'Bangladesh', 'NA', 2, 1, 1);

-- --------------------------------------------------------

--
-- Table structure for table `departments`
--

DROP TABLE IF EXISTS `departments`;
CREATE TABLE IF NOT EXISTS `departments` (
  `id` int(10) UNSIGNED NOT NULL AUTO_INCREMENT,
  `name` varchar(100) COLLATE utf8mb4_unicode_ci NOT NULL,
  `created_at` timestamp NULL DEFAULT NULL,
  `updated_at` timestamp NULL DEFAULT NULL,
  `created_by` int(10) DEFAULT NULL,
  `updated_by` int(10) DEFAULT NULL,
  `details` text COLLATE utf8mb4_unicode_ci COMMENT 'Sometime we need to describe the value of this master data',
  `is_active` tinyint(1) DEFAULT '1',
  PRIMARY KEY (`id`)
) ENGINE=InnoDB AUTO_INCREMENT=3 DEFAULT CHARSET=utf8mb4 COLLATE=utf8mb4_unicode_ci;

--
-- Dumping data for table `departments`
--

INSERT INTO `departments` (`id`, `name`, `created_at`, `updated_at`, `created_by`, `updated_by`, `details`, `is_active`) VALUES
(1, 'IT', '2018-05-26 03:08:58', '2018-05-26 03:08:58', 1, 1, 'qwdwq', 1),
(2, 'Account', '2018-05-26 03:44:39', '2018-05-26 03:44:39', NULL, NULL, 'zxzx', 1);

-- --------------------------------------------------------

--
-- Table structure for table `designations`
--

DROP TABLE IF EXISTS `designations`;
CREATE TABLE IF NOT EXISTS `designations` (
  `id` int(10) UNSIGNED NOT NULL AUTO_INCREMENT,
  `name` varchar(100) COLLATE utf8mb4_unicode_ci NOT NULL,
  `created_at` timestamp NULL DEFAULT NULL,
  `updated_at` timestamp NULL DEFAULT NULL,
  `created_by` int(10) NOT NULL,
  `updated_by` int(10) DEFAULT NULL,
  `details` text COLLATE utf8mb4_unicode_ci COMMENT 'Sometime we need to describe the value of this master data',
  `status` tinyint(1) NOT NULL DEFAULT '1' COMMENT 'This is basically the row status. whether this record is active or not. 1 = Active, 0 = Inactive ',
  PRIMARY KEY (`id`)
) ENGINE=InnoDB AUTO_INCREMENT=2 DEFAULT CHARSET=utf8mb4 COLLATE=utf8mb4_unicode_ci;

--
-- Dumping data for table `designations`
--

INSERT INTO `designations` (`id`, `name`, `created_at`, `updated_at`, `created_by`, `updated_by`, `details`, `status`) VALUES
(1, 'IT Executive', NULL, NULL, 1, NULL, NULL, 1);

-- --------------------------------------------------------

--
-- Table structure for table `distribution_houses`
--

DROP TABLE IF EXISTS `distribution_houses`;
CREATE TABLE IF NOT EXISTS `distribution_houses` (
  `id` int(11) NOT NULL AUTO_INCREMENT,
  `zones_id` int(11) DEFAULT NULL,
  `regions_id` int(11) DEFAULT NULL,
  `territories_id` int(11) DEFAULT NULL,
  `market_name` varchar(255) DEFAULT NULL,
  `opening_balance` float(11,2) NOT NULL,
  `current_balance` float(11,2) NOT NULL,
  `code` varchar(255) DEFAULT NULL,
  `point_name` varchar(255) DEFAULT NULL,
  `privilage_brands` text,
  `privilage_sku` text,
  `created_by` int(11) DEFAULT NULL,
  `created_at` datetime DEFAULT CURRENT_TIMESTAMP,
  `updated_by` int(11) DEFAULT NULL,
  `updated_at` datetime DEFAULT CURRENT_TIMESTAMP ON UPDATE CURRENT_TIMESTAMP,
  `rfu1` varchar(255) DEFAULT NULL,
  `rfu2` varchar(255) DEFAULT NULL,
  PRIMARY KEY (`id`)
) ENGINE=InnoDB AUTO_INCREMENT=340 DEFAULT CHARSET=latin1;

--
-- Dumping data for table `distribution_houses`
--

INSERT INTO `distribution_houses` (`id`, `zones_id`, `regions_id`, `territories_id`, `market_name`, `opening_balance`, `current_balance`, `code`, `point_name`, `privilage_brands`, `privilage_sku`, `created_by`, `created_at`, `updated_by`, `updated_at`, `rfu1`, `rfu2`) VALUES
(1, 1, 1, 1, 'Dinajpur', 0.00, 0.00, '10110', 'Enamul Store', '[\"1\",\"2\",\"3\",\"4\",\"5\",\"6\",\"7\",\"8\",\"9\",\"10\",\"11\",\"12\",\"13\"]', '{\"1\":\"1\",\"1\":\"2\",\"2\":\"3\",\"2\":\"4\",\"3\":\"5\",\"3\":\"6\",\"3\":\"7\",\"3\":\"8\",\"3\":\"9\",\"4\":\"10\",\"4\":\"11\",\"4\":\"12\",\"5\":\"13\",\"5\":\"14\",\"5\":\"15\",\"6\":\"16\",\"6\":\"17\",\"6\":\"18\",\"6\":\"19\",\"7\":\"20\",\"8\":\"21\",\"9\":\"22\",\"10\":\"23\",\"10\":\"24\",\"10\":\"25\",\"11\":\"26\",\"11\":\"27\",\"12\":\"28\",\"12\":\"29\",\"13\":\"30\",\"13\":\"31\"}', NULL, '2018-05-30 14:46:17', NULL, '2018-06-04 15:09:05', NULL, NULL),
(2, 1, 1, 1, 'Fulbari', 0.00, 0.00, '10115', 'Alim Store', '[\"1\",\"2\",\"3\",\"4\",\"5\",\"6\",\"7\",\"8\",\"9\",\"10\",\"11\",\"12\",\"13\"]', '{\"1\":\"1\",\"1\":\"2\",\"2\":\"3\",\"2\":\"4\",\"3\":\"5\",\"3\":\"6\",\"3\":\"7\",\"3\":\"8\",\"3\":\"9\",\"4\":\"10\",\"4\":\"11\",\"4\":\"12\",\"5\":\"13\",\"5\":\"14\",\"5\":\"15\",\"6\":\"16\",\"6\":\"17\",\"6\":\"18\",\"6\":\"19\",\"7\":\"20\",\"8\":\"21\",\"9\":\"22\",\"10\":\"23\",\"10\":\"24\",\"10\":\"25\",\"11\":\"26\",\"11\":\"27\",\"12\":\"28\",\"12\":\"29\",\"13\":\"30\",\"13\":\"31\"}', NULL, '2018-05-30 14:46:17', NULL, '2018-06-04 15:09:05', NULL, NULL),
(3, 1, 1, 1, 'Saidpur', 0.00, 0.00, '10120', 'Monaf Siddique', '[\"1\",\"2\",\"3\",\"4\",\"5\",\"6\",\"7\",\"8\",\"9\",\"10\",\"11\",\"12\",\"13\"]', '{\"1\":\"1\",\"1\":\"2\",\"2\":\"3\",\"2\":\"4\",\"3\":\"5\",\"3\":\"6\",\"3\":\"7\",\"3\":\"8\",\"3\":\"9\",\"4\":\"10\",\"4\":\"11\",\"4\":\"12\",\"5\":\"13\",\"5\":\"14\",\"5\":\"15\",\"6\":\"16\",\"6\":\"17\",\"6\":\"18\",\"6\":\"19\",\"7\":\"20\",\"8\":\"21\",\"9\":\"22\",\"10\":\"23\",\"10\":\"24\",\"10\":\"25\",\"11\":\"26\",\"11\":\"27\",\"12\":\"28\",\"12\":\"29\",\"13\":\"30\",\"13\":\"31\"}', NULL, '2018-05-30 14:46:17', NULL, '2018-06-04 15:09:05', NULL, NULL),
(4, 1, 1, 1, 'Nilphamari', 0.00, 0.00, '10125', 'Maruf Chira & Rice Mill', '[\"1\",\"2\",\"3\",\"4\",\"5\",\"6\",\"7\",\"8\",\"9\",\"10\",\"11\",\"12\",\"13\"]', '{\"1\":\"1\",\"1\":\"2\",\"2\":\"3\",\"2\":\"4\",\"3\":\"5\",\"3\":\"6\",\"3\":\"7\",\"3\":\"8\",\"3\":\"9\",\"4\":\"10\",\"4\":\"11\",\"4\":\"12\",\"5\":\"13\",\"5\":\"14\",\"5\":\"15\",\"6\":\"16\",\"6\":\"17\",\"6\":\"18\",\"6\":\"19\",\"7\":\"20\",\"8\":\"21\",\"9\":\"22\",\"10\":\"23\",\"10\":\"24\",\"10\":\"25\",\"11\":\"26\",\"11\":\"27\",\"12\":\"28\",\"12\":\"29\",\"13\":\"30\",\"13\":\"31\"}', NULL, '2018-05-30 14:46:17', NULL, '2018-06-04 15:09:05', NULL, NULL),
(5, 1, 1, 1, 'Birgonj ', 0.00, 0.00, '10130', 'Motalib & Sons', '[\"1\",\"2\",\"3\",\"4\",\"5\",\"6\",\"7\",\"8\",\"9\",\"10\",\"11\",\"12\",\"13\"]', '{\"1\":\"1\",\"1\":\"2\",\"2\":\"3\",\"2\":\"4\",\"3\":\"5\",\"3\":\"6\",\"3\":\"7\",\"3\":\"8\",\"3\":\"9\",\"4\":\"10\",\"4\":\"11\",\"4\":\"12\",\"5\":\"13\",\"5\":\"14\",\"5\":\"15\",\"6\":\"16\",\"6\":\"17\",\"6\":\"18\",\"6\":\"19\",\"7\":\"20\",\"8\":\"21\",\"9\":\"22\",\"10\":\"23\",\"10\":\"24\",\"10\":\"25\",\"11\":\"26\",\"11\":\"27\",\"12\":\"28\",\"12\":\"29\",\"13\":\"30\",\"13\":\"31\"}', NULL, '2018-05-30 14:46:17', NULL, '2018-06-04 15:09:05', NULL, NULL),
(6, 1, 1, 2, 'Thakurgaon', 0.00, 0.00, '10135', 'Yeakub Ali & Brothers', '[\"1\",\"2\",\"3\",\"4\",\"5\",\"6\",\"7\",\"8\",\"9\",\"10\",\"11\",\"12\",\"13\"]', '{\"1\":\"1\",\"1\":\"2\",\"2\":\"3\",\"2\":\"4\",\"3\":\"5\",\"3\":\"6\",\"3\":\"7\",\"3\":\"8\",\"3\":\"9\",\"4\":\"10\",\"4\":\"11\",\"4\":\"12\",\"5\":\"13\",\"5\":\"14\",\"5\":\"15\",\"6\":\"16\",\"6\":\"17\",\"6\":\"18\",\"6\":\"19\",\"7\":\"20\",\"8\":\"21\",\"9\":\"22\",\"10\":\"23\",\"10\":\"24\",\"10\":\"25\",\"11\":\"26\",\"11\":\"27\",\"12\":\"28\",\"12\":\"29\",\"13\":\"30\",\"13\":\"31\"}', NULL, '2018-05-30 14:46:17', NULL, '2018-06-04 15:09:05', NULL, NULL),
(7, 1, 1, 2, 'Panchagar', 0.00, 0.00, '10140', 'Dipu Enterprise', '[\"1\",\"2\",\"3\",\"4\",\"5\",\"6\",\"7\",\"8\",\"9\",\"10\",\"11\",\"12\",\"13\"]', '{\"1\":\"1\",\"1\":\"2\",\"2\":\"3\",\"2\":\"4\",\"3\":\"5\",\"3\":\"6\",\"3\":\"7\",\"3\":\"8\",\"3\":\"9\",\"4\":\"10\",\"4\":\"11\",\"4\":\"12\",\"5\":\"13\",\"5\":\"14\",\"5\":\"15\",\"6\":\"16\",\"6\":\"17\",\"6\":\"18\",\"6\":\"19\",\"7\":\"20\",\"8\":\"21\",\"9\":\"22\",\"10\":\"23\",\"10\":\"24\",\"10\":\"25\",\"11\":\"26\",\"11\":\"27\",\"12\":\"28\",\"12\":\"29\",\"13\":\"30\",\"13\":\"31\"}', NULL, '2018-05-30 14:46:17', NULL, '2018-06-04 15:09:05', NULL, NULL),
(8, 1, 1, 2, 'Dimla', 0.00, 0.00, '10145', 'Plabon Gift Korner', '[\"1\",\"2\",\"3\",\"4\",\"5\",\"6\",\"7\",\"8\",\"9\",\"10\",\"11\",\"12\",\"13\"]', '{\"1\":\"1\",\"1\":\"2\",\"2\":\"3\",\"2\":\"4\",\"3\":\"5\",\"3\":\"6\",\"3\":\"7\",\"3\":\"8\",\"3\":\"9\",\"4\":\"10\",\"4\":\"11\",\"4\":\"12\",\"5\":\"13\",\"5\":\"14\",\"5\":\"15\",\"6\":\"16\",\"6\":\"17\",\"6\":\"18\",\"6\":\"19\",\"7\":\"20\",\"8\":\"21\",\"9\":\"22\",\"10\":\"23\",\"10\":\"24\",\"10\":\"25\",\"11\":\"26\",\"11\":\"27\",\"12\":\"28\",\"12\":\"29\",\"13\":\"30\",\"13\":\"31\"}', NULL, '2018-05-30 14:46:17', NULL, '2018-06-04 15:09:05', NULL, NULL),
(9, 1, 2, 3, 'Rangpur-1', 0.00, 0.00, '10150', 'Nowshad Enterprise', '[\"1\",\"2\",\"3\",\"4\",\"5\",\"6\",\"7\",\"8\",\"9\",\"10\",\"11\",\"12\",\"13\"]', '{\"1\":\"1\",\"1\":\"2\",\"2\":\"3\",\"2\":\"4\",\"3\":\"5\",\"3\":\"6\",\"3\":\"7\",\"3\":\"8\",\"3\":\"9\",\"4\":\"10\",\"4\":\"11\",\"4\":\"12\",\"5\":\"13\",\"5\":\"14\",\"5\":\"15\",\"6\":\"16\",\"6\":\"17\",\"6\":\"18\",\"6\":\"19\",\"7\":\"20\",\"8\":\"21\",\"9\":\"22\",\"10\":\"23\",\"10\":\"24\",\"10\":\"25\",\"11\":\"26\",\"11\":\"27\",\"12\":\"28\",\"12\":\"29\",\"13\":\"30\",\"13\":\"31\"}', NULL, '2018-05-30 14:46:17', NULL, '2018-06-04 15:09:05', NULL, NULL),
(10, 1, 2, 3, 'Rangpur-2', 0.00, 0.00, '10155', 'Fatema Traders', '[\"1\",\"2\",\"3\",\"4\",\"5\",\"6\",\"7\",\"8\",\"9\",\"10\",\"11\",\"12\",\"13\"]', '{\"1\":\"1\",\"1\":\"2\",\"2\":\"3\",\"2\":\"4\",\"3\":\"5\",\"3\":\"6\",\"3\":\"7\",\"3\":\"8\",\"3\":\"9\",\"4\":\"10\",\"4\":\"11\",\"4\":\"12\",\"5\":\"13\",\"5\":\"14\",\"5\":\"15\",\"6\":\"16\",\"6\":\"17\",\"6\":\"18\",\"6\":\"19\",\"7\":\"20\",\"8\":\"21\",\"9\":\"22\",\"10\":\"23\",\"10\":\"24\",\"10\":\"25\",\"11\":\"26\",\"11\":\"27\",\"12\":\"28\",\"12\":\"29\",\"13\":\"30\",\"13\":\"31\"}', NULL, '2018-05-30 14:46:17', NULL, '2018-06-04 15:09:05', NULL, NULL),
(11, 1, 2, 3, 'Pirgonj', 0.00, 0.00, '10160', 'Mithila Traders', '[\"1\",\"2\",\"3\",\"4\",\"5\",\"6\",\"7\",\"8\",\"9\",\"10\",\"11\",\"12\",\"13\"]', '{\"1\":\"1\",\"1\":\"2\",\"2\":\"3\",\"2\":\"4\",\"3\":\"5\",\"3\":\"6\",\"3\":\"7\",\"3\":\"8\",\"3\":\"9\",\"4\":\"10\",\"4\":\"11\",\"4\":\"12\",\"5\":\"13\",\"5\":\"14\",\"5\":\"15\",\"6\":\"16\",\"6\":\"17\",\"6\":\"18\",\"6\":\"19\",\"7\":\"20\",\"8\":\"21\",\"9\":\"22\",\"10\":\"23\",\"10\":\"24\",\"10\":\"25\",\"11\":\"26\",\"11\":\"27\",\"12\":\"28\",\"12\":\"29\",\"13\":\"30\",\"13\":\"31\"}', NULL, '2018-05-30 14:46:17', NULL, '2018-06-04 15:09:06', NULL, NULL),
(12, 1, 2, 3, 'Pirgacha', 0.00, 0.00, '10165', 'Milon Enterprise', '[\"1\",\"2\",\"3\",\"4\",\"5\",\"6\",\"7\",\"8\",\"9\",\"10\",\"11\",\"12\",\"13\"]', '{\"1\":\"1\",\"1\":\"2\",\"2\":\"3\",\"2\":\"4\",\"3\":\"5\",\"3\":\"6\",\"3\":\"7\",\"3\":\"8\",\"3\":\"9\",\"4\":\"10\",\"4\":\"11\",\"4\":\"12\",\"5\":\"13\",\"5\":\"14\",\"5\":\"15\",\"6\":\"16\",\"6\":\"17\",\"6\":\"18\",\"6\":\"19\",\"7\":\"20\",\"8\":\"21\",\"9\":\"22\",\"10\":\"23\",\"10\":\"24\",\"10\":\"25\",\"11\":\"26\",\"11\":\"27\",\"12\":\"28\",\"12\":\"29\",\"13\":\"30\",\"13\":\"31\"}', NULL, '2018-05-30 14:46:17', NULL, '2018-06-04 15:09:06', NULL, NULL),
(13, 1, 2, 4, 'Lalmonirhat', 0.00, 0.00, '10180', 'Rafi Enterprise', '[\"1\",\"2\",\"3\",\"4\",\"5\",\"6\",\"7\",\"8\",\"9\",\"10\",\"11\",\"12\",\"13\"]', '{\"1\":\"1\",\"1\":\"2\",\"2\":\"3\",\"2\":\"4\",\"3\":\"5\",\"3\":\"6\",\"3\":\"7\",\"3\":\"8\",\"3\":\"9\",\"4\":\"10\",\"4\":\"11\",\"4\":\"12\",\"5\":\"13\",\"5\":\"14\",\"5\":\"15\",\"6\":\"16\",\"6\":\"17\",\"6\":\"18\",\"6\":\"19\",\"7\":\"20\",\"8\":\"21\",\"9\":\"22\",\"10\":\"23\",\"10\":\"24\",\"10\":\"25\",\"11\":\"26\",\"11\":\"27\",\"12\":\"28\",\"12\":\"29\",\"13\":\"30\",\"13\":\"31\"}', NULL, '2018-05-30 14:46:17', NULL, '2018-06-04 15:09:06', NULL, NULL),
(14, 1, 2, 4, 'Kurigram', 0.00, 0.00, '10170', 'Nurain Enterprise', '[\"1\",\"2\",\"3\",\"4\",\"5\",\"6\",\"7\",\"8\",\"9\",\"10\",\"11\",\"12\",\"13\"]', '{\"1\":\"1\",\"1\":\"2\",\"2\":\"3\",\"2\":\"4\",\"3\":\"5\",\"3\":\"6\",\"3\":\"7\",\"3\":\"8\",\"3\":\"9\",\"4\":\"10\",\"4\":\"11\",\"4\":\"12\",\"5\":\"13\",\"5\":\"14\",\"5\":\"15\",\"6\":\"16\",\"6\":\"17\",\"6\":\"18\",\"6\":\"19\",\"7\":\"20\",\"8\":\"21\",\"9\":\"22\",\"10\":\"23\",\"10\":\"24\",\"10\":\"25\",\"11\":\"26\",\"11\":\"27\",\"12\":\"28\",\"12\":\"29\",\"13\":\"30\",\"13\":\"31\"}', NULL, '2018-05-30 14:46:17', NULL, '2018-06-04 15:09:06', NULL, NULL),
(15, 1, 2, 4, 'Ulipur', 0.00, 0.00, '10175', 'Ayon Traders', '[\"1\",\"2\",\"3\",\"4\",\"5\",\"6\",\"7\",\"8\",\"9\",\"10\",\"11\",\"12\",\"13\"]', '{\"1\":\"1\",\"1\":\"2\",\"2\":\"3\",\"2\":\"4\",\"3\":\"5\",\"3\":\"6\",\"3\":\"7\",\"3\":\"8\",\"3\":\"9\",\"4\":\"10\",\"4\":\"11\",\"4\":\"12\",\"5\":\"13\",\"5\":\"14\",\"5\":\"15\",\"6\":\"16\",\"6\":\"17\",\"6\":\"18\",\"6\":\"19\",\"7\":\"20\",\"8\":\"21\",\"9\":\"22\",\"10\":\"23\",\"10\":\"24\",\"10\":\"25\",\"11\":\"26\",\"11\":\"27\",\"12\":\"28\",\"12\":\"29\",\"13\":\"30\",\"13\":\"31\"}', NULL, '2018-05-30 14:46:17', NULL, '2018-06-04 15:09:06', NULL, NULL),
(16, 1, 2, 4, 'Patgram', 0.00, 0.00, '10185', 'Madina Bekary', '[\"1\",\"2\",\"3\",\"4\",\"5\",\"6\",\"7\",\"8\",\"9\",\"10\",\"11\",\"12\",\"13\"]', '{\"1\":\"1\",\"1\":\"2\",\"2\":\"3\",\"2\":\"4\",\"3\":\"5\",\"3\":\"6\",\"3\":\"7\",\"3\":\"8\",\"3\":\"9\",\"4\":\"10\",\"4\":\"11\",\"4\":\"12\",\"5\":\"13\",\"5\":\"14\",\"5\":\"15\",\"6\":\"16\",\"6\":\"17\",\"6\":\"18\",\"6\":\"19\",\"7\":\"20\",\"8\":\"21\",\"9\":\"22\",\"10\":\"23\",\"10\":\"24\",\"10\":\"25\",\"11\":\"26\",\"11\":\"27\",\"12\":\"28\",\"12\":\"29\",\"13\":\"30\",\"13\":\"31\"}', NULL, '2018-05-30 14:46:17', NULL, '2018-06-04 15:09:06', NULL, NULL),
(17, 1, 3, 5, 'Joypurhat', 0.00, 0.00, '10190', ' Shahidul Traders', '[\"1\",\"2\",\"3\",\"4\",\"5\",\"6\",\"7\",\"8\",\"9\",\"10\",\"11\",\"12\",\"13\"]', '{\"1\":\"1\",\"1\":\"2\",\"2\":\"3\",\"2\":\"4\",\"3\":\"5\",\"3\":\"6\",\"3\":\"7\",\"3\":\"8\",\"3\":\"9\",\"4\":\"10\",\"4\":\"11\",\"4\":\"12\",\"5\":\"13\",\"5\":\"14\",\"5\":\"15\",\"6\":\"16\",\"6\":\"17\",\"6\":\"18\",\"6\":\"19\",\"7\":\"20\",\"8\":\"21\",\"9\":\"22\",\"10\":\"23\",\"10\":\"24\",\"10\":\"25\",\"11\":\"26\",\"11\":\"27\",\"12\":\"28\",\"12\":\"29\",\"13\":\"30\",\"13\":\"31\"}', NULL, '2018-05-30 14:46:17', NULL, '2018-06-04 15:09:06', NULL, NULL),
(18, 1, 3, 5, 'Panchbibi', 0.00, 0.00, '10210', 'Tojammel Hossain', '[\"1\",\"2\",\"3\",\"4\",\"5\",\"6\",\"7\",\"8\",\"9\",\"10\",\"11\",\"12\",\"13\"]', '{\"1\":\"1\",\"1\":\"2\",\"2\":\"3\",\"2\":\"4\",\"3\":\"5\",\"3\":\"6\",\"3\":\"7\",\"3\":\"8\",\"3\":\"9\",\"4\":\"10\",\"4\":\"11\",\"4\":\"12\",\"5\":\"13\",\"5\":\"14\",\"5\":\"15\",\"6\":\"16\",\"6\":\"17\",\"6\":\"18\",\"6\":\"19\",\"7\":\"20\",\"8\":\"21\",\"9\":\"22\",\"10\":\"23\",\"10\":\"24\",\"10\":\"25\",\"11\":\"26\",\"11\":\"27\",\"12\":\"28\",\"12\":\"29\",\"13\":\"30\",\"13\":\"31\"}', NULL, '2018-05-30 14:46:17', NULL, '2018-06-04 15:09:06', NULL, NULL),
(19, 1, 3, 6, 'Gaibandah-2', 0.00, 0.00, '10200', 'Ava Enterprise', '[\"1\",\"2\",\"3\",\"4\",\"5\",\"6\",\"7\",\"8\",\"9\",\"10\",\"11\",\"12\",\"13\"]', '{\"1\":\"1\",\"1\":\"2\",\"2\":\"3\",\"2\":\"4\",\"3\":\"5\",\"3\":\"6\",\"3\":\"7\",\"3\":\"8\",\"3\":\"9\",\"4\":\"10\",\"4\":\"11\",\"4\":\"12\",\"5\":\"13\",\"5\":\"14\",\"5\":\"15\",\"6\":\"16\",\"6\":\"17\",\"6\":\"18\",\"6\":\"19\",\"7\":\"20\",\"8\":\"21\",\"9\":\"22\",\"10\":\"23\",\"10\":\"24\",\"10\":\"25\",\"11\":\"26\",\"11\":\"27\",\"12\":\"28\",\"12\":\"29\",\"13\":\"30\",\"13\":\"31\"}', NULL, '2018-05-30 14:46:17', NULL, '2018-06-04 15:09:06', NULL, NULL),
(20, 1, 3, 6, 'Gaibandah-1', 0.00, 0.00, '10195', 'Bismillah Store', '[\"1\",\"2\",\"3\",\"4\",\"5\",\"6\",\"7\",\"8\",\"9\",\"10\",\"11\",\"12\",\"13\"]', '{\"1\":\"1\",\"1\":\"2\",\"2\":\"3\",\"2\":\"4\",\"3\":\"5\",\"3\":\"6\",\"3\":\"7\",\"3\":\"8\",\"3\":\"9\",\"4\":\"10\",\"4\":\"11\",\"4\":\"12\",\"5\":\"13\",\"5\":\"14\",\"5\":\"15\",\"6\":\"16\",\"6\":\"17\",\"6\":\"18\",\"6\":\"19\",\"7\":\"20\",\"8\":\"21\",\"9\":\"22\",\"10\":\"23\",\"10\":\"24\",\"10\":\"25\",\"11\":\"26\",\"11\":\"27\",\"12\":\"28\",\"12\":\"29\",\"13\":\"30\",\"13\":\"31\"}', NULL, '2018-05-30 14:46:17', NULL, '2018-06-04 15:09:06', NULL, NULL),
(21, 1, 3, 6, 'Gobindogonj', 0.00, 0.00, '10205', 'Afrid Enterprise', '[\"1\",\"2\",\"3\",\"4\",\"5\",\"6\",\"7\",\"8\",\"9\",\"10\",\"11\",\"12\",\"13\"]', '{\"1\":\"1\",\"1\":\"2\",\"2\":\"3\",\"2\":\"4\",\"3\":\"5\",\"3\":\"6\",\"3\":\"7\",\"3\":\"8\",\"3\":\"9\",\"4\":\"10\",\"4\":\"11\",\"4\":\"12\",\"5\":\"13\",\"5\":\"14\",\"5\":\"15\",\"6\":\"16\",\"6\":\"17\",\"6\":\"18\",\"6\":\"19\",\"7\":\"20\",\"8\":\"21\",\"9\":\"22\",\"10\":\"23\",\"10\":\"24\",\"10\":\"25\",\"11\":\"26\",\"11\":\"27\",\"12\":\"28\",\"12\":\"29\",\"13\":\"30\",\"13\":\"31\"}', NULL, '2018-05-30 14:46:17', NULL, '2018-06-04 15:09:06', NULL, NULL),
(22, 2, 4, 7, 'Bogra Sadar ', 0.00, 0.00, '15110', 'Sarker Traders', '[\"1\",\"2\",\"3\",\"4\",\"5\",\"6\",\"7\",\"8\",\"9\",\"10\",\"11\",\"12\",\"13\"]', '{\"1\":\"1\",\"1\":\"2\",\"2\":\"3\",\"2\":\"4\",\"3\":\"5\",\"3\":\"6\",\"3\":\"7\",\"3\":\"8\",\"3\":\"9\",\"4\":\"10\",\"4\":\"11\",\"4\":\"12\",\"5\":\"13\",\"5\":\"14\",\"5\":\"15\",\"6\":\"16\",\"6\":\"17\",\"6\":\"18\",\"6\":\"19\",\"7\":\"20\",\"8\":\"21\",\"9\":\"22\",\"10\":\"23\",\"10\":\"24\",\"10\":\"25\",\"11\":\"26\",\"11\":\"27\",\"12\":\"28\",\"12\":\"29\",\"13\":\"30\",\"13\":\"31\"}', NULL, '2018-05-30 14:46:17', NULL, '2018-06-04 15:09:06', NULL, NULL),
(23, 2, 4, 7, 'Gabtoli', 0.00, 0.00, '15115', 'Siddik Enterprise', '[\"1\",\"2\",\"3\",\"4\",\"5\",\"6\",\"7\",\"8\",\"9\",\"10\",\"11\",\"12\",\"13\"]', '{\"1\":\"1\",\"1\":\"2\",\"2\":\"3\",\"2\":\"4\",\"3\":\"5\",\"3\":\"6\",\"3\":\"7\",\"3\":\"8\",\"3\":\"9\",\"4\":\"10\",\"4\":\"11\",\"4\":\"12\",\"5\":\"13\",\"5\":\"14\",\"5\":\"15\",\"6\":\"16\",\"6\":\"17\",\"6\":\"18\",\"6\":\"19\",\"7\":\"20\",\"8\":\"21\",\"9\":\"22\",\"10\":\"23\",\"10\":\"24\",\"10\":\"25\",\"11\":\"26\",\"11\":\"27\",\"12\":\"28\",\"12\":\"29\",\"13\":\"30\",\"13\":\"31\"}', NULL, '2018-05-30 14:46:17', NULL, '2018-06-04 15:09:06', NULL, NULL),
(24, 2, 4, 7, 'Sherpur ', 0.00, 0.00, '15125', 'Sarker Enterprise', '[\"1\",\"2\",\"3\",\"4\",\"5\",\"6\",\"7\",\"8\",\"9\",\"10\",\"11\",\"12\",\"13\"]', '{\"1\":\"1\",\"1\":\"2\",\"2\":\"3\",\"2\":\"4\",\"3\":\"5\",\"3\":\"6\",\"3\":\"7\",\"3\":\"8\",\"3\":\"9\",\"4\":\"10\",\"4\":\"11\",\"4\":\"12\",\"5\":\"13\",\"5\":\"14\",\"5\":\"15\",\"6\":\"16\",\"6\":\"17\",\"6\":\"18\",\"6\":\"19\",\"7\":\"20\",\"8\":\"21\",\"9\":\"22\",\"10\":\"23\",\"10\":\"24\",\"10\":\"25\",\"11\":\"26\",\"11\":\"27\",\"12\":\"28\",\"12\":\"29\",\"13\":\"30\",\"13\":\"31\"}', NULL, '2018-05-30 14:46:17', NULL, '2018-06-04 15:09:06', NULL, NULL),
(25, 2, 4, 8, 'Mohasthan ', 0.00, 0.00, '15120', 'Sharif Enterprise', '[\"1\",\"2\",\"3\",\"4\",\"5\",\"6\",\"7\",\"8\",\"9\",\"10\",\"11\",\"12\",\"13\"]', '{\"1\":\"1\",\"1\":\"2\",\"2\":\"3\",\"2\":\"4\",\"3\":\"5\",\"3\":\"6\",\"3\":\"7\",\"3\":\"8\",\"3\":\"9\",\"4\":\"10\",\"4\":\"11\",\"4\":\"12\",\"5\":\"13\",\"5\":\"14\",\"5\":\"15\",\"6\":\"16\",\"6\":\"17\",\"6\":\"18\",\"6\":\"19\",\"7\":\"20\",\"8\":\"21\",\"9\":\"22\",\"10\":\"23\",\"10\":\"24\",\"10\":\"25\",\"11\":\"26\",\"11\":\"27\",\"12\":\"28\",\"12\":\"29\",\"13\":\"30\",\"13\":\"31\"}', NULL, '2018-05-30 14:46:17', NULL, '2018-06-04 15:09:06', NULL, NULL),
(26, 2, 4, 8, 'Dupchachia ', 0.00, 0.00, '15130', 'Vai Vai Rice & Boilar Mills', '[\"1\",\"2\",\"3\",\"4\",\"5\",\"6\",\"7\",\"8\",\"9\",\"10\",\"11\",\"12\",\"13\"]', '{\"1\":\"1\",\"1\":\"2\",\"2\":\"3\",\"2\":\"4\",\"3\":\"5\",\"3\":\"6\",\"3\":\"7\",\"3\":\"8\",\"3\":\"9\",\"4\":\"10\",\"4\":\"11\",\"4\":\"12\",\"5\":\"13\",\"5\":\"14\",\"5\":\"15\",\"6\":\"16\",\"6\":\"17\",\"6\":\"18\",\"6\":\"19\",\"7\":\"20\",\"8\":\"21\",\"9\":\"22\",\"10\":\"23\",\"10\":\"24\",\"10\":\"25\",\"11\":\"26\",\"11\":\"27\",\"12\":\"28\",\"12\":\"29\",\"13\":\"30\",\"13\":\"31\"}', NULL, '2018-05-30 14:46:17', NULL, '2018-06-04 15:09:06', NULL, NULL),
(27, 2, 4, 8, 'Nondigram', 0.00, 0.00, '15135', 'Chacha Vatiga Traders', '[\"1\",\"2\",\"3\",\"4\",\"5\",\"6\",\"7\",\"8\",\"9\",\"10\",\"11\",\"12\",\"13\"]', '{\"1\":\"1\",\"1\":\"2\",\"2\":\"3\",\"2\":\"4\",\"3\":\"5\",\"3\":\"6\",\"3\":\"7\",\"3\":\"8\",\"3\":\"9\",\"4\":\"10\",\"4\":\"11\",\"4\":\"12\",\"5\":\"13\",\"5\":\"14\",\"5\":\"15\",\"6\":\"16\",\"6\":\"17\",\"6\":\"18\",\"6\":\"19\",\"7\":\"20\",\"8\":\"21\",\"9\":\"22\",\"10\":\"23\",\"10\":\"24\",\"10\":\"25\",\"11\":\"26\",\"11\":\"27\",\"12\":\"28\",\"12\":\"29\",\"13\":\"30\",\"13\":\"31\"}', NULL, '2018-05-30 14:46:17', NULL, '2018-06-04 15:09:06', NULL, NULL),
(28, 2, 5, 9, 'Rajsahi-1 ', 0.00, 0.00, '15145', 'Soma Construction', '[\"1\",\"2\",\"3\",\"4\",\"5\",\"6\",\"7\",\"8\",\"9\",\"10\",\"11\",\"12\",\"13\"]', '{\"1\":\"1\",\"1\":\"2\",\"2\":\"3\",\"2\":\"4\",\"3\":\"5\",\"3\":\"6\",\"3\":\"7\",\"3\":\"8\",\"3\":\"9\",\"4\":\"10\",\"4\":\"11\",\"4\":\"12\",\"5\":\"13\",\"5\":\"14\",\"5\":\"15\",\"6\":\"16\",\"6\":\"17\",\"6\":\"18\",\"6\":\"19\",\"7\":\"20\",\"8\":\"21\",\"9\":\"22\",\"10\":\"23\",\"10\":\"24\",\"10\":\"25\",\"11\":\"26\",\"11\":\"27\",\"12\":\"28\",\"12\":\"29\",\"13\":\"30\",\"13\":\"31\"}', NULL, '2018-05-30 14:46:17', NULL, '2018-06-04 15:09:06', NULL, NULL),
(29, 2, 5, 9, 'Kessorhat ', 0.00, 0.00, '15150', 'Sadia fall Vander', '[\"1\",\"2\",\"3\",\"4\",\"5\",\"6\",\"7\",\"8\",\"9\",\"10\",\"11\",\"12\",\"13\"]', '{\"1\":\"1\",\"1\":\"2\",\"2\":\"3\",\"2\":\"4\",\"3\":\"5\",\"3\":\"6\",\"3\":\"7\",\"3\":\"8\",\"3\":\"9\",\"4\":\"10\",\"4\":\"11\",\"4\":\"12\",\"5\":\"13\",\"5\":\"14\",\"5\":\"15\",\"6\":\"16\",\"6\":\"17\",\"6\":\"18\",\"6\":\"19\",\"7\":\"20\",\"8\":\"21\",\"9\":\"22\",\"10\":\"23\",\"10\":\"24\",\"10\":\"25\",\"11\":\"26\",\"11\":\"27\",\"12\":\"28\",\"12\":\"29\",\"13\":\"30\",\"13\":\"31\"}', NULL, '2018-05-30 14:46:17', NULL, '2018-06-04 15:09:06', NULL, NULL),
(30, 2, 5, 9, 'Bagha ', 0.00, 0.00, '15180', 'No Dist.', '[\"1\",\"2\",\"3\",\"4\",\"5\",\"6\",\"7\",\"8\",\"9\",\"10\",\"11\",\"12\",\"13\"]', '{\"1\":\"1\",\"1\":\"2\",\"2\":\"3\",\"2\":\"4\",\"3\":\"5\",\"3\":\"6\",\"3\":\"7\",\"3\":\"8\",\"3\":\"9\",\"4\":\"10\",\"4\":\"11\",\"4\":\"12\",\"5\":\"13\",\"5\":\"14\",\"5\":\"15\",\"6\":\"16\",\"6\":\"17\",\"6\":\"18\",\"6\":\"19\",\"7\":\"20\",\"8\":\"21\",\"9\":\"22\",\"10\":\"23\",\"10\":\"24\",\"10\":\"25\",\"11\":\"26\",\"11\":\"27\",\"12\":\"28\",\"12\":\"29\",\"13\":\"30\",\"13\":\"31\"}', NULL, '2018-05-30 14:46:17', NULL, '2018-06-04 15:09:06', NULL, NULL),
(31, 2, 5, 10, 'Godagari ', 0.00, 0.00, '15140', 'Akhey Enterprise', '[\"1\",\"2\",\"3\",\"4\",\"5\",\"6\",\"7\",\"8\",\"9\",\"10\",\"11\",\"12\",\"13\"]', '{\"1\":\"1\",\"1\":\"2\",\"2\":\"3\",\"2\":\"4\",\"3\":\"5\",\"3\":\"6\",\"3\":\"7\",\"3\":\"8\",\"3\":\"9\",\"4\":\"10\",\"4\":\"11\",\"4\":\"12\",\"5\":\"13\",\"5\":\"14\",\"5\":\"15\",\"6\":\"16\",\"6\":\"17\",\"6\":\"18\",\"6\":\"19\",\"7\":\"20\",\"8\":\"21\",\"9\":\"22\",\"10\":\"23\",\"10\":\"24\",\"10\":\"25\",\"11\":\"26\",\"11\":\"27\",\"12\":\"28\",\"12\":\"29\",\"13\":\"30\",\"13\":\"31\"}', NULL, '2018-05-30 14:46:17', NULL, '2018-06-04 15:09:06', NULL, NULL),
(32, 2, 5, 10, 'Chapai Nawabgonj ', 0.00, 0.00, '15155', 'Zaman Enterprise', '[\"1\",\"2\",\"3\",\"4\",\"5\",\"6\",\"7\",\"8\",\"9\",\"10\",\"11\",\"12\",\"13\"]', '{\"1\":\"1\",\"1\":\"2\",\"2\":\"3\",\"2\":\"4\",\"3\":\"5\",\"3\":\"6\",\"3\":\"7\",\"3\":\"8\",\"3\":\"9\",\"4\":\"10\",\"4\":\"11\",\"4\":\"12\",\"5\":\"13\",\"5\":\"14\",\"5\":\"15\",\"6\":\"16\",\"6\":\"17\",\"6\":\"18\",\"6\":\"19\",\"7\":\"20\",\"8\":\"21\",\"9\":\"22\",\"10\":\"23\",\"10\":\"24\",\"10\":\"25\",\"11\":\"26\",\"11\":\"27\",\"12\":\"28\",\"12\":\"29\",\"13\":\"30\",\"13\":\"31\"}', NULL, '2018-05-30 14:46:17', NULL, '2018-06-04 15:09:06', NULL, NULL),
(33, 2, 5, 10, 'Kanset', 0.00, 0.00, '15160', 'Chapai Agro Food ', '[\"1\",\"2\",\"3\",\"4\",\"5\",\"6\",\"7\",\"8\",\"9\",\"10\",\"11\",\"12\",\"13\"]', '{\"1\":\"1\",\"1\":\"2\",\"2\":\"3\",\"2\":\"4\",\"3\":\"5\",\"3\":\"6\",\"3\":\"7\",\"3\":\"8\",\"3\":\"9\",\"4\":\"10\",\"4\":\"11\",\"4\":\"12\",\"5\":\"13\",\"5\":\"14\",\"5\":\"15\",\"6\":\"16\",\"6\":\"17\",\"6\":\"18\",\"6\":\"19\",\"7\":\"20\",\"8\":\"21\",\"9\":\"22\",\"10\":\"23\",\"10\":\"24\",\"10\":\"25\",\"11\":\"26\",\"11\":\"27\",\"12\":\"28\",\"12\":\"29\",\"13\":\"30\",\"13\":\"31\"}', NULL, '2018-05-30 14:46:17', NULL, '2018-06-04 15:09:07', NULL, NULL),
(34, 2, 6, 11, 'Naogoan ', 0.00, 0.00, '15190', 'Sufi Traders', '[\"1\",\"2\",\"3\",\"4\",\"5\",\"6\",\"7\",\"8\",\"9\",\"10\",\"11\",\"12\",\"13\"]', '{\"1\":\"1\",\"1\":\"2\",\"2\":\"3\",\"2\":\"4\",\"3\":\"5\",\"3\":\"6\",\"3\":\"7\",\"3\":\"8\",\"3\":\"9\",\"4\":\"10\",\"4\":\"11\",\"4\":\"12\",\"5\":\"13\",\"5\":\"14\",\"5\":\"15\",\"6\":\"16\",\"6\":\"17\",\"6\":\"18\",\"6\":\"19\",\"7\":\"20\",\"8\":\"21\",\"9\":\"22\",\"10\":\"23\",\"10\":\"24\",\"10\":\"25\",\"11\":\"26\",\"11\":\"27\",\"12\":\"28\",\"12\":\"29\",\"13\":\"30\",\"13\":\"31\"}', NULL, '2018-05-30 14:46:17', NULL, '2018-06-04 15:09:07', NULL, NULL),
(35, 2, 6, 11, 'Nazipur ', 0.00, 0.00, '15195', 'Fatema Enterprise', '[\"1\",\"2\",\"3\",\"4\",\"5\",\"6\",\"7\",\"8\",\"9\",\"10\",\"11\",\"12\",\"13\"]', '{\"1\":\"1\",\"1\":\"2\",\"2\":\"3\",\"2\":\"4\",\"3\":\"5\",\"3\":\"6\",\"3\":\"7\",\"3\":\"8\",\"3\":\"9\",\"4\":\"10\",\"4\":\"11\",\"4\":\"12\",\"5\":\"13\",\"5\":\"14\",\"5\":\"15\",\"6\":\"16\",\"6\":\"17\",\"6\":\"18\",\"6\":\"19\",\"7\":\"20\",\"8\":\"21\",\"9\":\"22\",\"10\":\"23\",\"10\":\"24\",\"10\":\"25\",\"11\":\"26\",\"11\":\"27\",\"12\":\"28\",\"12\":\"29\",\"13\":\"30\",\"13\":\"31\"}', NULL, '2018-05-30 14:46:17', NULL, '2018-06-04 15:09:07', NULL, NULL),
(36, 2, 6, 11, 'Nowhata ', 0.00, 0.00, '15200', 'Kona Store', '[\"1\",\"2\",\"3\",\"4\",\"5\",\"6\",\"7\",\"8\",\"9\",\"10\",\"11\",\"12\",\"13\"]', '{\"1\":\"1\",\"1\":\"2\",\"2\":\"3\",\"2\":\"4\",\"3\":\"5\",\"3\":\"6\",\"3\":\"7\",\"3\":\"8\",\"3\":\"9\",\"4\":\"10\",\"4\":\"11\",\"4\":\"12\",\"5\":\"13\",\"5\":\"14\",\"5\":\"15\",\"6\":\"16\",\"6\":\"17\",\"6\":\"18\",\"6\":\"19\",\"7\":\"20\",\"8\":\"21\",\"9\":\"22\",\"10\":\"23\",\"10\":\"24\",\"10\":\"25\",\"11\":\"26\",\"11\":\"27\",\"12\":\"28\",\"12\":\"29\",\"13\":\"30\",\"13\":\"31\"}', NULL, '2018-05-30 14:46:17', NULL, '2018-06-04 15:09:07', NULL, NULL),
(37, 2, 6, 12, 'Natore', 0.00, 0.00, '15165', 'Sorna Store', '[\"1\",\"2\",\"3\",\"4\",\"5\",\"6\",\"7\",\"8\",\"9\",\"10\",\"11\",\"12\",\"13\"]', '{\"1\":\"1\",\"1\":\"2\",\"2\":\"3\",\"2\":\"4\",\"3\":\"5\",\"3\":\"6\",\"3\":\"7\",\"3\":\"8\",\"3\":\"9\",\"4\":\"10\",\"4\":\"11\",\"4\":\"12\",\"5\":\"13\",\"5\":\"14\",\"5\":\"15\",\"6\":\"16\",\"6\":\"17\",\"6\":\"18\",\"6\":\"19\",\"7\":\"20\",\"8\":\"21\",\"9\":\"22\",\"10\":\"23\",\"10\":\"24\",\"10\":\"25\",\"11\":\"26\",\"11\":\"27\",\"12\":\"28\",\"12\":\"29\",\"13\":\"30\",\"13\":\"31\"}', NULL, '2018-05-30 14:46:17', NULL, '2018-06-04 15:09:07', NULL, NULL),
(38, 2, 6, 12, 'Singra ', 0.00, 0.00, '15170', 'S.K Traders', '[\"1\",\"2\",\"3\",\"4\",\"5\",\"6\",\"7\",\"8\",\"9\",\"10\",\"11\",\"12\",\"13\"]', '{\"1\":\"1\",\"1\":\"2\",\"2\":\"3\",\"2\":\"4\",\"3\":\"5\",\"3\":\"6\",\"3\":\"7\",\"3\":\"8\",\"3\":\"9\",\"4\":\"10\",\"4\":\"11\",\"4\":\"12\",\"5\":\"13\",\"5\":\"14\",\"5\":\"15\",\"6\":\"16\",\"6\":\"17\",\"6\":\"18\",\"6\":\"19\",\"7\":\"20\",\"8\":\"21\",\"9\":\"22\",\"10\":\"23\",\"10\":\"24\",\"10\":\"25\",\"11\":\"26\",\"11\":\"27\",\"12\":\"28\",\"12\":\"29\",\"13\":\"30\",\"13\":\"31\"}', NULL, '2018-05-30 14:46:17', NULL, '2018-06-04 15:09:07', NULL, NULL),
(39, 2, 6, 12, 'Atrai ', 0.00, 0.00, '15205', 'Sarwer Verity Store', '[\"1\",\"2\",\"3\",\"4\",\"5\",\"6\",\"7\",\"8\",\"9\",\"10\",\"11\",\"12\",\"13\"]', '{\"1\":\"1\",\"1\":\"2\",\"2\":\"3\",\"2\":\"4\",\"3\":\"5\",\"3\":\"6\",\"3\":\"7\",\"3\":\"8\",\"3\":\"9\",\"4\":\"10\",\"4\":\"11\",\"4\":\"12\",\"5\":\"13\",\"5\":\"14\",\"5\":\"15\",\"6\":\"16\",\"6\":\"17\",\"6\":\"18\",\"6\":\"19\",\"7\":\"20\",\"8\":\"21\",\"9\":\"22\",\"10\":\"23\",\"10\":\"24\",\"10\":\"25\",\"11\":\"26\",\"11\":\"27\",\"12\":\"28\",\"12\":\"29\",\"13\":\"30\",\"13\":\"31\"}', NULL, '2018-05-30 14:46:17', NULL, '2018-06-04 15:09:07', NULL, NULL),
(40, 2, 7, 13, 'Pabna-1 ', 0.00, 0.00, '15210', 'S.S Trading', '[\"1\",\"2\",\"3\",\"4\",\"5\",\"6\",\"7\",\"8\",\"9\",\"10\",\"11\",\"12\",\"13\"]', '{\"1\":\"1\",\"1\":\"2\",\"2\":\"3\",\"2\":\"4\",\"3\":\"5\",\"3\":\"6\",\"3\":\"7\",\"3\":\"8\",\"3\":\"9\",\"4\":\"10\",\"4\":\"11\",\"4\":\"12\",\"5\":\"13\",\"5\":\"14\",\"5\":\"15\",\"6\":\"16\",\"6\":\"17\",\"6\":\"18\",\"6\":\"19\",\"7\":\"20\",\"8\":\"21\",\"9\":\"22\",\"10\":\"23\",\"10\":\"24\",\"10\":\"25\",\"11\":\"26\",\"11\":\"27\",\"12\":\"28\",\"12\":\"29\",\"13\":\"30\",\"13\":\"31\"}', NULL, '2018-05-30 14:46:17', NULL, '2018-06-04 15:09:07', NULL, NULL),
(41, 2, 7, 13, 'Bera', 0.00, 0.00, '15220', 'Naim Traders', '[\"1\",\"2\",\"3\",\"4\",\"5\",\"6\",\"7\",\"8\",\"9\",\"10\",\"11\",\"12\",\"13\"]', '{\"1\":\"1\",\"1\":\"2\",\"2\":\"3\",\"2\":\"4\",\"3\":\"5\",\"3\":\"6\",\"3\":\"7\",\"3\":\"8\",\"3\":\"9\",\"4\":\"10\",\"4\":\"11\",\"4\":\"12\",\"5\":\"13\",\"5\":\"14\",\"5\":\"15\",\"6\":\"16\",\"6\":\"17\",\"6\":\"18\",\"6\":\"19\",\"7\":\"20\",\"8\":\"21\",\"9\":\"22\",\"10\":\"23\",\"10\":\"24\",\"10\":\"25\",\"11\":\"26\",\"11\":\"27\",\"12\":\"28\",\"12\":\"29\",\"13\":\"30\",\"13\":\"31\"}', NULL, '2018-05-30 14:46:17', NULL, '2018-06-04 15:09:07', NULL, NULL),
(42, 2, 7, 13, 'Nazirgonj', 0.00, 0.00, '15225', 'Fatema Traders', '[\"1\",\"2\",\"3\",\"4\",\"5\",\"6\",\"7\",\"8\",\"9\",\"10\",\"11\",\"12\",\"13\"]', '{\"1\":\"1\",\"1\":\"2\",\"2\":\"3\",\"2\":\"4\",\"3\":\"5\",\"3\":\"6\",\"3\":\"7\",\"3\":\"8\",\"3\":\"9\",\"4\":\"10\",\"4\":\"11\",\"4\":\"12\",\"5\":\"13\",\"5\":\"14\",\"5\":\"15\",\"6\":\"16\",\"6\":\"17\",\"6\":\"18\",\"6\":\"19\",\"7\":\"20\",\"8\":\"21\",\"9\":\"22\",\"10\":\"23\",\"10\":\"24\",\"10\":\"25\",\"11\":\"26\",\"11\":\"27\",\"12\":\"28\",\"12\":\"29\",\"13\":\"30\",\"13\":\"31\"}', NULL, '2018-05-30 14:46:17', NULL, '2018-06-04 15:09:07', NULL, NULL),
(43, 2, 7, 14, 'Pabna-2 ', 0.00, 0.00, '15215', 'New Haque Traders', '[\"1\",\"2\",\"3\",\"4\",\"5\",\"6\",\"7\",\"8\",\"9\",\"10\",\"11\",\"12\",\"13\"]', '{\"1\":\"1\",\"1\":\"2\",\"2\":\"3\",\"2\":\"4\",\"3\":\"5\",\"3\":\"6\",\"3\":\"7\",\"3\":\"8\",\"3\":\"9\",\"4\":\"10\",\"4\":\"11\",\"4\":\"12\",\"5\":\"13\",\"5\":\"14\",\"5\":\"15\",\"6\":\"16\",\"6\":\"17\",\"6\":\"18\",\"6\":\"19\",\"7\":\"20\",\"8\":\"21\",\"9\":\"22\",\"10\":\"23\",\"10\":\"24\",\"10\":\"25\",\"11\":\"26\",\"11\":\"27\",\"12\":\"28\",\"12\":\"29\",\"13\":\"30\",\"13\":\"31\"}', NULL, '2018-05-30 14:46:17', NULL, '2018-06-04 15:09:07', NULL, NULL),
(44, 2, 7, 14, 'Bonpara', 0.00, 0.00, '15175', 'Reza Traders', '[\"1\",\"2\",\"3\",\"4\",\"5\",\"6\",\"7\",\"8\",\"9\",\"10\",\"11\",\"12\",\"13\"]', '{\"1\":\"1\",\"1\":\"2\",\"2\":\"3\",\"2\":\"4\",\"3\":\"5\",\"3\":\"6\",\"3\":\"7\",\"3\":\"8\",\"3\":\"9\",\"4\":\"10\",\"4\":\"11\",\"4\":\"12\",\"5\":\"13\",\"5\":\"14\",\"5\":\"15\",\"6\":\"16\",\"6\":\"17\",\"6\":\"18\",\"6\":\"19\",\"7\":\"20\",\"8\":\"21\",\"9\":\"22\",\"10\":\"23\",\"10\":\"24\",\"10\":\"25\",\"11\":\"26\",\"11\":\"27\",\"12\":\"28\",\"12\":\"29\",\"13\":\"30\",\"13\":\"31\"}', NULL, '2018-05-30 14:46:17', NULL, '2018-06-04 15:09:07', NULL, NULL),
(45, 2, 7, 14, 'Ishwardi', 0.00, 0.00, '15185', 'BNF Trading', '[\"1\",\"2\",\"3\",\"4\",\"5\",\"6\",\"7\",\"8\",\"9\",\"10\",\"11\",\"12\",\"13\"]', '{\"1\":\"1\",\"1\":\"2\",\"2\":\"3\",\"2\":\"4\",\"3\":\"5\",\"3\":\"6\",\"3\":\"7\",\"3\":\"8\",\"3\":\"9\",\"4\":\"10\",\"4\":\"11\",\"4\":\"12\",\"5\":\"13\",\"5\":\"14\",\"5\":\"15\",\"6\":\"16\",\"6\":\"17\",\"6\":\"18\",\"6\":\"19\",\"7\":\"20\",\"8\":\"21\",\"9\":\"22\",\"10\":\"23\",\"10\":\"24\",\"10\":\"25\",\"11\":\"26\",\"11\":\"27\",\"12\":\"28\",\"12\":\"29\",\"13\":\"30\",\"13\":\"31\"}', NULL, '2018-05-30 14:46:17', NULL, '2018-06-04 15:09:07', NULL, NULL),
(46, 2, 8, 15, 'Sirajgonj ', 0.00, 0.00, '15230', 'Faruk Traders', '[\"1\",\"2\",\"3\",\"4\",\"5\",\"6\",\"7\",\"8\",\"9\",\"10\",\"11\",\"12\",\"13\"]', '{\"1\":\"1\",\"1\":\"2\",\"2\":\"3\",\"2\":\"4\",\"3\":\"5\",\"3\":\"6\",\"3\":\"7\",\"3\":\"8\",\"3\":\"9\",\"4\":\"10\",\"4\":\"11\",\"4\":\"12\",\"5\":\"13\",\"5\":\"14\",\"5\":\"15\",\"6\":\"16\",\"6\":\"17\",\"6\":\"18\",\"6\":\"19\",\"7\":\"20\",\"8\":\"21\",\"9\":\"22\",\"10\":\"23\",\"10\":\"24\",\"10\":\"25\",\"11\":\"26\",\"11\":\"27\",\"12\":\"28\",\"12\":\"29\",\"13\":\"30\",\"13\":\"31\"}', NULL, '2018-05-30 14:46:17', NULL, '2018-06-04 15:09:07', NULL, NULL),
(47, 2, 8, 15, 'Sirajgonj Road ', 0.00, 0.00, '15235', 'Green Chillis Resturant', '[\"1\",\"2\",\"3\",\"4\",\"5\",\"6\",\"7\",\"8\",\"9\",\"10\",\"11\",\"12\",\"13\"]', '{\"1\":\"1\",\"1\":\"2\",\"2\":\"3\",\"2\":\"4\",\"3\":\"5\",\"3\":\"6\",\"3\":\"7\",\"3\":\"8\",\"3\":\"9\",\"4\":\"10\",\"4\":\"11\",\"4\":\"12\",\"5\":\"13\",\"5\":\"14\",\"5\":\"15\",\"6\":\"16\",\"6\":\"17\",\"6\":\"18\",\"6\":\"19\",\"7\":\"20\",\"8\":\"21\",\"9\":\"22\",\"10\":\"23\",\"10\":\"24\",\"10\":\"25\",\"11\":\"26\",\"11\":\"27\",\"12\":\"28\",\"12\":\"29\",\"13\":\"30\",\"13\":\"31\"}', NULL, '2018-05-30 14:46:17', NULL, '2018-06-04 15:09:07', NULL, NULL),
(48, 2, 8, 16, 'Ullapara ', 0.00, 0.00, '15240', 'Fardin Trade Center', '[\"1\",\"2\",\"3\",\"4\",\"5\",\"6\",\"7\",\"8\",\"9\",\"10\",\"11\",\"12\",\"13\"]', '{\"1\":\"1\",\"1\":\"2\",\"2\":\"3\",\"2\":\"4\",\"3\":\"5\",\"3\":\"6\",\"3\":\"7\",\"3\":\"8\",\"3\":\"9\",\"4\":\"10\",\"4\":\"11\",\"4\":\"12\",\"5\":\"13\",\"5\":\"14\",\"5\":\"15\",\"6\":\"16\",\"6\":\"17\",\"6\":\"18\",\"6\":\"19\",\"7\":\"20\",\"8\":\"21\",\"9\":\"22\",\"10\":\"23\",\"10\":\"24\",\"10\":\"25\",\"11\":\"26\",\"11\":\"27\",\"12\":\"28\",\"12\":\"29\",\"13\":\"30\",\"13\":\"31\"}', NULL, '2018-05-30 14:46:17', NULL, '2018-06-04 15:09:07', NULL, NULL),
(49, 2, 8, 16, 'Shajadpur', 0.00, 0.00, '15245', 'Eva Enterprise', '[\"1\",\"2\",\"3\",\"4\",\"5\",\"6\",\"7\",\"8\",\"9\",\"10\",\"11\",\"12\",\"13\"]', '{\"1\":\"1\",\"1\":\"2\",\"2\":\"3\",\"2\":\"4\",\"3\":\"5\",\"3\":\"6\",\"3\":\"7\",\"3\":\"8\",\"3\":\"9\",\"4\":\"10\",\"4\":\"11\",\"4\":\"12\",\"5\":\"13\",\"5\":\"14\",\"5\":\"15\",\"6\":\"16\",\"6\":\"17\",\"6\":\"18\",\"6\":\"19\",\"7\":\"20\",\"8\":\"21\",\"9\":\"22\",\"10\":\"23\",\"10\":\"24\",\"10\":\"25\",\"11\":\"26\",\"11\":\"27\",\"12\":\"28\",\"12\":\"29\",\"13\":\"30\",\"13\":\"31\"}', NULL, '2018-05-30 14:46:17', NULL, '2018-06-04 15:09:07', NULL, NULL),
(50, 2, 8, 16, 'Belkhuchi ', 0.00, 0.00, '15250', 'Azad Traders', '[\"1\",\"2\",\"3\",\"4\",\"5\",\"6\",\"7\",\"8\",\"9\",\"10\",\"11\",\"12\",\"13\"]', '{\"1\":\"1\",\"1\":\"2\",\"2\":\"3\",\"2\":\"4\",\"3\":\"5\",\"3\":\"6\",\"3\":\"7\",\"3\":\"8\",\"3\":\"9\",\"4\":\"10\",\"4\":\"11\",\"4\":\"12\",\"5\":\"13\",\"5\":\"14\",\"5\":\"15\",\"6\":\"16\",\"6\":\"17\",\"6\":\"18\",\"6\":\"19\",\"7\":\"20\",\"8\":\"21\",\"9\":\"22\",\"10\":\"23\",\"10\":\"24\",\"10\":\"25\",\"11\":\"26\",\"11\":\"27\",\"12\":\"28\",\"12\":\"29\",\"13\":\"30\",\"13\":\"31\"}', NULL, '2018-05-30 14:46:17', NULL, '2018-06-04 15:09:07', NULL, NULL),
(51, 3, 9, 17, 'Kushtia', 0.00, 0.00, '20110', 'Monoronjon Kumar sen', '[\"1\",\"2\",\"3\",\"4\",\"5\",\"6\",\"7\",\"8\",\"9\",\"10\",\"11\",\"12\",\"13\"]', '{\"1\":\"1\",\"1\":\"2\",\"2\":\"3\",\"2\":\"4\",\"3\":\"5\",\"3\":\"6\",\"3\":\"7\",\"3\":\"8\",\"3\":\"9\",\"4\":\"10\",\"4\":\"11\",\"4\":\"12\",\"5\":\"13\",\"5\":\"14\",\"5\":\"15\",\"6\":\"16\",\"6\":\"17\",\"6\":\"18\",\"6\":\"19\",\"7\":\"20\",\"8\":\"21\",\"9\":\"22\",\"10\":\"23\",\"10\":\"24\",\"10\":\"25\",\"11\":\"26\",\"11\":\"27\",\"12\":\"28\",\"12\":\"29\",\"13\":\"30\",\"13\":\"31\"}', NULL, '2018-05-30 14:46:17', NULL, '2018-06-04 15:09:07', NULL, NULL),
(52, 3, 9, 18, 'Mirpur', 0.00, 0.00, '20115', 'S.K Traders', '[\"1\",\"2\",\"3\",\"4\",\"5\",\"6\",\"7\",\"8\",\"9\",\"10\",\"11\",\"12\",\"13\"]', '{\"1\":\"1\",\"1\":\"2\",\"2\":\"3\",\"2\":\"4\",\"3\":\"5\",\"3\":\"6\",\"3\":\"7\",\"3\":\"8\",\"3\":\"9\",\"4\":\"10\",\"4\":\"11\",\"4\":\"12\",\"5\":\"13\",\"5\":\"14\",\"5\":\"15\",\"6\":\"16\",\"6\":\"17\",\"6\":\"18\",\"6\":\"19\",\"7\":\"20\",\"8\":\"21\",\"9\":\"22\",\"10\":\"23\",\"10\":\"24\",\"10\":\"25\",\"11\":\"26\",\"11\":\"27\",\"12\":\"28\",\"12\":\"29\",\"13\":\"30\",\"13\":\"31\"}', NULL, '2018-05-30 14:46:17', NULL, '2018-06-04 15:09:07', NULL, NULL),
(53, 3, 9, 18, 'Bheramara', 0.00, 0.00, '20125', 'Kajol enterprise', '[\"1\",\"2\",\"3\",\"4\",\"5\",\"6\",\"7\",\"8\",\"9\",\"10\",\"11\",\"12\",\"13\"]', '{\"1\":\"1\",\"1\":\"2\",\"2\":\"3\",\"2\":\"4\",\"3\":\"5\",\"3\":\"6\",\"3\":\"7\",\"3\":\"8\",\"3\":\"9\",\"4\":\"10\",\"4\":\"11\",\"4\":\"12\",\"5\":\"13\",\"5\":\"14\",\"5\":\"15\",\"6\":\"16\",\"6\":\"17\",\"6\":\"18\",\"6\":\"19\",\"7\":\"20\",\"8\":\"21\",\"9\":\"22\",\"10\":\"23\",\"10\":\"24\",\"10\":\"25\",\"11\":\"26\",\"11\":\"27\",\"12\":\"28\",\"12\":\"29\",\"13\":\"30\",\"13\":\"31\"}', NULL, '2018-05-30 14:46:17', NULL, '2018-06-04 15:09:07', NULL, NULL),
(54, 3, 9, 19, 'Gangni', 0.00, 0.00, '20155', 'Shyamoli Book Land', '[\"1\",\"2\",\"3\",\"4\",\"5\",\"6\",\"7\",\"8\",\"9\",\"10\",\"11\",\"12\",\"13\"]', '{\"1\":\"1\",\"1\":\"2\",\"2\":\"3\",\"2\":\"4\",\"3\":\"5\",\"3\":\"6\",\"3\":\"7\",\"3\":\"8\",\"3\":\"9\",\"4\":\"10\",\"4\":\"11\",\"4\":\"12\",\"5\":\"13\",\"5\":\"14\",\"5\":\"15\",\"6\":\"16\",\"6\":\"17\",\"6\":\"18\",\"6\":\"19\",\"7\":\"20\",\"8\":\"21\",\"9\":\"22\",\"10\":\"23\",\"10\":\"24\",\"10\":\"25\",\"11\":\"26\",\"11\":\"27\",\"12\":\"28\",\"12\":\"29\",\"13\":\"30\",\"13\":\"31\"}', NULL, '2018-05-30 14:46:17', NULL, '2018-06-04 15:09:07', NULL, NULL),
(55, 3, 9, 19, 'Meherpur', 0.00, 0.00, '20160', 'N.R Trading', '[\"1\",\"2\",\"3\",\"4\",\"5\",\"6\",\"7\",\"8\",\"9\",\"10\",\"11\",\"12\",\"13\"]', '{\"1\":\"1\",\"1\":\"2\",\"2\":\"3\",\"2\":\"4\",\"3\":\"5\",\"3\":\"6\",\"3\":\"7\",\"3\":\"8\",\"3\":\"9\",\"4\":\"10\",\"4\":\"11\",\"4\":\"12\",\"5\":\"13\",\"5\":\"14\",\"5\":\"15\",\"6\":\"16\",\"6\":\"17\",\"6\":\"18\",\"6\":\"19\",\"7\":\"20\",\"8\":\"21\",\"9\":\"22\",\"10\":\"23\",\"10\":\"24\",\"10\":\"25\",\"11\":\"26\",\"11\":\"27\",\"12\":\"28\",\"12\":\"29\",\"13\":\"30\",\"13\":\"31\"}', NULL, '2018-05-30 14:46:17', NULL, '2018-06-04 15:09:07', NULL, NULL),
(56, 3, 9, 19, 'Alamdanga', 0.00, 0.00, '20150', ' Sainik Kollan Shonghostha ', '[\"1\",\"2\",\"3\",\"4\",\"5\",\"6\",\"7\",\"8\",\"9\",\"10\",\"11\",\"12\",\"13\"]', '{\"1\":\"1\",\"1\":\"2\",\"2\":\"3\",\"2\":\"4\",\"3\":\"5\",\"3\":\"6\",\"3\":\"7\",\"3\":\"8\",\"3\":\"9\",\"4\":\"10\",\"4\":\"11\",\"4\":\"12\",\"5\":\"13\",\"5\":\"14\",\"5\":\"15\",\"6\":\"16\",\"6\":\"17\",\"6\":\"18\",\"6\":\"19\",\"7\":\"20\",\"8\":\"21\",\"9\":\"22\",\"10\":\"23\",\"10\":\"24\",\"10\":\"25\",\"11\":\"26\",\"11\":\"27\",\"12\":\"28\",\"12\":\"29\",\"13\":\"30\",\"13\":\"31\"}', NULL, '2018-05-30 14:46:17', NULL, '2018-06-04 15:09:07', NULL, NULL),
(57, 3, 10, 20, 'Jhenaidah', 0.00, 0.00, '20130', 'AR Traders', '[\"1\",\"2\",\"3\",\"4\",\"5\",\"6\",\"7\",\"8\",\"9\",\"10\",\"11\",\"12\",\"13\"]', '{\"1\":\"1\",\"1\":\"2\",\"2\":\"3\",\"2\":\"4\",\"3\":\"5\",\"3\":\"6\",\"3\":\"7\",\"3\":\"8\",\"3\":\"9\",\"4\":\"10\",\"4\":\"11\",\"4\":\"12\",\"5\":\"13\",\"5\":\"14\",\"5\":\"15\",\"6\":\"16\",\"6\":\"17\",\"6\":\"18\",\"6\":\"19\",\"7\":\"20\",\"8\":\"21\",\"9\":\"22\",\"10\":\"23\",\"10\":\"24\",\"10\":\"25\",\"11\":\"26\",\"11\":\"27\",\"12\":\"28\",\"12\":\"29\",\"13\":\"30\",\"13\":\"31\"}', NULL, '2018-05-30 14:46:17', NULL, '2018-06-04 15:09:07', NULL, NULL),
(58, 3, 10, 21, 'Kumarkhali', 0.00, 0.00, '20120', 'Shabu Cycle Store', '[\"1\",\"2\",\"3\",\"4\",\"5\",\"6\",\"7\",\"8\",\"9\",\"10\",\"11\",\"12\",\"13\"]', '{\"1\":\"1\",\"1\":\"2\",\"2\":\"3\",\"2\":\"4\",\"3\":\"5\",\"3\":\"6\",\"3\":\"7\",\"3\":\"8\",\"3\":\"9\",\"4\":\"10\",\"4\":\"11\",\"4\":\"12\",\"5\":\"13\",\"5\":\"14\",\"5\":\"15\",\"6\":\"16\",\"6\":\"17\",\"6\":\"18\",\"6\":\"19\",\"7\":\"20\",\"8\":\"21\",\"9\":\"22\",\"10\":\"23\",\"10\":\"24\",\"10\":\"25\",\"11\":\"26\",\"11\":\"27\",\"12\":\"28\",\"12\":\"29\",\"13\":\"30\",\"13\":\"31\"}', NULL, '2018-05-30 14:46:17', NULL, '2018-06-04 15:09:07', NULL, NULL),
(59, 3, 10, 21, 'Shailakupa', 0.00, 0.00, '20140', 'Bhai Bhai Traders', '[\"1\",\"2\",\"3\",\"4\",\"5\",\"6\",\"7\",\"8\",\"9\",\"10\",\"11\",\"12\",\"13\"]', '{\"1\":\"1\",\"1\":\"2\",\"2\":\"3\",\"2\":\"4\",\"3\":\"5\",\"3\":\"6\",\"3\":\"7\",\"3\":\"8\",\"3\":\"9\",\"4\":\"10\",\"4\":\"11\",\"4\":\"12\",\"5\":\"13\",\"5\":\"14\",\"5\":\"15\",\"6\":\"16\",\"6\":\"17\",\"6\":\"18\",\"6\":\"19\",\"7\":\"20\",\"8\":\"21\",\"9\":\"22\",\"10\":\"23\",\"10\":\"24\",\"10\":\"25\",\"11\":\"26\",\"11\":\"27\",\"12\":\"28\",\"12\":\"29\",\"13\":\"30\",\"13\":\"31\"}', NULL, '2018-05-30 14:46:17', NULL, '2018-06-04 15:09:08', NULL, NULL),
(60, 3, 10, 22, 'Cotchadpur', 0.00, 0.00, '20135', 'Raihan Traders', '[\"1\",\"2\",\"3\",\"4\",\"5\",\"6\",\"7\",\"8\",\"9\",\"10\",\"11\",\"12\",\"13\"]', '{\"1\":\"1\",\"1\":\"2\",\"2\":\"3\",\"2\":\"4\",\"3\":\"5\",\"3\":\"6\",\"3\":\"7\",\"3\":\"8\",\"3\":\"9\",\"4\":\"10\",\"4\":\"11\",\"4\":\"12\",\"5\":\"13\",\"5\":\"14\",\"5\":\"15\",\"6\":\"16\",\"6\":\"17\",\"6\":\"18\",\"6\":\"19\",\"7\":\"20\",\"8\":\"21\",\"9\":\"22\",\"10\":\"23\",\"10\":\"24\",\"10\":\"25\",\"11\":\"26\",\"11\":\"27\",\"12\":\"28\",\"12\":\"29\",\"13\":\"30\",\"13\":\"31\"}', NULL, '2018-05-30 14:46:17', NULL, '2018-06-04 15:09:08', NULL, NULL),
(61, 3, 10, 22, 'Chuadanga', 0.00, 0.00, '20145', 'Iqbal Brothers', '[\"1\",\"2\",\"3\",\"4\",\"5\",\"6\",\"7\",\"8\",\"9\",\"10\",\"11\",\"12\",\"13\"]', '{\"1\":\"1\",\"1\":\"2\",\"2\":\"3\",\"2\":\"4\",\"3\":\"5\",\"3\":\"6\",\"3\":\"7\",\"3\":\"8\",\"3\":\"9\",\"4\":\"10\",\"4\":\"11\",\"4\":\"12\",\"5\":\"13\",\"5\":\"14\",\"5\":\"15\",\"6\":\"16\",\"6\":\"17\",\"6\":\"18\",\"6\":\"19\",\"7\":\"20\",\"8\":\"21\",\"9\":\"22\",\"10\":\"23\",\"10\":\"24\",\"10\":\"25\",\"11\":\"26\",\"11\":\"27\",\"12\":\"28\",\"12\":\"29\",\"13\":\"30\",\"13\":\"31\"}', NULL, '2018-05-30 14:46:17', NULL, '2018-06-04 15:09:08', NULL, NULL),
(62, 3, 11, 23, 'Jessore', 0.00, 0.00, '20165', 'Falguni Enterprise', '[\"1\",\"2\",\"3\",\"4\",\"5\",\"6\",\"7\",\"8\",\"9\",\"10\",\"11\",\"12\",\"13\"]', '{\"1\":\"1\",\"1\":\"2\",\"2\":\"3\",\"2\":\"4\",\"3\":\"5\",\"3\":\"6\",\"3\":\"7\",\"3\":\"8\",\"3\":\"9\",\"4\":\"10\",\"4\":\"11\",\"4\":\"12\",\"5\":\"13\",\"5\":\"14\",\"5\":\"15\",\"6\":\"16\",\"6\":\"17\",\"6\":\"18\",\"6\":\"19\",\"7\":\"20\",\"8\":\"21\",\"9\":\"22\",\"10\":\"23\",\"10\":\"24\",\"10\":\"25\",\"11\":\"26\",\"11\":\"27\",\"12\":\"28\",\"12\":\"29\",\"13\":\"30\",\"13\":\"31\"}', NULL, '2018-05-30 14:46:17', NULL, '2018-06-04 15:09:08', NULL, NULL),
(63, 3, 11, 24, 'Jhikorgacha', 0.00, 0.00, '20170', 'Golder Traders', '[\"1\",\"2\",\"3\",\"4\",\"5\",\"6\",\"7\",\"8\",\"9\",\"10\",\"11\",\"12\",\"13\"]', '{\"1\":\"1\",\"1\":\"2\",\"2\":\"3\",\"2\":\"4\",\"3\":\"5\",\"3\":\"6\",\"3\":\"7\",\"3\":\"8\",\"3\":\"9\",\"4\":\"10\",\"4\":\"11\",\"4\":\"12\",\"5\":\"13\",\"5\":\"14\",\"5\":\"15\",\"6\":\"16\",\"6\":\"17\",\"6\":\"18\",\"6\":\"19\",\"7\":\"20\",\"8\":\"21\",\"9\":\"22\",\"10\":\"23\",\"10\":\"24\",\"10\":\"25\",\"11\":\"26\",\"11\":\"27\",\"12\":\"28\",\"12\":\"29\",\"13\":\"30\",\"13\":\"31\"}', NULL, '2018-05-30 14:46:17', NULL, '2018-06-04 15:09:08', NULL, NULL),
(64, 3, 11, 24, 'Sharsha', 0.00, 0.00, '20175', 'No Distributor', '[\"1\",\"2\",\"3\",\"4\",\"5\",\"6\",\"7\",\"8\",\"9\",\"10\",\"11\",\"12\",\"13\"]', '{\"1\":\"1\",\"1\":\"2\",\"2\":\"3\",\"2\":\"4\",\"3\":\"5\",\"3\":\"6\",\"3\":\"7\",\"3\":\"8\",\"3\":\"9\",\"4\":\"10\",\"4\":\"11\",\"4\":\"12\",\"5\":\"13\",\"5\":\"14\",\"5\":\"15\",\"6\":\"16\",\"6\":\"17\",\"6\":\"18\",\"6\":\"19\",\"7\":\"20\",\"8\":\"21\",\"9\":\"22\",\"10\":\"23\",\"10\":\"24\",\"10\":\"25\",\"11\":\"26\",\"11\":\"27\",\"12\":\"28\",\"12\":\"29\",\"13\":\"30\",\"13\":\"31\"}', NULL, '2018-05-30 14:46:17', NULL, '2018-06-04 15:09:08', NULL, NULL),
(65, 3, 11, 24, 'Monirampur', 0.00, 0.00, '20190', 'Sawpna store', '[\"1\",\"2\",\"3\",\"4\",\"5\",\"6\",\"7\",\"8\",\"9\",\"10\",\"11\",\"12\",\"13\"]', '{\"1\":\"1\",\"1\":\"2\",\"2\":\"3\",\"2\":\"4\",\"3\":\"5\",\"3\":\"6\",\"3\":\"7\",\"3\":\"8\",\"3\":\"9\",\"4\":\"10\",\"4\":\"11\",\"4\":\"12\",\"5\":\"13\",\"5\":\"14\",\"5\":\"15\",\"6\":\"16\",\"6\":\"17\",\"6\":\"18\",\"6\":\"19\",\"7\":\"20\",\"8\":\"21\",\"9\":\"22\",\"10\":\"23\",\"10\":\"24\",\"10\":\"25\",\"11\":\"26\",\"11\":\"27\",\"12\":\"28\",\"12\":\"29\",\"13\":\"30\",\"13\":\"31\"}', NULL, '2018-05-30 14:46:17', NULL, '2018-06-04 15:09:08', NULL, NULL),
(66, 3, 11, 25, 'Magura', 0.00, 0.00, '20210', 'Sharif Cosmetics', '[\"1\",\"2\",\"3\",\"4\",\"5\",\"6\",\"7\",\"8\",\"9\",\"10\",\"11\",\"12\",\"13\"]', '{\"1\":\"1\",\"1\":\"2\",\"2\":\"3\",\"2\":\"4\",\"3\":\"5\",\"3\":\"6\",\"3\":\"7\",\"3\":\"8\",\"3\":\"9\",\"4\":\"10\",\"4\":\"11\",\"4\":\"12\",\"5\":\"13\",\"5\":\"14\",\"5\":\"15\",\"6\":\"16\",\"6\":\"17\",\"6\":\"18\",\"6\":\"19\",\"7\":\"20\",\"8\":\"21\",\"9\":\"22\",\"10\":\"23\",\"10\":\"24\",\"10\":\"25\",\"11\":\"26\",\"11\":\"27\",\"12\":\"28\",\"12\":\"29\",\"13\":\"30\",\"13\":\"31\"}', NULL, '2018-05-30 14:46:17', NULL, '2018-06-04 15:09:08', NULL, NULL),
(67, 3, 11, 25, 'AR Para', 0.00, 0.00, '20180', 'Synthia Traders', '[\"1\",\"2\",\"3\",\"4\",\"5\",\"6\",\"7\",\"8\",\"9\",\"10\",\"11\",\"12\",\"13\"]', '{\"1\":\"1\",\"1\":\"2\",\"2\":\"3\",\"2\":\"4\",\"3\":\"5\",\"3\":\"6\",\"3\":\"7\",\"3\":\"8\",\"3\":\"9\",\"4\":\"10\",\"4\":\"11\",\"4\":\"12\",\"5\":\"13\",\"5\":\"14\",\"5\":\"15\",\"6\":\"16\",\"6\":\"17\",\"6\":\"18\",\"6\":\"19\",\"7\":\"20\",\"8\":\"21\",\"9\":\"22\",\"10\":\"23\",\"10\":\"24\",\"10\":\"25\",\"11\":\"26\",\"11\":\"27\",\"12\":\"28\",\"12\":\"29\",\"13\":\"30\",\"13\":\"31\"}', NULL, '2018-05-30 14:46:17', NULL, '2018-06-04 15:09:08', NULL, NULL),
(68, 3, 11, 25, 'Mohammadpur', 0.00, 0.00, '20185', 'No Distributor', '[\"1\",\"2\",\"3\",\"4\",\"5\",\"6\",\"7\",\"8\",\"9\",\"10\",\"11\",\"12\",\"13\"]', '{\"1\":\"1\",\"1\":\"2\",\"2\":\"3\",\"2\":\"4\",\"3\":\"5\",\"3\":\"6\",\"3\":\"7\",\"3\":\"8\",\"3\":\"9\",\"4\":\"10\",\"4\":\"11\",\"4\":\"12\",\"5\":\"13\",\"5\":\"14\",\"5\":\"15\",\"6\":\"16\",\"6\":\"17\",\"6\":\"18\",\"6\":\"19\",\"7\":\"20\",\"8\":\"21\",\"9\":\"22\",\"10\":\"23\",\"10\":\"24\",\"10\":\"25\",\"11\":\"26\",\"11\":\"27\",\"12\":\"28\",\"12\":\"29\",\"13\":\"30\",\"13\":\"31\"}', NULL, '2018-05-30 14:46:17', NULL, '2018-06-04 15:09:08', NULL, NULL),
(69, 3, 11, 26, 'Narail', 0.00, 0.00, '20195', 'Sheikh Enterprise', '[\"1\",\"2\",\"3\",\"4\",\"5\",\"6\",\"7\",\"8\",\"9\",\"10\",\"11\",\"12\",\"13\"]', '{\"1\":\"1\",\"1\":\"2\",\"2\":\"3\",\"2\":\"4\",\"3\":\"5\",\"3\":\"6\",\"3\":\"7\",\"3\":\"8\",\"3\":\"9\",\"4\":\"10\",\"4\":\"11\",\"4\":\"12\",\"5\":\"13\",\"5\":\"14\",\"5\":\"15\",\"6\":\"16\",\"6\":\"17\",\"6\":\"18\",\"6\":\"19\",\"7\":\"20\",\"8\":\"21\",\"9\":\"22\",\"10\":\"23\",\"10\":\"24\",\"10\":\"25\",\"11\":\"26\",\"11\":\"27\",\"12\":\"28\",\"12\":\"29\",\"13\":\"30\",\"13\":\"31\"}', NULL, '2018-05-30 14:46:17', NULL, '2018-06-04 15:09:08', NULL, NULL),
(70, 3, 11, 26, 'Nowapara', 0.00, 0.00, '20200', 'Binimoy store', '[\"1\",\"2\",\"3\",\"4\",\"5\",\"6\",\"7\",\"8\",\"9\",\"10\",\"11\",\"12\",\"13\"]', '{\"1\":\"1\",\"1\":\"2\",\"2\":\"3\",\"2\":\"4\",\"3\":\"5\",\"3\":\"6\",\"3\":\"7\",\"3\":\"8\",\"3\":\"9\",\"4\":\"10\",\"4\":\"11\",\"4\":\"12\",\"5\":\"13\",\"5\":\"14\",\"5\":\"15\",\"6\":\"16\",\"6\":\"17\",\"6\":\"18\",\"6\":\"19\",\"7\":\"20\",\"8\":\"21\",\"9\":\"22\",\"10\":\"23\",\"10\":\"24\",\"10\":\"25\",\"11\":\"26\",\"11\":\"27\",\"12\":\"28\",\"12\":\"29\",\"13\":\"30\",\"13\":\"31\"}', NULL, '2018-05-30 14:46:17', NULL, '2018-06-04 15:09:08', NULL, NULL),
(71, 3, 11, 26, 'Kalia', 0.00, 0.00, '20205', 'Kalia Kundu Store', '[\"1\",\"2\",\"3\",\"4\",\"5\",\"6\",\"7\",\"8\",\"9\",\"10\",\"11\",\"12\",\"13\"]', '{\"1\":\"1\",\"1\":\"2\",\"2\":\"3\",\"2\":\"4\",\"3\":\"5\",\"3\":\"6\",\"3\":\"7\",\"3\":\"8\",\"3\":\"9\",\"4\":\"10\",\"4\":\"11\",\"4\":\"12\",\"5\":\"13\",\"5\":\"14\",\"5\":\"15\",\"6\":\"16\",\"6\":\"17\",\"6\":\"18\",\"6\":\"19\",\"7\":\"20\",\"8\":\"21\",\"9\":\"22\",\"10\":\"23\",\"10\":\"24\",\"10\":\"25\",\"11\":\"26\",\"11\":\"27\",\"12\":\"28\",\"12\":\"29\",\"13\":\"30\",\"13\":\"31\"}', NULL, '2018-05-30 14:46:17', NULL, '2018-06-04 15:09:08', NULL, NULL),
(72, 3, 12, 27, 'Khulna', 0.00, 0.00, '20215', 'Marine Beverage', '[\"1\",\"2\",\"3\",\"4\",\"5\",\"6\",\"7\",\"8\",\"9\",\"10\",\"11\",\"12\",\"13\"]', '{\"1\":\"1\",\"1\":\"2\",\"2\":\"3\",\"2\":\"4\",\"3\":\"5\",\"3\":\"6\",\"3\":\"7\",\"3\":\"8\",\"3\":\"9\",\"4\":\"10\",\"4\":\"11\",\"4\":\"12\",\"5\":\"13\",\"5\":\"14\",\"5\":\"15\",\"6\":\"16\",\"6\":\"17\",\"6\":\"18\",\"6\":\"19\",\"7\":\"20\",\"8\":\"21\",\"9\":\"22\",\"10\":\"23\",\"10\":\"24\",\"10\":\"25\",\"11\":\"26\",\"11\":\"27\",\"12\":\"28\",\"12\":\"29\",\"13\":\"30\",\"13\":\"31\"}', NULL, '2018-05-30 14:46:17', NULL, '2018-06-04 15:09:08', NULL, NULL),
(73, 3, 12, 28, 'Lockpur/ East Rupsha', 0.00, 0.00, '20225', 'Allahr Daan Traders', '[\"1\",\"2\",\"3\",\"4\",\"5\",\"6\",\"7\",\"8\",\"9\",\"10\",\"11\",\"12\",\"13\"]', '{\"1\":\"1\",\"1\":\"2\",\"2\":\"3\",\"2\":\"4\",\"3\":\"5\",\"3\":\"6\",\"3\":\"7\",\"3\":\"8\",\"3\":\"9\",\"4\":\"10\",\"4\":\"11\",\"4\":\"12\",\"5\":\"13\",\"5\":\"14\",\"5\":\"15\",\"6\":\"16\",\"6\":\"17\",\"6\":\"18\",\"6\":\"19\",\"7\":\"20\",\"8\":\"21\",\"9\":\"22\",\"10\":\"23\",\"10\":\"24\",\"10\":\"25\",\"11\":\"26\",\"11\":\"27\",\"12\":\"28\",\"12\":\"29\",\"13\":\"30\",\"13\":\"31\"}', NULL, '2018-05-30 14:46:17', NULL, '2018-06-04 15:09:08', NULL, NULL),
(74, 3, 12, 28, 'Mongla', 0.00, 0.00, '20235', 'N.J Store', '[\"1\",\"2\",\"3\",\"4\",\"5\",\"6\",\"7\",\"8\",\"9\",\"10\",\"11\",\"12\",\"13\"]', '{\"1\":\"1\",\"1\":\"2\",\"2\":\"3\",\"2\":\"4\",\"3\":\"5\",\"3\":\"6\",\"3\":\"7\",\"3\":\"8\",\"3\":\"9\",\"4\":\"10\",\"4\":\"11\",\"4\":\"12\",\"5\":\"13\",\"5\":\"14\",\"5\":\"15\",\"6\":\"16\",\"6\":\"17\",\"6\":\"18\",\"6\":\"19\",\"7\":\"20\",\"8\":\"21\",\"9\":\"22\",\"10\":\"23\",\"10\":\"24\",\"10\":\"25\",\"11\":\"26\",\"11\":\"27\",\"12\":\"28\",\"12\":\"29\",\"13\":\"30\",\"13\":\"31\"}', NULL, '2018-05-30 14:46:17', NULL, '2018-06-04 15:09:08', NULL, NULL),
(75, 3, 12, 28, 'Terokhada', 0.00, 0.00, '20230', 'B.M Traders', '[\"1\",\"2\",\"3\",\"4\",\"5\",\"6\",\"7\",\"8\",\"9\",\"10\",\"11\",\"12\",\"13\"]', '{\"1\":\"1\",\"1\":\"2\",\"2\":\"3\",\"2\":\"4\",\"3\":\"5\",\"3\":\"6\",\"3\":\"7\",\"3\":\"8\",\"3\":\"9\",\"4\":\"10\",\"4\":\"11\",\"4\":\"12\",\"5\":\"13\",\"5\":\"14\",\"5\":\"15\",\"6\":\"16\",\"6\":\"17\",\"6\":\"18\",\"6\":\"19\",\"7\":\"20\",\"8\":\"21\",\"9\":\"22\",\"10\":\"23\",\"10\":\"24\",\"10\":\"25\",\"11\":\"26\",\"11\":\"27\",\"12\":\"28\",\"12\":\"29\",\"13\":\"30\",\"13\":\"31\"}', NULL, '2018-05-30 14:46:17', NULL, '2018-06-04 15:09:08', NULL, NULL),
(76, 3, 12, 29, 'Dawlatpur', 0.00, 0.00, '20220', 'Mostafa Traders', '[\"1\",\"2\",\"3\",\"4\",\"5\",\"6\",\"7\",\"8\",\"9\",\"10\",\"11\",\"12\",\"13\"]', '{\"1\":\"1\",\"1\":\"2\",\"2\":\"3\",\"2\":\"4\",\"3\":\"5\",\"3\":\"6\",\"3\":\"7\",\"3\":\"8\",\"3\":\"9\",\"4\":\"10\",\"4\":\"11\",\"4\":\"12\",\"5\":\"13\",\"5\":\"14\",\"5\":\"15\",\"6\":\"16\",\"6\":\"17\",\"6\":\"18\",\"6\":\"19\",\"7\":\"20\",\"8\":\"21\",\"9\":\"22\",\"10\":\"23\",\"10\":\"24\",\"10\":\"25\",\"11\":\"26\",\"11\":\"27\",\"12\":\"28\",\"12\":\"29\",\"13\":\"30\",\"13\":\"31\"}', NULL, '2018-05-30 14:46:17', NULL, '2018-06-04 15:09:08', NULL, NULL),
(77, 3, 13, 30, 'Satkhira', 0.00, 0.00, '20240', 'Aqua Enterprise', '[\"1\",\"2\",\"3\",\"4\",\"5\",\"6\",\"7\",\"8\",\"9\",\"10\",\"11\",\"12\",\"13\"]', '{\"1\":\"1\",\"1\":\"2\",\"2\":\"3\",\"2\":\"4\",\"3\":\"5\",\"3\":\"6\",\"3\":\"7\",\"3\":\"8\",\"3\":\"9\",\"4\":\"10\",\"4\":\"11\",\"4\":\"12\",\"5\":\"13\",\"5\":\"14\",\"5\":\"15\",\"6\":\"16\",\"6\":\"17\",\"6\":\"18\",\"6\":\"19\",\"7\":\"20\",\"8\":\"21\",\"9\":\"22\",\"10\":\"23\",\"10\":\"24\",\"10\":\"25\",\"11\":\"26\",\"11\":\"27\",\"12\":\"28\",\"12\":\"29\",\"13\":\"30\",\"13\":\"31\"}', NULL, '2018-05-30 14:46:17', NULL, '2018-06-04 15:09:08', NULL, NULL),
(78, 3, 13, 30, 'Kaligonj', 0.00, 0.00, '20245', 'Fatah Enterprise', '[\"1\",\"2\",\"3\",\"4\",\"5\",\"6\",\"7\",\"8\",\"9\",\"10\",\"11\",\"12\",\"13\"]', '{\"1\":\"1\",\"1\":\"2\",\"2\":\"3\",\"2\":\"4\",\"3\":\"5\",\"3\":\"6\",\"3\":\"7\",\"3\":\"8\",\"3\":\"9\",\"4\":\"10\",\"4\":\"11\",\"4\":\"12\",\"5\":\"13\",\"5\":\"14\",\"5\":\"15\",\"6\":\"16\",\"6\":\"17\",\"6\":\"18\",\"6\":\"19\",\"7\":\"20\",\"8\":\"21\",\"9\":\"22\",\"10\":\"23\",\"10\":\"24\",\"10\":\"25\",\"11\":\"26\",\"11\":\"27\",\"12\":\"28\",\"12\":\"29\",\"13\":\"30\",\"13\":\"31\"}', NULL, '2018-05-30 14:46:17', NULL, '2018-06-04 15:09:08', NULL, NULL);
INSERT INTO `distribution_houses` (`id`, `zones_id`, `regions_id`, `territories_id`, `market_name`, `opening_balance`, `current_balance`, `code`, `point_name`, `privilage_brands`, `privilage_sku`, `created_by`, `created_at`, `updated_by`, `updated_at`, `rfu1`, `rfu2`) VALUES
(79, 3, 13, 31, 'Chuknagar', 0.00, 0.00, '20245', 'Vai Vai Store', '[\"1\",\"2\",\"3\",\"4\",\"5\",\"6\",\"7\",\"8\",\"9\",\"10\",\"11\",\"12\",\"13\"]', '{\"1\":\"1\",\"1\":\"2\",\"2\":\"3\",\"2\":\"4\",\"3\":\"5\",\"3\":\"6\",\"3\":\"7\",\"3\":\"8\",\"3\":\"9\",\"4\":\"10\",\"4\":\"11\",\"4\":\"12\",\"5\":\"13\",\"5\":\"14\",\"5\":\"15\",\"6\":\"16\",\"6\":\"17\",\"6\":\"18\",\"6\":\"19\",\"7\":\"20\",\"8\":\"21\",\"9\":\"22\",\"10\":\"23\",\"10\":\"24\",\"10\":\"25\",\"11\":\"26\",\"11\":\"27\",\"12\":\"28\",\"12\":\"29\",\"13\":\"30\",\"13\":\"31\"}', NULL, '2018-05-30 14:46:17', NULL, '2018-06-04 15:09:08', NULL, NULL),
(80, 3, 13, 31, 'Kapilmani', 0.00, 0.00, '20245', 'Toha Enterprise', '[\"1\",\"2\",\"3\",\"4\",\"5\",\"6\",\"7\",\"8\",\"9\",\"10\",\"11\",\"12\",\"13\"]', '{\"1\":\"1\",\"1\":\"2\",\"2\":\"3\",\"2\":\"4\",\"3\":\"5\",\"3\":\"6\",\"3\":\"7\",\"3\":\"8\",\"3\":\"9\",\"4\":\"10\",\"4\":\"11\",\"4\":\"12\",\"5\":\"13\",\"5\":\"14\",\"5\":\"15\",\"6\":\"16\",\"6\":\"17\",\"6\":\"18\",\"6\":\"19\",\"7\":\"20\",\"8\":\"21\",\"9\":\"22\",\"10\":\"23\",\"10\":\"24\",\"10\":\"25\",\"11\":\"26\",\"11\":\"27\",\"12\":\"28\",\"12\":\"29\",\"13\":\"30\",\"13\":\"31\"}', NULL, '2018-05-30 14:46:17', NULL, '2018-06-04 15:09:08', NULL, NULL),
(81, 3, 13, 31, 'Patkelghata', 0.00, 0.00, '20260', 'Bismillah Enterprise', '[\"1\",\"2\",\"3\",\"4\",\"5\",\"6\",\"7\",\"8\",\"9\",\"10\",\"11\",\"12\",\"13\"]', '{\"1\":\"1\",\"1\":\"2\",\"2\":\"3\",\"2\":\"4\",\"3\":\"5\",\"3\":\"6\",\"3\":\"7\",\"3\":\"8\",\"3\":\"9\",\"4\":\"10\",\"4\":\"11\",\"4\":\"12\",\"5\":\"13\",\"5\":\"14\",\"5\":\"15\",\"6\":\"16\",\"6\":\"17\",\"6\":\"18\",\"6\":\"19\",\"7\":\"20\",\"8\":\"21\",\"9\":\"22\",\"10\":\"23\",\"10\":\"24\",\"10\":\"25\",\"11\":\"26\",\"11\":\"27\",\"12\":\"28\",\"12\":\"29\",\"13\":\"30\",\"13\":\"31\"}', NULL, '2018-05-30 14:46:17', NULL, '2018-06-04 15:09:08', NULL, NULL),
(82, 3, 14, 32, 'Bagerhat', 0.00, 0.00, '20265', 'Siam Enterprise', '[\"1\",\"2\",\"3\",\"4\",\"5\",\"6\",\"7\",\"8\",\"9\",\"10\",\"11\",\"12\",\"13\"]', '{\"1\":\"1\",\"1\":\"2\",\"2\":\"3\",\"2\":\"4\",\"3\":\"5\",\"3\":\"6\",\"3\":\"7\",\"3\":\"8\",\"3\":\"9\",\"4\":\"10\",\"4\":\"11\",\"4\":\"12\",\"5\":\"13\",\"5\":\"14\",\"5\":\"15\",\"6\":\"16\",\"6\":\"17\",\"6\":\"18\",\"6\":\"19\",\"7\":\"20\",\"8\":\"21\",\"9\":\"22\",\"10\":\"23\",\"10\":\"24\",\"10\":\"25\",\"11\":\"26\",\"11\":\"27\",\"12\":\"28\",\"12\":\"29\",\"13\":\"30\",\"13\":\"31\"}', NULL, '2018-05-30 14:46:17', NULL, '2018-06-04 15:09:08', NULL, NULL),
(83, 3, 14, 32, 'Morrelgonj', 0.00, 0.00, '20285', 'Shaha Enterprise', '[\"1\",\"2\",\"3\",\"4\",\"5\",\"6\",\"7\",\"8\",\"9\",\"10\",\"11\",\"12\",\"13\"]', '{\"1\":\"1\",\"1\":\"2\",\"2\":\"3\",\"2\":\"4\",\"3\":\"5\",\"3\":\"6\",\"3\":\"7\",\"3\":\"8\",\"3\":\"9\",\"4\":\"10\",\"4\":\"11\",\"4\":\"12\",\"5\":\"13\",\"5\":\"14\",\"5\":\"15\",\"6\":\"16\",\"6\":\"17\",\"6\":\"18\",\"6\":\"19\",\"7\":\"20\",\"8\":\"21\",\"9\":\"22\",\"10\":\"23\",\"10\":\"24\",\"10\":\"25\",\"11\":\"26\",\"11\":\"27\",\"12\":\"28\",\"12\":\"29\",\"13\":\"30\",\"13\":\"31\"}', NULL, '2018-05-30 14:46:17', NULL, '2018-06-04 15:09:08', NULL, NULL),
(84, 3, 14, 33, 'Pirozpur', 0.00, 0.00, '20280', 'Jakir Enterprise', '[\"1\",\"2\",\"3\",\"4\",\"5\",\"6\",\"7\",\"8\",\"9\",\"10\",\"11\",\"12\",\"13\"]', '{\"1\":\"1\",\"1\":\"2\",\"2\":\"3\",\"2\":\"4\",\"3\":\"5\",\"3\":\"6\",\"3\":\"7\",\"3\":\"8\",\"3\":\"9\",\"4\":\"10\",\"4\":\"11\",\"4\":\"12\",\"5\":\"13\",\"5\":\"14\",\"5\":\"15\",\"6\":\"16\",\"6\":\"17\",\"6\":\"18\",\"6\":\"19\",\"7\":\"20\",\"8\":\"21\",\"9\":\"22\",\"10\":\"23\",\"10\":\"24\",\"10\":\"25\",\"11\":\"26\",\"11\":\"27\",\"12\":\"28\",\"12\":\"29\",\"13\":\"30\",\"13\":\"31\"}', NULL, '2018-05-30 14:46:17', NULL, '2018-06-04 15:09:08', NULL, NULL),
(85, 3, 14, 33, 'Shoronkhola', 0.00, 0.00, '20270', 'Saroar Enterprise', '[\"1\",\"2\",\"3\",\"4\",\"5\",\"6\",\"7\",\"8\",\"9\",\"10\",\"11\",\"12\",\"13\"]', '{\"1\":\"1\",\"1\":\"2\",\"2\":\"3\",\"2\":\"4\",\"3\":\"5\",\"3\":\"6\",\"3\":\"7\",\"3\":\"8\",\"3\":\"9\",\"4\":\"10\",\"4\":\"11\",\"4\":\"12\",\"5\":\"13\",\"5\":\"14\",\"5\":\"15\",\"6\":\"16\",\"6\":\"17\",\"6\":\"18\",\"6\":\"19\",\"7\":\"20\",\"8\":\"21\",\"9\":\"22\",\"10\":\"23\",\"10\":\"24\",\"10\":\"25\",\"11\":\"26\",\"11\":\"27\",\"12\":\"28\",\"12\":\"29\",\"13\":\"30\",\"13\":\"31\"}', NULL, '2018-05-30 14:46:17', NULL, '2018-06-04 15:09:08', NULL, NULL),
(86, 3, 14, 33, 'Chitalmari', 0.00, 0.00, '20275', 'Joi oil & Agency', '[\"1\",\"2\",\"3\",\"4\",\"5\",\"6\",\"7\",\"8\",\"9\",\"10\",\"11\",\"12\",\"13\"]', '{\"1\":\"1\",\"1\":\"2\",\"2\":\"3\",\"2\":\"4\",\"3\":\"5\",\"3\":\"6\",\"3\":\"7\",\"3\":\"8\",\"3\":\"9\",\"4\":\"10\",\"4\":\"11\",\"4\":\"12\",\"5\":\"13\",\"5\":\"14\",\"5\":\"15\",\"6\":\"16\",\"6\":\"17\",\"6\":\"18\",\"6\":\"19\",\"7\":\"20\",\"8\":\"21\",\"9\":\"22\",\"10\":\"23\",\"10\":\"24\",\"10\":\"25\",\"11\":\"26\",\"11\":\"27\",\"12\":\"28\",\"12\":\"29\",\"13\":\"30\",\"13\":\"31\"}', NULL, '2018-05-30 14:46:17', NULL, '2018-06-04 15:09:08', NULL, NULL),
(87, 3, 14, 34, 'Gopalgonj', 0.00, 0.00, '20290', 'Maa Varity Store', '[\"1\",\"2\",\"3\",\"4\",\"5\",\"6\",\"7\",\"8\",\"9\",\"10\",\"11\",\"12\",\"13\"]', '{\"1\":\"1\",\"1\":\"2\",\"2\":\"3\",\"2\":\"4\",\"3\":\"5\",\"3\":\"6\",\"3\":\"7\",\"3\":\"8\",\"3\":\"9\",\"4\":\"10\",\"4\":\"11\",\"4\":\"12\",\"5\":\"13\",\"5\":\"14\",\"5\":\"15\",\"6\":\"16\",\"6\":\"17\",\"6\":\"18\",\"6\":\"19\",\"7\":\"20\",\"8\":\"21\",\"9\":\"22\",\"10\":\"23\",\"10\":\"24\",\"10\":\"25\",\"11\":\"26\",\"11\":\"27\",\"12\":\"28\",\"12\":\"29\",\"13\":\"30\",\"13\":\"31\"}', NULL, '2018-05-30 14:46:17', NULL, '2018-06-04 15:09:08', NULL, NULL),
(88, 3, 14, 34, 'Kotalipara', 0.00, 0.00, '20295', 'Joy Guru Vandar', '[\"1\",\"2\",\"3\",\"4\",\"5\",\"6\",\"7\",\"8\",\"9\",\"10\",\"11\",\"12\",\"13\"]', '{\"1\":\"1\",\"1\":\"2\",\"2\":\"3\",\"2\":\"4\",\"3\":\"5\",\"3\":\"6\",\"3\":\"7\",\"3\":\"8\",\"3\":\"9\",\"4\":\"10\",\"4\":\"11\",\"4\":\"12\",\"5\":\"13\",\"5\":\"14\",\"5\":\"15\",\"6\":\"16\",\"6\":\"17\",\"6\":\"18\",\"6\":\"19\",\"7\":\"20\",\"8\":\"21\",\"9\":\"22\",\"10\":\"23\",\"10\":\"24\",\"10\":\"25\",\"11\":\"26\",\"11\":\"27\",\"12\":\"28\",\"12\":\"29\",\"13\":\"30\",\"13\":\"31\"}', NULL, '2018-05-30 14:46:17', NULL, '2018-06-04 15:09:08', NULL, NULL),
(89, 3, 14, 34, 'Tungipara', 0.00, 0.00, '20300', 'Khondakar Traders', '[\"1\",\"2\",\"3\",\"4\",\"5\",\"6\",\"7\",\"8\",\"9\",\"10\",\"11\",\"12\",\"13\"]', '{\"1\":\"1\",\"1\":\"2\",\"2\":\"3\",\"2\":\"4\",\"3\":\"5\",\"3\":\"6\",\"3\":\"7\",\"3\":\"8\",\"3\":\"9\",\"4\":\"10\",\"4\":\"11\",\"4\":\"12\",\"5\":\"13\",\"5\":\"14\",\"5\":\"15\",\"6\":\"16\",\"6\":\"17\",\"6\":\"18\",\"6\":\"19\",\"7\":\"20\",\"8\":\"21\",\"9\":\"22\",\"10\":\"23\",\"10\":\"24\",\"10\":\"25\",\"11\":\"26\",\"11\":\"27\",\"12\":\"28\",\"12\":\"29\",\"13\":\"30\",\"13\":\"31\"}', NULL, '2018-05-30 14:46:17', NULL, '2018-06-04 15:09:09', NULL, NULL),
(90, 3, 14, 34, 'Muksudpur', 0.00, 0.00, '20305', 'Tanvir Enterprise', '[\"1\",\"2\",\"3\",\"4\",\"5\",\"6\",\"7\",\"8\",\"9\",\"10\",\"11\",\"12\",\"13\"]', '{\"1\":\"1\",\"1\":\"2\",\"2\":\"3\",\"2\":\"4\",\"3\":\"5\",\"3\":\"6\",\"3\":\"7\",\"3\":\"8\",\"3\":\"9\",\"4\":\"10\",\"4\":\"11\",\"4\":\"12\",\"5\":\"13\",\"5\":\"14\",\"5\":\"15\",\"6\":\"16\",\"6\":\"17\",\"6\":\"18\",\"6\":\"19\",\"7\":\"20\",\"8\":\"21\",\"9\":\"22\",\"10\":\"23\",\"10\":\"24\",\"10\":\"25\",\"11\":\"26\",\"11\":\"27\",\"12\":\"28\",\"12\":\"29\",\"13\":\"30\",\"13\":\"31\"}', NULL, '2018-05-30 14:46:17', NULL, '2018-06-04 15:09:09', NULL, NULL),
(91, 3, 14, 34, 'Kashiani', 0.00, 0.00, '20310', ' Taz Enterprise', '[\"1\",\"2\",\"3\",\"4\",\"5\",\"6\",\"7\",\"8\",\"9\",\"10\",\"11\",\"12\",\"13\"]', '{\"1\":\"1\",\"1\":\"2\",\"2\":\"3\",\"2\":\"4\",\"3\":\"5\",\"3\":\"6\",\"3\":\"7\",\"3\":\"8\",\"3\":\"9\",\"4\":\"10\",\"4\":\"11\",\"4\":\"12\",\"5\":\"13\",\"5\":\"14\",\"5\":\"15\",\"6\":\"16\",\"6\":\"17\",\"6\":\"18\",\"6\":\"19\",\"7\":\"20\",\"8\":\"21\",\"9\":\"22\",\"10\":\"23\",\"10\":\"24\",\"10\":\"25\",\"11\":\"26\",\"11\":\"27\",\"12\":\"28\",\"12\":\"29\",\"13\":\"30\",\"13\":\"31\"}', NULL, '2018-05-30 14:46:17', NULL, '2018-06-04 15:09:09', NULL, NULL),
(92, 4, 15, 35, 'Mymensingh', 0.00, 0.00, '25110', 'S.M. Enterprise ', '[\"1\",\"2\",\"3\",\"4\",\"5\",\"6\",\"7\",\"8\",\"9\",\"10\",\"11\",\"12\",\"13\"]', '{\"1\":\"1\",\"1\":\"2\",\"2\":\"3\",\"2\":\"4\",\"3\":\"5\",\"3\":\"6\",\"3\":\"7\",\"3\":\"8\",\"3\":\"9\",\"4\":\"10\",\"4\":\"11\",\"4\":\"12\",\"5\":\"13\",\"5\":\"14\",\"5\":\"15\",\"6\":\"16\",\"6\":\"17\",\"6\":\"18\",\"6\":\"19\",\"7\":\"20\",\"8\":\"21\",\"9\":\"22\",\"10\":\"23\",\"10\":\"24\",\"10\":\"25\",\"11\":\"26\",\"11\":\"27\",\"12\":\"28\",\"12\":\"29\",\"13\":\"30\",\"13\":\"31\"}', NULL, '2018-05-30 14:46:17', NULL, '2018-06-04 15:09:09', NULL, NULL),
(93, 4, 15, 35, 'Muktagachha', 0.00, 0.00, '25115', 'Lokanath Traders', '[\"1\",\"2\",\"3\",\"4\",\"5\",\"6\",\"7\",\"8\",\"9\",\"10\",\"11\",\"12\",\"13\"]', '{\"1\":\"1\",\"1\":\"2\",\"2\":\"3\",\"2\":\"4\",\"3\":\"5\",\"3\":\"6\",\"3\":\"7\",\"3\":\"8\",\"3\":\"9\",\"4\":\"10\",\"4\":\"11\",\"4\":\"12\",\"5\":\"13\",\"5\":\"14\",\"5\":\"15\",\"6\":\"16\",\"6\":\"17\",\"6\":\"18\",\"6\":\"19\",\"7\":\"20\",\"8\":\"21\",\"9\":\"22\",\"10\":\"23\",\"10\":\"24\",\"10\":\"25\",\"11\":\"26\",\"11\":\"27\",\"12\":\"28\",\"12\":\"29\",\"13\":\"30\",\"13\":\"31\"}', NULL, '2018-05-30 14:46:17', NULL, '2018-06-04 15:09:09', NULL, NULL),
(94, 4, 15, 35, 'Shambugonj', 0.00, 0.00, '25120', 'Rimjim Enterprise', '[\"1\",\"2\",\"3\",\"4\",\"5\",\"6\",\"7\",\"8\",\"9\",\"10\",\"11\",\"12\",\"13\"]', '{\"1\":\"1\",\"1\":\"2\",\"2\":\"3\",\"2\":\"4\",\"3\":\"5\",\"3\":\"6\",\"3\":\"7\",\"3\":\"8\",\"3\":\"9\",\"4\":\"10\",\"4\":\"11\",\"4\":\"12\",\"5\":\"13\",\"5\":\"14\",\"5\":\"15\",\"6\":\"16\",\"6\":\"17\",\"6\":\"18\",\"6\":\"19\",\"7\":\"20\",\"8\":\"21\",\"9\":\"22\",\"10\":\"23\",\"10\":\"24\",\"10\":\"25\",\"11\":\"26\",\"11\":\"27\",\"12\":\"28\",\"12\":\"29\",\"13\":\"30\",\"13\":\"31\"}', NULL, '2018-05-30 14:46:17', NULL, '2018-06-04 15:09:09', NULL, NULL),
(95, 4, 15, 35, 'Shaymgonj', 0.00, 0.00, '25125', 'Pondit Store', '[\"1\",\"2\",\"3\",\"4\",\"5\",\"6\",\"7\",\"8\",\"9\",\"10\",\"11\",\"12\",\"13\"]', '{\"1\":\"1\",\"1\":\"2\",\"2\":\"3\",\"2\":\"4\",\"3\":\"5\",\"3\":\"6\",\"3\":\"7\",\"3\":\"8\",\"3\":\"9\",\"4\":\"10\",\"4\":\"11\",\"4\":\"12\",\"5\":\"13\",\"5\":\"14\",\"5\":\"15\",\"6\":\"16\",\"6\":\"17\",\"6\":\"18\",\"6\":\"19\",\"7\":\"20\",\"8\":\"21\",\"9\":\"22\",\"10\":\"23\",\"10\":\"24\",\"10\":\"25\",\"11\":\"26\",\"11\":\"27\",\"12\":\"28\",\"12\":\"29\",\"13\":\"30\",\"13\":\"31\"}', NULL, '2018-05-30 14:46:17', NULL, '2018-06-04 15:09:09', NULL, NULL),
(96, 4, 15, 36, 'Bhaluka', 0.00, 0.00, '25155', 'Talukder Traders', '[\"1\",\"2\",\"3\",\"4\",\"5\",\"6\",\"7\",\"8\",\"9\",\"10\",\"11\",\"12\",\"13\"]', '{\"1\":\"1\",\"1\":\"2\",\"2\":\"3\",\"2\":\"4\",\"3\":\"5\",\"3\":\"6\",\"3\":\"7\",\"3\":\"8\",\"3\":\"9\",\"4\":\"10\",\"4\":\"11\",\"4\":\"12\",\"5\":\"13\",\"5\":\"14\",\"5\":\"15\",\"6\":\"16\",\"6\":\"17\",\"6\":\"18\",\"6\":\"19\",\"7\":\"20\",\"8\":\"21\",\"9\":\"22\",\"10\":\"23\",\"10\":\"24\",\"10\":\"25\",\"11\":\"26\",\"11\":\"27\",\"12\":\"28\",\"12\":\"29\",\"13\":\"30\",\"13\":\"31\"}', NULL, '2018-05-30 14:46:17', NULL, '2018-06-04 15:09:09', NULL, NULL),
(97, 4, 15, 36, 'Gaforgaon', 0.00, 0.00, '25160', 'Razzak & Sons', '[\"1\",\"2\",\"3\",\"4\",\"5\",\"6\",\"7\",\"8\",\"9\",\"10\",\"11\",\"12\",\"13\"]', '{\"1\":\"1\",\"1\":\"2\",\"2\":\"3\",\"2\":\"4\",\"3\":\"5\",\"3\":\"6\",\"3\":\"7\",\"3\":\"8\",\"3\":\"9\",\"4\":\"10\",\"4\":\"11\",\"4\":\"12\",\"5\":\"13\",\"5\":\"14\",\"5\":\"15\",\"6\":\"16\",\"6\":\"17\",\"6\":\"18\",\"6\":\"19\",\"7\":\"20\",\"8\":\"21\",\"9\":\"22\",\"10\":\"23\",\"10\":\"24\",\"10\":\"25\",\"11\":\"26\",\"11\":\"27\",\"12\":\"28\",\"12\":\"29\",\"13\":\"30\",\"13\":\"31\"}', NULL, '2018-05-30 14:46:17', NULL, '2018-06-04 15:09:09', NULL, NULL),
(98, 4, 16, 37, 'Jamalpur', 0.00, 0.00, '25130', 'Siddique Porag Enterprise', '[\"1\",\"2\",\"3\",\"4\",\"5\",\"6\",\"7\",\"8\",\"9\",\"10\",\"11\",\"12\",\"13\"]', '{\"1\":\"1\",\"1\":\"2\",\"2\":\"3\",\"2\":\"4\",\"3\":\"5\",\"3\":\"6\",\"3\":\"7\",\"3\":\"8\",\"3\":\"9\",\"4\":\"10\",\"4\":\"11\",\"4\":\"12\",\"5\":\"13\",\"5\":\"14\",\"5\":\"15\",\"6\":\"16\",\"6\":\"17\",\"6\":\"18\",\"6\":\"19\",\"7\":\"20\",\"8\":\"21\",\"9\":\"22\",\"10\":\"23\",\"10\":\"24\",\"10\":\"25\",\"11\":\"26\",\"11\":\"27\",\"12\":\"28\",\"12\":\"29\",\"13\":\"30\",\"13\":\"31\"}', NULL, '2018-05-30 14:46:17', NULL, '2018-06-04 15:09:09', NULL, NULL),
(99, 4, 16, 37, 'Sarisabari', 0.00, 0.00, '25135', 'Saha Store', '[\"1\",\"2\",\"3\",\"4\",\"5\",\"6\",\"7\",\"8\",\"9\",\"10\",\"11\",\"12\",\"13\"]', '{\"1\":\"1\",\"1\":\"2\",\"2\":\"3\",\"2\":\"4\",\"3\":\"5\",\"3\":\"6\",\"3\":\"7\",\"3\":\"8\",\"3\":\"9\",\"4\":\"10\",\"4\":\"11\",\"4\":\"12\",\"5\":\"13\",\"5\":\"14\",\"5\":\"15\",\"6\":\"16\",\"6\":\"17\",\"6\":\"18\",\"6\":\"19\",\"7\":\"20\",\"8\":\"21\",\"9\":\"22\",\"10\":\"23\",\"10\":\"24\",\"10\":\"25\",\"11\":\"26\",\"11\":\"27\",\"12\":\"28\",\"12\":\"29\",\"13\":\"30\",\"13\":\"31\"}', NULL, '2018-05-30 14:46:17', NULL, '2018-06-04 15:09:09', NULL, NULL),
(100, 4, 16, 37, 'Dewangonj', 0.00, 0.00, '25140', 'Satter & Brothers', '[\"1\",\"2\",\"3\",\"4\",\"5\",\"6\",\"7\",\"8\",\"9\",\"10\",\"11\",\"12\",\"13\"]', '{\"1\":\"1\",\"1\":\"2\",\"2\":\"3\",\"2\":\"4\",\"3\":\"5\",\"3\":\"6\",\"3\":\"7\",\"3\":\"8\",\"3\":\"9\",\"4\":\"10\",\"4\":\"11\",\"4\":\"12\",\"5\":\"13\",\"5\":\"14\",\"5\":\"15\",\"6\":\"16\",\"6\":\"17\",\"6\":\"18\",\"6\":\"19\",\"7\":\"20\",\"8\":\"21\",\"9\":\"22\",\"10\":\"23\",\"10\":\"24\",\"10\":\"25\",\"11\":\"26\",\"11\":\"27\",\"12\":\"28\",\"12\":\"29\",\"13\":\"30\",\"13\":\"31\"}', NULL, '2018-05-30 14:46:17', NULL, '2018-06-04 15:09:09', NULL, NULL),
(101, 4, 16, 37, 'Bakshigonj ', 0.00, 0.00, '25145', 'Jahid Enterprise', '[\"1\",\"2\",\"3\",\"4\",\"5\",\"6\",\"7\",\"8\",\"9\",\"10\",\"11\",\"12\",\"13\"]', '{\"1\":\"1\",\"1\":\"2\",\"2\":\"3\",\"2\":\"4\",\"3\":\"5\",\"3\":\"6\",\"3\":\"7\",\"3\":\"8\",\"3\":\"9\",\"4\":\"10\",\"4\":\"11\",\"4\":\"12\",\"5\":\"13\",\"5\":\"14\",\"5\":\"15\",\"6\":\"16\",\"6\":\"17\",\"6\":\"18\",\"6\":\"19\",\"7\":\"20\",\"8\":\"21\",\"9\":\"22\",\"10\":\"23\",\"10\":\"24\",\"10\":\"25\",\"11\":\"26\",\"11\":\"27\",\"12\":\"28\",\"12\":\"29\",\"13\":\"30\",\"13\":\"31\"}', NULL, '2018-05-30 14:46:17', NULL, '2018-06-04 15:09:09', NULL, NULL),
(102, 4, 16, 37, 'Rawmari', 0.00, 0.00, '25150', 'Rezaul Traders', '[\"1\",\"2\",\"3\",\"4\",\"5\",\"6\",\"7\",\"8\",\"9\",\"10\",\"11\",\"12\",\"13\"]', '{\"1\":\"1\",\"1\":\"2\",\"2\":\"3\",\"2\":\"4\",\"3\":\"5\",\"3\":\"6\",\"3\":\"7\",\"3\":\"8\",\"3\":\"9\",\"4\":\"10\",\"4\":\"11\",\"4\":\"12\",\"5\":\"13\",\"5\":\"14\",\"5\":\"15\",\"6\":\"16\",\"6\":\"17\",\"6\":\"18\",\"6\":\"19\",\"7\":\"20\",\"8\":\"21\",\"9\":\"22\",\"10\":\"23\",\"10\":\"24\",\"10\":\"25\",\"11\":\"26\",\"11\":\"27\",\"12\":\"28\",\"12\":\"29\",\"13\":\"30\",\"13\":\"31\"}', NULL, '2018-05-30 14:46:17', NULL, '2018-06-04 15:09:09', NULL, NULL),
(103, 4, 16, 38, 'Sherpur', 0.00, 0.00, '25165', 'Janani Traders', '[\"1\",\"2\",\"3\",\"4\",\"5\",\"6\",\"7\",\"8\",\"9\",\"10\",\"11\",\"12\",\"13\"]', '{\"1\":\"1\",\"1\":\"2\",\"2\":\"3\",\"2\":\"4\",\"3\":\"5\",\"3\":\"6\",\"3\":\"7\",\"3\":\"8\",\"3\":\"9\",\"4\":\"10\",\"4\":\"11\",\"4\":\"12\",\"5\":\"13\",\"5\":\"14\",\"5\":\"15\",\"6\":\"16\",\"6\":\"17\",\"6\":\"18\",\"6\":\"19\",\"7\":\"20\",\"8\":\"21\",\"9\":\"22\",\"10\":\"23\",\"10\":\"24\",\"10\":\"25\",\"11\":\"26\",\"11\":\"27\",\"12\":\"28\",\"12\":\"29\",\"13\":\"30\",\"13\":\"31\"}', NULL, '2018-05-30 14:46:17', NULL, '2018-06-04 15:09:09', NULL, NULL),
(104, 4, 16, 38, 'Fulpur', 0.00, 0.00, '25170', '.Sohag Enterprise', '[\"1\",\"2\",\"3\",\"4\",\"5\",\"6\",\"7\",\"8\",\"9\",\"10\",\"11\",\"12\",\"13\"]', '{\"1\":\"1\",\"1\":\"2\",\"2\":\"3\",\"2\":\"4\",\"3\":\"5\",\"3\":\"6\",\"3\":\"7\",\"3\":\"8\",\"3\":\"9\",\"4\":\"10\",\"4\":\"11\",\"4\":\"12\",\"5\":\"13\",\"5\":\"14\",\"5\":\"15\",\"6\":\"16\",\"6\":\"17\",\"6\":\"18\",\"6\":\"19\",\"7\":\"20\",\"8\":\"21\",\"9\":\"22\",\"10\":\"23\",\"10\":\"24\",\"10\":\"25\",\"11\":\"26\",\"11\":\"27\",\"12\":\"28\",\"12\":\"29\",\"13\":\"30\",\"13\":\"31\"}', NULL, '2018-05-30 14:46:17', NULL, '2018-06-04 15:09:09', NULL, NULL),
(105, 4, 17, 39, 'Kotiadi', 0.00, 0.00, '25175', 'Juwel Traders.', '[\"1\",\"2\",\"3\",\"4\",\"5\",\"6\",\"7\",\"8\",\"9\",\"10\",\"11\",\"12\",\"13\"]', '{\"1\":\"1\",\"1\":\"2\",\"2\":\"3\",\"2\":\"4\",\"3\":\"5\",\"3\":\"6\",\"3\":\"7\",\"3\":\"8\",\"3\":\"9\",\"4\":\"10\",\"4\":\"11\",\"4\":\"12\",\"5\":\"13\",\"5\":\"14\",\"5\":\"15\",\"6\":\"16\",\"6\":\"17\",\"6\":\"18\",\"6\":\"19\",\"7\":\"20\",\"8\":\"21\",\"9\":\"22\",\"10\":\"23\",\"10\":\"24\",\"10\":\"25\",\"11\":\"26\",\"11\":\"27\",\"12\":\"28\",\"12\":\"29\",\"13\":\"30\",\"13\":\"31\"}', NULL, '2018-05-30 14:46:17', NULL, '2018-06-04 15:09:09', NULL, NULL),
(106, 4, 17, 39, ' Kuliarchar ', 0.00, 0.00, '25180', 'Haque Enterprise ', '[\"1\",\"2\",\"3\",\"4\",\"5\",\"6\",\"7\",\"8\",\"9\",\"10\",\"11\",\"12\",\"13\"]', '{\"1\":\"1\",\"1\":\"2\",\"2\":\"3\",\"2\":\"4\",\"3\":\"5\",\"3\":\"6\",\"3\":\"7\",\"3\":\"8\",\"3\":\"9\",\"4\":\"10\",\"4\":\"11\",\"4\":\"12\",\"5\":\"13\",\"5\":\"14\",\"5\":\"15\",\"6\":\"16\",\"6\":\"17\",\"6\":\"18\",\"6\":\"19\",\"7\":\"20\",\"8\":\"21\",\"9\":\"22\",\"10\":\"23\",\"10\":\"24\",\"10\":\"25\",\"11\":\"26\",\"11\":\"27\",\"12\":\"28\",\"12\":\"29\",\"13\":\"30\",\"13\":\"31\"}', NULL, '2018-05-30 14:46:17', NULL, '2018-06-04 15:09:09', NULL, NULL),
(107, 4, 17, 39, ' Nikle ', 0.00, 0.00, '25185', 'Nur Shahin Business Center', '[\"1\",\"2\",\"3\",\"4\",\"5\",\"6\",\"7\",\"8\",\"9\",\"10\",\"11\",\"12\",\"13\"]', '{\"1\":\"1\",\"1\":\"2\",\"2\":\"3\",\"2\":\"4\",\"3\":\"5\",\"3\":\"6\",\"3\":\"7\",\"3\":\"8\",\"3\":\"9\",\"4\":\"10\",\"4\":\"11\",\"4\":\"12\",\"5\":\"13\",\"5\":\"14\",\"5\":\"15\",\"6\":\"16\",\"6\":\"17\",\"6\":\"18\",\"6\":\"19\",\"7\":\"20\",\"8\":\"21\",\"9\":\"22\",\"10\":\"23\",\"10\":\"24\",\"10\":\"25\",\"11\":\"26\",\"11\":\"27\",\"12\":\"28\",\"12\":\"29\",\"13\":\"30\",\"13\":\"31\"}', NULL, '2018-05-30 14:46:17', NULL, '2018-06-04 15:09:09', NULL, NULL),
(108, 4, 17, 39, ' Bazitpur ', 0.00, 0.00, '25190', 'Bonik Store ', '[\"1\",\"2\",\"3\",\"4\",\"5\",\"6\",\"7\",\"8\",\"9\",\"10\",\"11\",\"12\",\"13\"]', '{\"1\":\"1\",\"1\":\"2\",\"2\":\"3\",\"2\":\"4\",\"3\":\"5\",\"3\":\"6\",\"3\":\"7\",\"3\":\"8\",\"3\":\"9\",\"4\":\"10\",\"4\":\"11\",\"4\":\"12\",\"5\":\"13\",\"5\":\"14\",\"5\":\"15\",\"6\":\"16\",\"6\":\"17\",\"6\":\"18\",\"6\":\"19\",\"7\":\"20\",\"8\":\"21\",\"9\":\"22\",\"10\":\"23\",\"10\":\"24\",\"10\":\"25\",\"11\":\"26\",\"11\":\"27\",\"12\":\"28\",\"12\":\"29\",\"13\":\"30\",\"13\":\"31\"}', NULL, '2018-05-30 14:46:17', NULL, '2018-06-04 15:09:09', NULL, NULL),
(109, 4, 17, 40, 'Netrokona ', 0.00, 0.00, '25195', 'Shah Sultan Enterprise ', '[\"1\",\"2\",\"3\",\"4\",\"5\",\"6\",\"7\",\"8\",\"9\",\"10\",\"11\",\"12\",\"13\"]', '{\"1\":\"1\",\"1\":\"2\",\"2\":\"3\",\"2\":\"4\",\"3\":\"5\",\"3\":\"6\",\"3\":\"7\",\"3\":\"8\",\"3\":\"9\",\"4\":\"10\",\"4\":\"11\",\"4\":\"12\",\"5\":\"13\",\"5\":\"14\",\"5\":\"15\",\"6\":\"16\",\"6\":\"17\",\"6\":\"18\",\"6\":\"19\",\"7\":\"20\",\"8\":\"21\",\"9\":\"22\",\"10\":\"23\",\"10\":\"24\",\"10\":\"25\",\"11\":\"26\",\"11\":\"27\",\"12\":\"28\",\"12\":\"29\",\"13\":\"30\",\"13\":\"31\"}', NULL, '2018-05-30 14:46:17', NULL, '2018-06-04 15:09:09', NULL, NULL),
(110, 4, 17, 40, ' Kalmakanda ', 0.00, 0.00, '25200', 'Moon Traders ', '[\"1\",\"2\",\"3\",\"4\",\"5\",\"6\",\"7\",\"8\",\"9\",\"10\",\"11\",\"12\",\"13\"]', '{\"1\":\"1\",\"1\":\"2\",\"2\":\"3\",\"2\":\"4\",\"3\":\"5\",\"3\":\"6\",\"3\":\"7\",\"3\":\"8\",\"3\":\"9\",\"4\":\"10\",\"4\":\"11\",\"4\":\"12\",\"5\":\"13\",\"5\":\"14\",\"5\":\"15\",\"6\":\"16\",\"6\":\"17\",\"6\":\"18\",\"6\":\"19\",\"7\":\"20\",\"8\":\"21\",\"9\":\"22\",\"10\":\"23\",\"10\":\"24\",\"10\":\"25\",\"11\":\"26\",\"11\":\"27\",\"12\":\"28\",\"12\":\"29\",\"13\":\"30\",\"13\":\"31\"}', NULL, '2018-05-30 14:46:17', NULL, '2018-06-04 15:09:09', NULL, NULL),
(111, 4, 17, 40, ' Mohangonj ', 0.00, 0.00, '25205', 'Vai VaiI Enterprise ', '[\"1\",\"2\",\"3\",\"4\",\"5\",\"6\",\"7\",\"8\",\"9\",\"10\",\"11\",\"12\",\"13\"]', '{\"1\":\"1\",\"1\":\"2\",\"2\":\"3\",\"2\":\"4\",\"3\":\"5\",\"3\":\"6\",\"3\":\"7\",\"3\":\"8\",\"3\":\"9\",\"4\":\"10\",\"4\":\"11\",\"4\":\"12\",\"5\":\"13\",\"5\":\"14\",\"5\":\"15\",\"6\":\"16\",\"6\":\"17\",\"6\":\"18\",\"6\":\"19\",\"7\":\"20\",\"8\":\"21\",\"9\":\"22\",\"10\":\"23\",\"10\":\"24\",\"10\":\"25\",\"11\":\"26\",\"11\":\"27\",\"12\":\"28\",\"12\":\"29\",\"13\":\"30\",\"13\":\"31\"}', NULL, '2018-05-30 14:46:17', NULL, '2018-06-04 15:09:09', NULL, NULL),
(112, 4, 17, 40, 'Madon ', 0.00, 0.00, '25210', ' Jubeda Enterprise.', '[\"1\",\"2\",\"3\",\"4\",\"5\",\"6\",\"7\",\"8\",\"9\",\"10\",\"11\",\"12\",\"13\"]', '{\"1\":\"1\",\"1\":\"2\",\"2\":\"3\",\"2\":\"4\",\"3\":\"5\",\"3\":\"6\",\"3\":\"7\",\"3\":\"8\",\"3\":\"9\",\"4\":\"10\",\"4\":\"11\",\"4\":\"12\",\"5\":\"13\",\"5\":\"14\",\"5\":\"15\",\"6\":\"16\",\"6\":\"17\",\"6\":\"18\",\"6\":\"19\",\"7\":\"20\",\"8\":\"21\",\"9\":\"22\",\"10\":\"23\",\"10\":\"24\",\"10\":\"25\",\"11\":\"26\",\"11\":\"27\",\"12\":\"28\",\"12\":\"29\",\"13\":\"30\",\"13\":\"31\"}', NULL, '2018-05-30 14:46:17', NULL, '2018-06-04 15:09:09', NULL, NULL),
(113, 4, 17, 41, 'Nandail', 0.00, 0.00, '25215', 'Mayer doa Store  ', '[\"1\",\"2\",\"3\",\"4\",\"5\",\"6\",\"7\",\"8\",\"9\",\"10\",\"11\",\"12\",\"13\"]', '{\"1\":\"1\",\"1\":\"2\",\"2\":\"3\",\"2\":\"4\",\"3\":\"5\",\"3\":\"6\",\"3\":\"7\",\"3\":\"8\",\"3\":\"9\",\"4\":\"10\",\"4\":\"11\",\"4\":\"12\",\"5\":\"13\",\"5\":\"14\",\"5\":\"15\",\"6\":\"16\",\"6\":\"17\",\"6\":\"18\",\"6\":\"19\",\"7\":\"20\",\"8\":\"21\",\"9\":\"22\",\"10\":\"23\",\"10\":\"24\",\"10\":\"25\",\"11\":\"26\",\"11\":\"27\",\"12\":\"28\",\"12\":\"29\",\"13\":\"30\",\"13\":\"31\"}', NULL, '2018-05-30 14:46:17', NULL, '2018-06-04 15:09:09', NULL, NULL),
(114, 4, 17, 41, 'Korimgonj', 0.00, 0.00, '25220', 'Rashel Traders ', '[\"1\",\"2\",\"3\",\"4\",\"5\",\"6\",\"7\",\"8\",\"9\",\"10\",\"11\",\"12\",\"13\"]', '{\"1\":\"1\",\"1\":\"2\",\"2\":\"3\",\"2\":\"4\",\"3\":\"5\",\"3\":\"6\",\"3\":\"7\",\"3\":\"8\",\"3\":\"9\",\"4\":\"10\",\"4\":\"11\",\"4\":\"12\",\"5\":\"13\",\"5\":\"14\",\"5\":\"15\",\"6\":\"16\",\"6\":\"17\",\"6\":\"18\",\"6\":\"19\",\"7\":\"20\",\"8\":\"21\",\"9\":\"22\",\"10\":\"23\",\"10\":\"24\",\"10\":\"25\",\"11\":\"26\",\"11\":\"27\",\"12\":\"28\",\"12\":\"29\",\"13\":\"30\",\"13\":\"31\"}', NULL, '2018-05-30 14:46:17', NULL, '2018-06-04 15:09:09', NULL, NULL),
(115, 4, 17, 41, ' Hossainpur ', 0.00, 0.00, '25225', 'Jishan Store ', '[\"1\",\"2\",\"3\",\"4\",\"5\",\"6\",\"7\",\"8\",\"9\",\"10\",\"11\",\"12\",\"13\"]', '{\"1\":\"1\",\"1\":\"2\",\"2\":\"3\",\"2\":\"4\",\"3\":\"5\",\"3\":\"6\",\"3\":\"7\",\"3\":\"8\",\"3\":\"9\",\"4\":\"10\",\"4\":\"11\",\"4\":\"12\",\"5\":\"13\",\"5\":\"14\",\"5\":\"15\",\"6\":\"16\",\"6\":\"17\",\"6\":\"18\",\"6\":\"19\",\"7\":\"20\",\"8\":\"21\",\"9\":\"22\",\"10\":\"23\",\"10\":\"24\",\"10\":\"25\",\"11\":\"26\",\"11\":\"27\",\"12\":\"28\",\"12\":\"29\",\"13\":\"30\",\"13\":\"31\"}', NULL, '2018-05-30 14:46:17', NULL, '2018-06-04 15:09:09', NULL, NULL),
(116, 4, 17, 41, ' Kishorgonj ', 0.00, 0.00, '25230', 'Hazi Safiruddin & Co. ', '[\"1\",\"2\",\"3\",\"4\",\"5\",\"6\",\"7\",\"8\",\"9\",\"10\",\"11\",\"12\",\"13\"]', '{\"1\":\"1\",\"1\":\"2\",\"2\":\"3\",\"2\":\"4\",\"3\":\"5\",\"3\":\"6\",\"3\":\"7\",\"3\":\"8\",\"3\":\"9\",\"4\":\"10\",\"4\":\"11\",\"4\":\"12\",\"5\":\"13\",\"5\":\"14\",\"5\":\"15\",\"6\":\"16\",\"6\":\"17\",\"6\":\"18\",\"6\":\"19\",\"7\":\"20\",\"8\":\"21\",\"9\":\"22\",\"10\":\"23\",\"10\":\"24\",\"10\":\"25\",\"11\":\"26\",\"11\":\"27\",\"12\":\"28\",\"12\":\"29\",\"13\":\"30\",\"13\":\"31\"}', NULL, '2018-05-30 14:46:17', NULL, '2018-06-04 15:09:09', NULL, NULL),
(117, 5, 18, 42, 'Tongi', 0.00, 0.00, '30110', 'Reazul Karim Enterprise', '[\"1\",\"2\",\"3\",\"4\",\"5\",\"6\",\"7\",\"8\",\"9\",\"10\",\"11\",\"12\",\"13\"]', '{\"1\":\"1\",\"1\":\"2\",\"2\":\"3\",\"2\":\"4\",\"3\":\"5\",\"3\":\"6\",\"3\":\"7\",\"3\":\"8\",\"3\":\"9\",\"4\":\"10\",\"4\":\"11\",\"4\":\"12\",\"5\":\"13\",\"5\":\"14\",\"5\":\"15\",\"6\":\"16\",\"6\":\"17\",\"6\":\"18\",\"6\":\"19\",\"7\":\"20\",\"8\":\"21\",\"9\":\"22\",\"10\":\"23\",\"10\":\"24\",\"10\":\"25\",\"11\":\"26\",\"11\":\"27\",\"12\":\"28\",\"12\":\"29\",\"13\":\"30\",\"13\":\"31\"}', NULL, '2018-05-30 14:46:17', NULL, '2018-06-04 15:09:10', NULL, NULL),
(118, 5, 18, 42, 'Mirerbazar', 0.00, 0.00, '30125', 'Majukhan Enterprise', '[\"1\",\"2\",\"3\",\"4\",\"5\",\"6\",\"7\",\"8\",\"9\",\"10\",\"11\",\"12\",\"13\"]', '{\"1\":\"1\",\"1\":\"2\",\"2\":\"3\",\"2\":\"4\",\"3\":\"5\",\"3\":\"6\",\"3\":\"7\",\"3\":\"8\",\"3\":\"9\",\"4\":\"10\",\"4\":\"11\",\"4\":\"12\",\"5\":\"13\",\"5\":\"14\",\"5\":\"15\",\"6\":\"16\",\"6\":\"17\",\"6\":\"18\",\"6\":\"19\",\"7\":\"20\",\"8\":\"21\",\"9\":\"22\",\"10\":\"23\",\"10\":\"24\",\"10\":\"25\",\"11\":\"26\",\"11\":\"27\",\"12\":\"28\",\"12\":\"29\",\"13\":\"30\",\"13\":\"31\"}', NULL, '2018-05-30 14:46:17', NULL, '2018-06-04 15:09:10', NULL, NULL),
(119, 5, 18, 43, 'Uttara', 0.00, 0.00, '30115', 'Saiful & Brothers', '[\"1\",\"2\",\"3\",\"4\",\"5\",\"6\",\"7\",\"8\",\"9\",\"10\",\"11\",\"12\",\"13\"]', '{\"1\":\"1\",\"1\":\"2\",\"2\":\"3\",\"2\":\"4\",\"3\":\"5\",\"3\":\"6\",\"3\":\"7\",\"3\":\"8\",\"3\":\"9\",\"4\":\"10\",\"4\":\"11\",\"4\":\"12\",\"5\":\"13\",\"5\":\"14\",\"5\":\"15\",\"6\":\"16\",\"6\":\"17\",\"6\":\"18\",\"6\":\"19\",\"7\":\"20\",\"8\":\"21\",\"9\":\"22\",\"10\":\"23\",\"10\":\"24\",\"10\":\"25\",\"11\":\"26\",\"11\":\"27\",\"12\":\"28\",\"12\":\"29\",\"13\":\"30\",\"13\":\"31\"}', NULL, '2018-05-30 14:46:17', NULL, '2018-06-04 15:09:10', NULL, NULL),
(120, 5, 18, 44, 'Dakhin Khan', 0.00, 0.00, '30120', 'Saad Traders', '[\"1\",\"2\",\"3\",\"4\",\"5\",\"6\",\"7\",\"8\",\"9\",\"10\",\"11\",\"12\",\"13\"]', '{\"1\":\"1\",\"1\":\"2\",\"2\":\"3\",\"2\":\"4\",\"3\":\"5\",\"3\":\"6\",\"3\":\"7\",\"3\":\"8\",\"3\":\"9\",\"4\":\"10\",\"4\":\"11\",\"4\":\"12\",\"5\":\"13\",\"5\":\"14\",\"5\":\"15\",\"6\":\"16\",\"6\":\"17\",\"6\":\"18\",\"6\":\"19\",\"7\":\"20\",\"8\":\"21\",\"9\":\"22\",\"10\":\"23\",\"10\":\"24\",\"10\":\"25\",\"11\":\"26\",\"11\":\"27\",\"12\":\"28\",\"12\":\"29\",\"13\":\"30\",\"13\":\"31\"}', NULL, '2018-05-30 14:46:17', NULL, '2018-06-04 15:09:10', NULL, NULL),
(121, 5, 18, 45, 'Board Bazar', 0.00, 0.00, '30130', 'Tijara Corporation', '[\"1\",\"2\",\"3\",\"4\",\"5\",\"6\",\"7\",\"8\",\"9\",\"10\",\"11\",\"12\",\"13\"]', '{\"1\":\"1\",\"1\":\"2\",\"2\":\"3\",\"2\":\"4\",\"3\":\"5\",\"3\":\"6\",\"3\":\"7\",\"3\":\"8\",\"3\":\"9\",\"4\":\"10\",\"4\":\"11\",\"4\":\"12\",\"5\":\"13\",\"5\":\"14\",\"5\":\"15\",\"6\":\"16\",\"6\":\"17\",\"6\":\"18\",\"6\":\"19\",\"7\":\"20\",\"8\":\"21\",\"9\":\"22\",\"10\":\"23\",\"10\":\"24\",\"10\":\"25\",\"11\":\"26\",\"11\":\"27\",\"12\":\"28\",\"12\":\"29\",\"13\":\"30\",\"13\":\"31\"}', NULL, '2018-05-30 14:46:17', NULL, '2018-06-04 15:09:10', NULL, NULL),
(122, 5, 19, 46, 'Gazipur', 0.00, 0.00, '30135', ' Talukder Traders', '[\"1\",\"2\",\"3\",\"4\",\"5\",\"6\",\"7\",\"8\",\"9\",\"10\",\"11\",\"12\",\"13\"]', '{\"1\":\"1\",\"1\":\"2\",\"2\":\"3\",\"2\":\"4\",\"3\":\"5\",\"3\":\"6\",\"3\":\"7\",\"3\":\"8\",\"3\":\"9\",\"4\":\"10\",\"4\":\"11\",\"4\":\"12\",\"5\":\"13\",\"5\":\"14\",\"5\":\"15\",\"6\":\"16\",\"6\":\"17\",\"6\":\"18\",\"6\":\"19\",\"7\":\"20\",\"8\":\"21\",\"9\":\"22\",\"10\":\"23\",\"10\":\"24\",\"10\":\"25\",\"11\":\"26\",\"11\":\"27\",\"12\":\"28\",\"12\":\"29\",\"13\":\"30\",\"13\":\"31\"}', NULL, '2018-05-30 14:46:17', NULL, '2018-06-04 15:09:10', NULL, NULL),
(123, 5, 19, 47, 'Kapasia', 0.00, 0.00, '30140', ' Khan Brothers', '[\"1\",\"2\",\"3\",\"4\",\"5\",\"6\",\"7\",\"8\",\"9\",\"10\",\"11\",\"12\",\"13\"]', '{\"1\":\"1\",\"1\":\"2\",\"2\":\"3\",\"2\":\"4\",\"3\":\"5\",\"3\":\"6\",\"3\":\"7\",\"3\":\"8\",\"3\":\"9\",\"4\":\"10\",\"4\":\"11\",\"4\":\"12\",\"5\":\"13\",\"5\":\"14\",\"5\":\"15\",\"6\":\"16\",\"6\":\"17\",\"6\":\"18\",\"6\":\"19\",\"7\":\"20\",\"8\":\"21\",\"9\":\"22\",\"10\":\"23\",\"10\":\"24\",\"10\":\"25\",\"11\":\"26\",\"11\":\"27\",\"12\":\"28\",\"12\":\"29\",\"13\":\"30\",\"13\":\"31\"}', NULL, '2018-05-30 14:46:17', NULL, '2018-06-04 15:09:10', NULL, NULL),
(124, 5, 19, 48, 'Hotapara', 0.00, 0.00, '30145', 'Shawon Traders', '[\"1\",\"2\",\"3\",\"4\",\"5\",\"6\",\"7\",\"8\",\"9\",\"10\",\"11\",\"12\",\"13\"]', '{\"1\":\"1\",\"1\":\"2\",\"2\":\"3\",\"2\":\"4\",\"3\":\"5\",\"3\":\"6\",\"3\":\"7\",\"3\":\"8\",\"3\":\"9\",\"4\":\"10\",\"4\":\"11\",\"4\":\"12\",\"5\":\"13\",\"5\":\"14\",\"5\":\"15\",\"6\":\"16\",\"6\":\"17\",\"6\":\"18\",\"6\":\"19\",\"7\":\"20\",\"8\":\"21\",\"9\":\"22\",\"10\":\"23\",\"10\":\"24\",\"10\":\"25\",\"11\":\"26\",\"11\":\"27\",\"12\":\"28\",\"12\":\"29\",\"13\":\"30\",\"13\":\"31\"}', NULL, '2018-05-30 14:46:17', NULL, '2018-06-04 15:09:10', NULL, NULL),
(125, 5, 19, 49, 'Mawna', 0.00, 0.00, '30150', 'Rudro Bristy Enterprise', '[\"1\",\"2\",\"3\",\"4\",\"5\",\"6\",\"7\",\"8\",\"9\",\"10\",\"11\",\"12\",\"13\"]', '{\"1\":\"1\",\"1\":\"2\",\"2\":\"3\",\"2\":\"4\",\"3\":\"5\",\"3\":\"6\",\"3\":\"7\",\"3\":\"8\",\"3\":\"9\",\"4\":\"10\",\"4\":\"11\",\"4\":\"12\",\"5\":\"13\",\"5\":\"14\",\"5\":\"15\",\"6\":\"16\",\"6\":\"17\",\"6\":\"18\",\"6\":\"19\",\"7\":\"20\",\"8\":\"21\",\"9\":\"22\",\"10\":\"23\",\"10\":\"24\",\"10\":\"25\",\"11\":\"26\",\"11\":\"27\",\"12\":\"28\",\"12\":\"29\",\"13\":\"30\",\"13\":\"31\"}', NULL, '2018-05-30 14:46:17', NULL, '2018-06-04 15:09:10', NULL, NULL),
(126, 5, 19, 50, 'Konabari', 0.00, 0.00, '40150', 'Bismillah Traders', '[\"1\",\"2\",\"3\",\"4\",\"5\",\"6\",\"7\",\"8\",\"9\",\"10\",\"11\",\"12\",\"13\"]', '{\"1\":\"1\",\"1\":\"2\",\"2\":\"3\",\"2\":\"4\",\"3\":\"5\",\"3\":\"6\",\"3\":\"7\",\"3\":\"8\",\"3\":\"9\",\"4\":\"10\",\"4\":\"11\",\"4\":\"12\",\"5\":\"13\",\"5\":\"14\",\"5\":\"15\",\"6\":\"16\",\"6\":\"17\",\"6\":\"18\",\"6\":\"19\",\"7\":\"20\",\"8\":\"21\",\"9\":\"22\",\"10\":\"23\",\"10\":\"24\",\"10\":\"25\",\"11\":\"26\",\"11\":\"27\",\"12\":\"28\",\"12\":\"29\",\"13\":\"30\",\"13\":\"31\"}', NULL, '2018-05-30 14:46:17', NULL, '2018-06-04 15:09:10', NULL, NULL),
(127, 5, 19, 51, 'Kaliakoir', 0.00, 0.00, '40155', 'Ela Enterprise', '[\"1\",\"2\",\"3\",\"4\",\"5\",\"6\",\"7\",\"8\",\"9\",\"10\",\"11\",\"12\",\"13\"]', '{\"1\":\"1\",\"1\":\"2\",\"2\":\"3\",\"2\":\"4\",\"3\":\"5\",\"3\":\"6\",\"3\":\"7\",\"3\":\"8\",\"3\":\"9\",\"4\":\"10\",\"4\":\"11\",\"4\":\"12\",\"5\":\"13\",\"5\":\"14\",\"5\":\"15\",\"6\":\"16\",\"6\":\"17\",\"6\":\"18\",\"6\":\"19\",\"7\":\"20\",\"8\":\"21\",\"9\":\"22\",\"10\":\"23\",\"10\":\"24\",\"10\":\"25\",\"11\":\"26\",\"11\":\"27\",\"12\":\"28\",\"12\":\"29\",\"13\":\"30\",\"13\":\"31\"}', NULL, '2018-05-30 14:46:17', NULL, '2018-06-04 15:09:10', NULL, NULL),
(128, 5, 19, 51, 'Shakipur', 0.00, 0.00, '40160', 'Rafi Sumi Ent', '[\"1\",\"2\",\"3\",\"4\",\"5\",\"6\",\"7\",\"8\",\"9\",\"10\",\"11\",\"12\",\"13\"]', '{\"1\":\"1\",\"1\":\"2\",\"2\":\"3\",\"2\":\"4\",\"3\":\"5\",\"3\":\"6\",\"3\":\"7\",\"3\":\"8\",\"3\":\"9\",\"4\":\"10\",\"4\":\"11\",\"4\":\"12\",\"5\":\"13\",\"5\":\"14\",\"5\":\"15\",\"6\":\"16\",\"6\":\"17\",\"6\":\"18\",\"6\":\"19\",\"7\":\"20\",\"8\":\"21\",\"9\":\"22\",\"10\":\"23\",\"10\":\"24\",\"10\":\"25\",\"11\":\"26\",\"11\":\"27\",\"12\":\"28\",\"12\":\"29\",\"13\":\"30\",\"13\":\"31\"}', NULL, '2018-05-30 14:46:17', NULL, '2018-06-04 15:09:10', NULL, NULL),
(129, 5, 20, 52, 'Narsingdi', 0.00, 0.00, '30155', 'Lisan Enterprise', '[\"1\",\"2\",\"3\",\"4\",\"5\",\"6\",\"7\",\"8\",\"9\",\"10\",\"11\",\"12\",\"13\"]', '{\"1\":\"1\",\"1\":\"2\",\"2\":\"3\",\"2\":\"4\",\"3\":\"5\",\"3\":\"6\",\"3\":\"7\",\"3\":\"8\",\"3\":\"9\",\"4\":\"10\",\"4\":\"11\",\"4\":\"12\",\"5\":\"13\",\"5\":\"14\",\"5\":\"15\",\"6\":\"16\",\"6\":\"17\",\"6\":\"18\",\"6\":\"19\",\"7\":\"20\",\"8\":\"21\",\"9\":\"22\",\"10\":\"23\",\"10\":\"24\",\"10\":\"25\",\"11\":\"26\",\"11\":\"27\",\"12\":\"28\",\"12\":\"29\",\"13\":\"30\",\"13\":\"31\"}', NULL, '2018-05-30 14:46:17', NULL, '2018-06-04 15:09:10', NULL, NULL),
(130, 5, 20, 53, 'Raipura', 0.00, 0.00, '30160', 'Bondu Traders', '[\"1\",\"2\",\"3\",\"4\",\"5\",\"6\",\"7\",\"8\",\"9\",\"10\",\"11\",\"12\",\"13\"]', '{\"1\":\"1\",\"1\":\"2\",\"2\":\"3\",\"2\":\"4\",\"3\":\"5\",\"3\":\"6\",\"3\":\"7\",\"3\":\"8\",\"3\":\"9\",\"4\":\"10\",\"4\":\"11\",\"4\":\"12\",\"5\":\"13\",\"5\":\"14\",\"5\":\"15\",\"6\":\"16\",\"6\":\"17\",\"6\":\"18\",\"6\":\"19\",\"7\":\"20\",\"8\":\"21\",\"9\":\"22\",\"10\":\"23\",\"10\":\"24\",\"10\":\"25\",\"11\":\"26\",\"11\":\"27\",\"12\":\"28\",\"12\":\"29\",\"13\":\"30\",\"13\":\"31\"}', NULL, '2018-05-30 14:46:17', NULL, '2018-06-04 15:09:10', NULL, NULL),
(131, 5, 20, 53, 'Bhairab', 0.00, 0.00, '30165', 'Nazma Enterprise', '[\"1\",\"2\",\"3\",\"4\",\"5\",\"6\",\"7\",\"8\",\"9\",\"10\",\"11\",\"12\",\"13\"]', '{\"1\":\"1\",\"1\":\"2\",\"2\":\"3\",\"2\":\"4\",\"3\":\"5\",\"3\":\"6\",\"3\":\"7\",\"3\":\"8\",\"3\":\"9\",\"4\":\"10\",\"4\":\"11\",\"4\":\"12\",\"5\":\"13\",\"5\":\"14\",\"5\":\"15\",\"6\":\"16\",\"6\":\"17\",\"6\":\"18\",\"6\":\"19\",\"7\":\"20\",\"8\":\"21\",\"9\":\"22\",\"10\":\"23\",\"10\":\"24\",\"10\":\"25\",\"11\":\"26\",\"11\":\"27\",\"12\":\"28\",\"12\":\"29\",\"13\":\"30\",\"13\":\"31\"}', NULL, '2018-05-30 14:46:17', NULL, '2018-06-04 15:09:10', NULL, NULL),
(132, 5, 20, 54, 'Rupgonj', 0.00, 0.00, '30170', '  S. Bhuiyan & Co.', '[\"1\",\"2\",\"3\",\"4\",\"5\",\"6\",\"7\",\"8\",\"9\",\"10\",\"11\",\"12\",\"13\"]', '{\"1\":\"1\",\"1\":\"2\",\"2\":\"3\",\"2\":\"4\",\"3\":\"5\",\"3\":\"6\",\"3\":\"7\",\"3\":\"8\",\"3\":\"9\",\"4\":\"10\",\"4\":\"11\",\"4\":\"12\",\"5\":\"13\",\"5\":\"14\",\"5\":\"15\",\"6\":\"16\",\"6\":\"17\",\"6\":\"18\",\"6\":\"19\",\"7\":\"20\",\"8\":\"21\",\"9\":\"22\",\"10\":\"23\",\"10\":\"24\",\"10\":\"25\",\"11\":\"26\",\"11\":\"27\",\"12\":\"28\",\"12\":\"29\",\"13\":\"30\",\"13\":\"31\"}', NULL, '2018-05-30 14:46:17', NULL, '2018-06-04 15:09:10', NULL, NULL),
(133, 5, 20, 54, 'Araihazar', 0.00, 0.00, '30175', 'Labina Traders', '[\"1\",\"2\",\"3\",\"4\",\"5\",\"6\",\"7\",\"8\",\"9\",\"10\",\"11\",\"12\",\"13\"]', '{\"1\":\"1\",\"1\":\"2\",\"2\":\"3\",\"2\":\"4\",\"3\":\"5\",\"3\":\"6\",\"3\":\"7\",\"3\":\"8\",\"3\":\"9\",\"4\":\"10\",\"4\":\"11\",\"4\":\"12\",\"5\":\"13\",\"5\":\"14\",\"5\":\"15\",\"6\":\"16\",\"6\":\"17\",\"6\":\"18\",\"6\":\"19\",\"7\":\"20\",\"8\":\"21\",\"9\":\"22\",\"10\":\"23\",\"10\":\"24\",\"10\":\"25\",\"11\":\"26\",\"11\":\"27\",\"12\":\"28\",\"12\":\"29\",\"13\":\"30\",\"13\":\"31\"}', NULL, '2018-05-30 14:46:17', NULL, '2018-06-04 15:09:10', NULL, NULL),
(134, 5, 21, 55, 'Gulshan', 0.00, 0.00, '30180', 'M.M Enterprise', '[\"1\",\"2\",\"3\",\"4\",\"5\",\"6\",\"7\",\"8\",\"9\",\"10\",\"11\",\"12\",\"13\"]', '{\"1\":\"1\",\"1\":\"2\",\"2\":\"3\",\"2\":\"4\",\"3\":\"5\",\"3\":\"6\",\"3\":\"7\",\"3\":\"8\",\"3\":\"9\",\"4\":\"10\",\"4\":\"11\",\"4\":\"12\",\"5\":\"13\",\"5\":\"14\",\"5\":\"15\",\"6\":\"16\",\"6\":\"17\",\"6\":\"18\",\"6\":\"19\",\"7\":\"20\",\"8\":\"21\",\"9\":\"22\",\"10\":\"23\",\"10\":\"24\",\"10\":\"25\",\"11\":\"26\",\"11\":\"27\",\"12\":\"28\",\"12\":\"29\",\"13\":\"30\",\"13\":\"31\"}', NULL, '2018-05-30 14:46:17', NULL, '2018-06-04 15:09:10', NULL, NULL),
(135, 5, 21, 55, 'Khilgoan', 0.00, 0.00, '30185', 'J.K Traders', '[\"1\",\"2\",\"3\",\"4\",\"5\",\"6\",\"7\",\"8\",\"9\",\"10\",\"11\",\"12\",\"13\"]', '{\"1\":\"1\",\"1\":\"2\",\"2\":\"3\",\"2\":\"4\",\"3\":\"5\",\"3\":\"6\",\"3\":\"7\",\"3\":\"8\",\"3\":\"9\",\"4\":\"10\",\"4\":\"11\",\"4\":\"12\",\"5\":\"13\",\"5\":\"14\",\"5\":\"15\",\"6\":\"16\",\"6\":\"17\",\"6\":\"18\",\"6\":\"19\",\"7\":\"20\",\"8\":\"21\",\"9\":\"22\",\"10\":\"23\",\"10\":\"24\",\"10\":\"25\",\"11\":\"26\",\"11\":\"27\",\"12\":\"28\",\"12\":\"29\",\"13\":\"30\",\"13\":\"31\"}', NULL, '2018-05-30 14:46:17', NULL, '2018-06-04 15:09:10', NULL, NULL),
(136, 5, 21, 56, 'Tejgoan', 0.00, 0.00, '30190', 'Wafa Enterprise', '[\"1\",\"2\",\"3\",\"4\",\"5\",\"6\",\"7\",\"8\",\"9\",\"10\",\"11\",\"12\",\"13\"]', '{\"1\":\"1\",\"1\":\"2\",\"2\":\"3\",\"2\":\"4\",\"3\":\"5\",\"3\":\"6\",\"3\":\"7\",\"3\":\"8\",\"3\":\"9\",\"4\":\"10\",\"4\":\"11\",\"4\":\"12\",\"5\":\"13\",\"5\":\"14\",\"5\":\"15\",\"6\":\"16\",\"6\":\"17\",\"6\":\"18\",\"6\":\"19\",\"7\":\"20\",\"8\":\"21\",\"9\":\"22\",\"10\":\"23\",\"10\":\"24\",\"10\":\"25\",\"11\":\"26\",\"11\":\"27\",\"12\":\"28\",\"12\":\"29\",\"13\":\"30\",\"13\":\"31\"}', NULL, '2018-05-30 14:46:17', NULL, '2018-06-04 15:09:10', NULL, NULL),
(137, 5, 21, 56, 'Rampura', 0.00, 0.00, '30195', 'Islam Trading', '[\"1\",\"2\",\"3\",\"4\",\"5\",\"6\",\"7\",\"8\",\"9\",\"10\",\"11\",\"12\",\"13\"]', '{\"1\":\"1\",\"1\":\"2\",\"2\":\"3\",\"2\":\"4\",\"3\":\"5\",\"3\":\"6\",\"3\":\"7\",\"3\":\"8\",\"3\":\"9\",\"4\":\"10\",\"4\":\"11\",\"4\":\"12\",\"5\":\"13\",\"5\":\"14\",\"5\":\"15\",\"6\":\"16\",\"6\":\"17\",\"6\":\"18\",\"6\":\"19\",\"7\":\"20\",\"8\":\"21\",\"9\":\"22\",\"10\":\"23\",\"10\":\"24\",\"10\":\"25\",\"11\":\"26\",\"11\":\"27\",\"12\":\"28\",\"12\":\"29\",\"13\":\"30\",\"13\":\"31\"}', NULL, '2018-05-30 14:46:17', NULL, '2018-06-04 15:09:10', NULL, NULL),
(138, 5, 21, 57, 'Badda', 0.00, 0.00, '30200', 'Razzak Traders', '[\"1\",\"2\",\"3\",\"4\",\"5\",\"6\",\"7\",\"8\",\"9\",\"10\",\"11\",\"12\",\"13\"]', '{\"1\":\"1\",\"1\":\"2\",\"2\":\"3\",\"2\":\"4\",\"3\":\"5\",\"3\":\"6\",\"3\":\"7\",\"3\":\"8\",\"3\":\"9\",\"4\":\"10\",\"4\":\"11\",\"4\":\"12\",\"5\":\"13\",\"5\":\"14\",\"5\":\"15\",\"6\":\"16\",\"6\":\"17\",\"6\":\"18\",\"6\":\"19\",\"7\":\"20\",\"8\":\"21\",\"9\":\"22\",\"10\":\"23\",\"10\":\"24\",\"10\":\"25\",\"11\":\"26\",\"11\":\"27\",\"12\":\"28\",\"12\":\"29\",\"13\":\"30\",\"13\":\"31\"}', NULL, '2018-05-30 14:46:17', NULL, '2018-06-04 15:09:10', NULL, NULL),
(139, 5, 21, 57, 'Dumni', 0.00, 0.00, '30205', 'Raisa Enterprise 2', '[\"1\",\"2\",\"3\",\"4\",\"5\",\"6\",\"7\",\"8\",\"9\",\"10\",\"11\",\"12\",\"13\"]', '{\"1\":\"1\",\"1\":\"2\",\"2\":\"3\",\"2\":\"4\",\"3\":\"5\",\"3\":\"6\",\"3\":\"7\",\"3\":\"8\",\"3\":\"9\",\"4\":\"10\",\"4\":\"11\",\"4\":\"12\",\"5\":\"13\",\"5\":\"14\",\"5\":\"15\",\"6\":\"16\",\"6\":\"17\",\"6\":\"18\",\"6\":\"19\",\"7\":\"20\",\"8\":\"21\",\"9\":\"22\",\"10\":\"23\",\"10\":\"24\",\"10\":\"25\",\"11\":\"26\",\"11\":\"27\",\"12\":\"28\",\"12\":\"29\",\"13\":\"30\",\"13\":\"31\"}', NULL, '2018-05-30 14:46:17', NULL, '2018-06-04 15:09:10', NULL, NULL),
(140, 6, 22, 58, 'Lalbag', 0.00, 0.00, '35110', 'Rafsan Traders', '[\"1\",\"2\",\"3\",\"4\",\"5\",\"6\",\"7\",\"8\",\"9\",\"10\",\"11\",\"12\",\"13\"]', '{\"1\":\"1\",\"1\":\"2\",\"2\":\"3\",\"2\":\"4\",\"3\":\"5\",\"3\":\"6\",\"3\":\"7\",\"3\":\"8\",\"3\":\"9\",\"4\":\"10\",\"4\":\"11\",\"4\":\"12\",\"5\":\"13\",\"5\":\"14\",\"5\":\"15\",\"6\":\"16\",\"6\":\"17\",\"6\":\"18\",\"6\":\"19\",\"7\":\"20\",\"8\":\"21\",\"9\":\"22\",\"10\":\"23\",\"10\":\"24\",\"10\":\"25\",\"11\":\"26\",\"11\":\"27\",\"12\":\"28\",\"12\":\"29\",\"13\":\"30\",\"13\":\"31\"}', NULL, '2018-05-30 14:46:17', NULL, '2018-06-04 15:09:10', NULL, NULL),
(141, 6, 22, 58, 'Kamrangichar', 0.00, 0.00, '35115', 'Al Amin Enterprise', '[\"1\",\"2\",\"3\",\"4\",\"5\",\"6\",\"7\",\"8\",\"9\",\"10\",\"11\",\"12\",\"13\"]', '{\"1\":\"1\",\"1\":\"2\",\"2\":\"3\",\"2\":\"4\",\"3\":\"5\",\"3\":\"6\",\"3\":\"7\",\"3\":\"8\",\"3\":\"9\",\"4\":\"10\",\"4\":\"11\",\"4\":\"12\",\"5\":\"13\",\"5\":\"14\",\"5\":\"15\",\"6\":\"16\",\"6\":\"17\",\"6\":\"18\",\"6\":\"19\",\"7\":\"20\",\"8\":\"21\",\"9\":\"22\",\"10\":\"23\",\"10\":\"24\",\"10\":\"25\",\"11\":\"26\",\"11\":\"27\",\"12\":\"28\",\"12\":\"29\",\"13\":\"30\",\"13\":\"31\"}', NULL, '2018-05-30 14:46:17', NULL, '2018-06-04 15:09:10', NULL, NULL),
(142, 6, 22, 59, 'Mohammadpur', 0.00, 0.00, '35120', 'Mannan Enterprise', '[\"1\",\"2\",\"3\",\"4\",\"5\",\"6\",\"7\",\"8\",\"9\",\"10\",\"11\",\"12\",\"13\"]', '{\"1\":\"1\",\"1\":\"2\",\"2\":\"3\",\"2\":\"4\",\"3\":\"5\",\"3\":\"6\",\"3\":\"7\",\"3\":\"8\",\"3\":\"9\",\"4\":\"10\",\"4\":\"11\",\"4\":\"12\",\"5\":\"13\",\"5\":\"14\",\"5\":\"15\",\"6\":\"16\",\"6\":\"17\",\"6\":\"18\",\"6\":\"19\",\"7\":\"20\",\"8\":\"21\",\"9\":\"22\",\"10\":\"23\",\"10\":\"24\",\"10\":\"25\",\"11\":\"26\",\"11\":\"27\",\"12\":\"28\",\"12\":\"29\",\"13\":\"30\",\"13\":\"31\"}', NULL, '2018-05-30 14:46:17', NULL, '2018-06-04 15:09:10', NULL, NULL),
(143, 6, 22, 59, 'Zigatola', 0.00, 0.00, '35125', 'Hossain Trading Corporation', '[\"1\",\"2\",\"3\",\"4\",\"5\",\"6\",\"7\",\"8\",\"9\",\"10\",\"11\",\"12\",\"13\"]', '{\"1\":\"1\",\"1\":\"2\",\"2\":\"3\",\"2\":\"4\",\"3\":\"5\",\"3\":\"6\",\"3\":\"7\",\"3\":\"8\",\"3\":\"9\",\"4\":\"10\",\"4\":\"11\",\"4\":\"12\",\"5\":\"13\",\"5\":\"14\",\"5\":\"15\",\"6\":\"16\",\"6\":\"17\",\"6\":\"18\",\"6\":\"19\",\"7\":\"20\",\"8\":\"21\",\"9\":\"22\",\"10\":\"23\",\"10\":\"24\",\"10\":\"25\",\"11\":\"26\",\"11\":\"27\",\"12\":\"28\",\"12\":\"29\",\"13\":\"30\",\"13\":\"31\"}', NULL, '2018-05-30 14:46:17', NULL, '2018-06-04 15:09:10', NULL, NULL),
(144, 6, 22, 60, 'Hatirpool', 0.00, 0.00, '35130', 'Dhaka Confectionery', '[\"1\",\"2\",\"3\",\"4\",\"5\",\"6\",\"7\",\"8\",\"9\",\"10\",\"11\",\"12\",\"13\"]', '{\"1\":\"1\",\"1\":\"2\",\"2\":\"3\",\"2\":\"4\",\"3\":\"5\",\"3\":\"6\",\"3\":\"7\",\"3\":\"8\",\"3\":\"9\",\"4\":\"10\",\"4\":\"11\",\"4\":\"12\",\"5\":\"13\",\"5\":\"14\",\"5\":\"15\",\"6\":\"16\",\"6\":\"17\",\"6\":\"18\",\"6\":\"19\",\"7\":\"20\",\"8\":\"21\",\"9\":\"22\",\"10\":\"23\",\"10\":\"24\",\"10\":\"25\",\"11\":\"26\",\"11\":\"27\",\"12\":\"28\",\"12\":\"29\",\"13\":\"30\",\"13\":\"31\"}', NULL, '2018-05-30 14:46:17', NULL, '2018-06-04 15:09:10', NULL, NULL),
(145, 6, 22, 60, 'Farmgate', 0.00, 0.00, '35135', 'Fahim Enterprise', '[\"1\",\"2\",\"3\",\"4\",\"5\",\"6\",\"7\",\"8\",\"9\",\"10\",\"11\",\"12\",\"13\"]', '{\"1\":\"1\",\"1\":\"2\",\"2\":\"3\",\"2\":\"4\",\"3\":\"5\",\"3\":\"6\",\"3\":\"7\",\"3\":\"8\",\"3\":\"9\",\"4\":\"10\",\"4\":\"11\",\"4\":\"12\",\"5\":\"13\",\"5\":\"14\",\"5\":\"15\",\"6\":\"16\",\"6\":\"17\",\"6\":\"18\",\"6\":\"19\",\"7\":\"20\",\"8\":\"21\",\"9\":\"22\",\"10\":\"23\",\"10\":\"24\",\"10\":\"25\",\"11\":\"26\",\"11\":\"27\",\"12\":\"28\",\"12\":\"29\",\"13\":\"30\",\"13\":\"31\"}', NULL, '2018-05-30 14:46:17', NULL, '2018-06-04 15:09:11', NULL, NULL),
(146, 6, 23, 61, 'Jatrabari', 0.00, 0.00, '35140', 'Maa Enterprise', '[\"1\",\"2\",\"3\",\"4\",\"5\",\"6\",\"7\",\"8\",\"9\",\"10\",\"11\",\"12\",\"13\"]', '{\"1\":\"1\",\"1\":\"2\",\"2\":\"3\",\"2\":\"4\",\"3\":\"5\",\"3\":\"6\",\"3\":\"7\",\"3\":\"8\",\"3\":\"9\",\"4\":\"10\",\"4\":\"11\",\"4\":\"12\",\"5\":\"13\",\"5\":\"14\",\"5\":\"15\",\"6\":\"16\",\"6\":\"17\",\"6\":\"18\",\"6\":\"19\",\"7\":\"20\",\"8\":\"21\",\"9\":\"22\",\"10\":\"23\",\"10\":\"24\",\"10\":\"25\",\"11\":\"26\",\"11\":\"27\",\"12\":\"28\",\"12\":\"29\",\"13\":\"30\",\"13\":\"31\"}', NULL, '2018-05-30 14:46:17', NULL, '2018-06-04 15:09:11', NULL, NULL),
(147, 6, 23, 62, 'Demra', 0.00, 0.00, '35145', 'Nuha Trade Center', '[\"1\",\"2\",\"3\",\"4\",\"5\",\"6\",\"7\",\"8\",\"9\",\"10\",\"11\",\"12\",\"13\"]', '{\"1\":\"1\",\"1\":\"2\",\"2\":\"3\",\"2\":\"4\",\"3\":\"5\",\"3\":\"6\",\"3\":\"7\",\"3\":\"8\",\"3\":\"9\",\"4\":\"10\",\"4\":\"11\",\"4\":\"12\",\"5\":\"13\",\"5\":\"14\",\"5\":\"15\",\"6\":\"16\",\"6\":\"17\",\"6\":\"18\",\"6\":\"19\",\"7\":\"20\",\"8\":\"21\",\"9\":\"22\",\"10\":\"23\",\"10\":\"24\",\"10\":\"25\",\"11\":\"26\",\"11\":\"27\",\"12\":\"28\",\"12\":\"29\",\"13\":\"30\",\"13\":\"31\"}', NULL, '2018-05-30 14:46:17', NULL, '2018-06-04 15:09:11', NULL, NULL),
(148, 6, 23, 63, 'Sutrapur', 0.00, 0.00, '35150', 'Al Madina G.Store', '[\"1\",\"2\",\"3\",\"4\",\"5\",\"6\",\"7\",\"8\",\"9\",\"10\",\"11\",\"12\",\"13\"]', '{\"1\":\"1\",\"1\":\"2\",\"2\":\"3\",\"2\":\"4\",\"3\":\"5\",\"3\":\"6\",\"3\":\"7\",\"3\":\"8\",\"3\":\"9\",\"4\":\"10\",\"4\":\"11\",\"4\":\"12\",\"5\":\"13\",\"5\":\"14\",\"5\":\"15\",\"6\":\"16\",\"6\":\"17\",\"6\":\"18\",\"6\":\"19\",\"7\":\"20\",\"8\":\"21\",\"9\":\"22\",\"10\":\"23\",\"10\":\"24\",\"10\":\"25\",\"11\":\"26\",\"11\":\"27\",\"12\":\"28\",\"12\":\"29\",\"13\":\"30\",\"13\":\"31\"}', NULL, '2018-05-30 14:46:17', NULL, '2018-06-04 15:09:11', NULL, NULL),
(149, 6, 23, 63, 'Shyampur', 0.00, 0.00, '35155', 'Bismillah Traders', '[\"1\",\"2\",\"3\",\"4\",\"5\",\"6\",\"7\",\"8\",\"9\",\"10\",\"11\",\"12\",\"13\"]', '{\"1\":\"1\",\"1\":\"2\",\"2\":\"3\",\"2\":\"4\",\"3\":\"5\",\"3\":\"6\",\"3\":\"7\",\"3\":\"8\",\"3\":\"9\",\"4\":\"10\",\"4\":\"11\",\"4\":\"12\",\"5\":\"13\",\"5\":\"14\",\"5\":\"15\",\"6\":\"16\",\"6\":\"17\",\"6\":\"18\",\"6\":\"19\",\"7\":\"20\",\"8\":\"21\",\"9\":\"22\",\"10\":\"23\",\"10\":\"24\",\"10\":\"25\",\"11\":\"26\",\"11\":\"27\",\"12\":\"28\",\"12\":\"29\",\"13\":\"30\",\"13\":\"31\"}', NULL, '2018-05-30 14:46:17', NULL, '2018-06-04 15:09:11', NULL, NULL),
(150, 6, 23, 64, 'Sabujbagh', 0.00, 0.00, '35160', 'Bhai Bhai Traders', '[\"1\",\"2\",\"3\",\"4\",\"5\",\"6\",\"7\",\"8\",\"9\",\"10\",\"11\",\"12\",\"13\"]', '{\"1\":\"1\",\"1\":\"2\",\"2\":\"3\",\"2\":\"4\",\"3\":\"5\",\"3\":\"6\",\"3\":\"7\",\"3\":\"8\",\"3\":\"9\",\"4\":\"10\",\"4\":\"11\",\"4\":\"12\",\"5\":\"13\",\"5\":\"14\",\"5\":\"15\",\"6\":\"16\",\"6\":\"17\",\"6\":\"18\",\"6\":\"19\",\"7\":\"20\",\"8\":\"21\",\"9\":\"22\",\"10\":\"23\",\"10\":\"24\",\"10\":\"25\",\"11\":\"26\",\"11\":\"27\",\"12\":\"28\",\"12\":\"29\",\"13\":\"30\",\"13\":\"31\"}', NULL, '2018-05-30 14:46:17', NULL, '2018-06-04 15:09:11', NULL, NULL),
(151, 6, 23, 64, 'Bashabo,Nandipara', 0.00, 0.00, '35165', 'Al Madina Enterprise', '[\"1\",\"2\",\"3\",\"4\",\"5\",\"6\",\"7\",\"8\",\"9\",\"10\",\"11\",\"12\",\"13\"]', '{\"1\":\"1\",\"1\":\"2\",\"2\":\"3\",\"2\":\"4\",\"3\":\"5\",\"3\":\"6\",\"3\":\"7\",\"3\":\"8\",\"3\":\"9\",\"4\":\"10\",\"4\":\"11\",\"4\":\"12\",\"5\":\"13\",\"5\":\"14\",\"5\":\"15\",\"6\":\"16\",\"6\":\"17\",\"6\":\"18\",\"6\":\"19\",\"7\":\"20\",\"8\":\"21\",\"9\":\"22\",\"10\":\"23\",\"10\":\"24\",\"10\":\"25\",\"11\":\"26\",\"11\":\"27\",\"12\":\"28\",\"12\":\"29\",\"13\":\"30\",\"13\":\"31\"}', NULL, '2018-05-30 14:46:17', NULL, '2018-06-04 15:09:11', NULL, NULL),
(152, 6, 24, 65, 'Narayangonj', 0.00, 0.00, '35170', 'Takwa Enterprise', '[\"1\",\"2\",\"3\",\"4\",\"5\",\"6\",\"7\",\"8\",\"9\",\"10\",\"11\",\"12\",\"13\"]', '{\"1\":\"1\",\"1\":\"2\",\"2\":\"3\",\"2\":\"4\",\"3\":\"5\",\"3\":\"6\",\"3\":\"7\",\"3\":\"8\",\"3\":\"9\",\"4\":\"10\",\"4\":\"11\",\"4\":\"12\",\"5\":\"13\",\"5\":\"14\",\"5\":\"15\",\"6\":\"16\",\"6\":\"17\",\"6\":\"18\",\"6\":\"19\",\"7\":\"20\",\"8\":\"21\",\"9\":\"22\",\"10\":\"23\",\"10\":\"24\",\"10\":\"25\",\"11\":\"26\",\"11\":\"27\",\"12\":\"28\",\"12\":\"29\",\"13\":\"30\",\"13\":\"31\"}', NULL, '2018-05-30 14:46:17', NULL, '2018-06-04 15:09:11', NULL, NULL),
(153, 6, 24, 66, 'Bhuygor', 0.00, 0.00, '35175', 'Maa Enterprise', '[\"1\",\"2\",\"3\",\"4\",\"5\",\"6\",\"7\",\"8\",\"9\",\"10\",\"11\",\"12\",\"13\"]', '{\"1\":\"1\",\"1\":\"2\",\"2\":\"3\",\"2\":\"4\",\"3\":\"5\",\"3\":\"6\",\"3\":\"7\",\"3\":\"8\",\"3\":\"9\",\"4\":\"10\",\"4\":\"11\",\"4\":\"12\",\"5\":\"13\",\"5\":\"14\",\"5\":\"15\",\"6\":\"16\",\"6\":\"17\",\"6\":\"18\",\"6\":\"19\",\"7\":\"20\",\"8\":\"21\",\"9\":\"22\",\"10\":\"23\",\"10\":\"24\",\"10\":\"25\",\"11\":\"26\",\"11\":\"27\",\"12\":\"28\",\"12\":\"29\",\"13\":\"30\",\"13\":\"31\"}', NULL, '2018-05-30 14:46:17', NULL, '2018-06-04 15:09:11', NULL, NULL),
(154, 6, 24, 66, 'Adamjee', 0.00, 0.00, '35180', 'Khokon Enterprise', '[\"1\",\"2\",\"3\",\"4\",\"5\",\"6\",\"7\",\"8\",\"9\",\"10\",\"11\",\"12\",\"13\"]', '{\"1\":\"1\",\"1\":\"2\",\"2\":\"3\",\"2\":\"4\",\"3\":\"5\",\"3\":\"6\",\"3\":\"7\",\"3\":\"8\",\"3\":\"9\",\"4\":\"10\",\"4\":\"11\",\"4\":\"12\",\"5\":\"13\",\"5\":\"14\",\"5\":\"15\",\"6\":\"16\",\"6\":\"17\",\"6\":\"18\",\"6\":\"19\",\"7\":\"20\",\"8\":\"21\",\"9\":\"22\",\"10\":\"23\",\"10\":\"24\",\"10\":\"25\",\"11\":\"26\",\"11\":\"27\",\"12\":\"28\",\"12\":\"29\",\"13\":\"30\",\"13\":\"31\"}', NULL, '2018-05-30 14:46:17', NULL, '2018-06-04 15:09:11', NULL, NULL),
(155, 6, 24, 67, 'Sonargaon', 0.00, 0.00, '35185', 'Mohammadia Enterprise', '[\"1\",\"2\",\"3\",\"4\",\"5\",\"6\",\"7\",\"8\",\"9\",\"10\",\"11\",\"12\",\"13\"]', '{\"1\":\"1\",\"1\":\"2\",\"2\":\"3\",\"2\":\"4\",\"3\":\"5\",\"3\":\"6\",\"3\":\"7\",\"3\":\"8\",\"3\":\"9\",\"4\":\"10\",\"4\":\"11\",\"4\":\"12\",\"5\":\"13\",\"5\":\"14\",\"5\":\"15\",\"6\":\"16\",\"6\":\"17\",\"6\":\"18\",\"6\":\"19\",\"7\":\"20\",\"8\":\"21\",\"9\":\"22\",\"10\":\"23\",\"10\":\"24\",\"10\":\"25\",\"11\":\"26\",\"11\":\"27\",\"12\":\"28\",\"12\":\"29\",\"13\":\"30\",\"13\":\"31\"}', NULL, '2018-05-30 14:46:17', NULL, '2018-06-04 15:09:11', NULL, NULL),
(156, 6, 24, 67, 'Bandar', 0.00, 0.00, '35190', 'Jonaki Enterprise', '[\"1\",\"2\",\"3\",\"4\",\"5\",\"6\",\"7\",\"8\",\"9\",\"10\",\"11\",\"12\",\"13\"]', '{\"1\":\"1\",\"1\":\"2\",\"2\":\"3\",\"2\":\"4\",\"3\":\"5\",\"3\":\"6\",\"3\":\"7\",\"3\":\"8\",\"3\":\"9\",\"4\":\"10\",\"4\":\"11\",\"4\":\"12\",\"5\":\"13\",\"5\":\"14\",\"5\":\"15\",\"6\":\"16\",\"6\":\"17\",\"6\":\"18\",\"6\":\"19\",\"7\":\"20\",\"8\":\"21\",\"9\":\"22\",\"10\":\"23\",\"10\":\"24\",\"10\":\"25\",\"11\":\"26\",\"11\":\"27\",\"12\":\"28\",\"12\":\"29\",\"13\":\"30\",\"13\":\"31\"}', NULL, '2018-05-30 14:46:17', NULL, '2018-06-04 15:09:11', NULL, NULL);
INSERT INTO `distribution_houses` (`id`, `zones_id`, `regions_id`, `territories_id`, `market_name`, `opening_balance`, `current_balance`, `code`, `point_name`, `privilage_brands`, `privilage_sku`, `created_by`, `created_at`, `updated_by`, `updated_at`, `rfu1`, `rfu2`) VALUES
(157, 6, 24, 67, 'Gozariya ', 0.00, 0.00, '35195', 'M.M Traders', '[\"1\",\"2\",\"3\",\"4\",\"5\",\"6\",\"7\",\"8\",\"9\",\"10\",\"11\",\"12\",\"13\"]', '{\"1\":\"1\",\"1\":\"2\",\"2\":\"3\",\"2\":\"4\",\"3\":\"5\",\"3\":\"6\",\"3\":\"7\",\"3\":\"8\",\"3\":\"9\",\"4\":\"10\",\"4\":\"11\",\"4\":\"12\",\"5\":\"13\",\"5\":\"14\",\"5\":\"15\",\"6\":\"16\",\"6\":\"17\",\"6\":\"18\",\"6\":\"19\",\"7\":\"20\",\"8\":\"21\",\"9\":\"22\",\"10\":\"23\",\"10\":\"24\",\"10\":\"25\",\"11\":\"26\",\"11\":\"27\",\"12\":\"28\",\"12\":\"29\",\"13\":\"30\",\"13\":\"31\"}', NULL, '2018-05-30 14:46:17', NULL, '2018-06-04 15:09:11', NULL, NULL),
(158, 6, 25, 68, 'Zinzira', 0.00, 0.00, '35200', 'Nafi & Brothers', '[\"1\",\"2\",\"3\",\"4\",\"5\",\"6\",\"7\",\"8\",\"9\",\"10\",\"11\",\"12\",\"13\"]', '{\"1\":\"1\",\"1\":\"2\",\"2\":\"3\",\"2\":\"4\",\"3\":\"5\",\"3\":\"6\",\"3\":\"7\",\"3\":\"8\",\"3\":\"9\",\"4\":\"10\",\"4\":\"11\",\"4\":\"12\",\"5\":\"13\",\"5\":\"14\",\"5\":\"15\",\"6\":\"16\",\"6\":\"17\",\"6\":\"18\",\"6\":\"19\",\"7\":\"20\",\"8\":\"21\",\"9\":\"22\",\"10\":\"23\",\"10\":\"24\",\"10\":\"25\",\"11\":\"26\",\"11\":\"27\",\"12\":\"28\",\"12\":\"29\",\"13\":\"30\",\"13\":\"31\"}', NULL, '2018-05-30 14:46:17', NULL, '2018-06-04 15:09:11', NULL, NULL),
(159, 6, 25, 68, 'Sreenagar', 0.00, 0.00, '35205', 'Partho Traders', '[\"1\",\"2\",\"3\",\"4\",\"5\",\"6\",\"7\",\"8\",\"9\",\"10\",\"11\",\"12\",\"13\"]', '{\"1\":\"1\",\"1\":\"2\",\"2\":\"3\",\"2\":\"4\",\"3\":\"5\",\"3\":\"6\",\"3\":\"7\",\"3\":\"8\",\"3\":\"9\",\"4\":\"10\",\"4\":\"11\",\"4\":\"12\",\"5\":\"13\",\"5\":\"14\",\"5\":\"15\",\"6\":\"16\",\"6\":\"17\",\"6\":\"18\",\"6\":\"19\",\"7\":\"20\",\"8\":\"21\",\"9\":\"22\",\"10\":\"23\",\"10\":\"24\",\"10\":\"25\",\"11\":\"26\",\"11\":\"27\",\"12\":\"28\",\"12\":\"29\",\"13\":\"30\",\"13\":\"31\"}', NULL, '2018-05-30 14:46:17', NULL, '2018-06-04 15:09:11', NULL, NULL),
(160, 6, 25, 69, 'Ruhitpur', 0.00, 0.00, '35210', 'Anowar & Brothers', '[\"1\",\"2\",\"3\",\"4\",\"5\",\"6\",\"7\",\"8\",\"9\",\"10\",\"11\",\"12\",\"13\"]', '{\"1\":\"1\",\"1\":\"2\",\"2\":\"3\",\"2\":\"4\",\"3\":\"5\",\"3\":\"6\",\"3\":\"7\",\"3\":\"8\",\"3\":\"9\",\"4\":\"10\",\"4\":\"11\",\"4\":\"12\",\"5\":\"13\",\"5\":\"14\",\"5\":\"15\",\"6\":\"16\",\"6\":\"17\",\"6\":\"18\",\"6\":\"19\",\"7\":\"20\",\"8\":\"21\",\"9\":\"22\",\"10\":\"23\",\"10\":\"24\",\"10\":\"25\",\"11\":\"26\",\"11\":\"27\",\"12\":\"28\",\"12\":\"29\",\"13\":\"30\",\"13\":\"31\"}', NULL, '2018-05-30 14:46:17', NULL, '2018-06-04 15:09:11', NULL, NULL),
(161, 6, 25, 69, 'Dohar', 0.00, 0.00, '35215', 'Kabiraz Store', '[\"1\",\"2\",\"3\",\"4\",\"5\",\"6\",\"7\",\"8\",\"9\",\"10\",\"11\",\"12\",\"13\"]', '{\"1\":\"1\",\"1\":\"2\",\"2\":\"3\",\"2\":\"4\",\"3\":\"5\",\"3\":\"6\",\"3\":\"7\",\"3\":\"8\",\"3\":\"9\",\"4\":\"10\",\"4\":\"11\",\"4\":\"12\",\"5\":\"13\",\"5\":\"14\",\"5\":\"15\",\"6\":\"16\",\"6\":\"17\",\"6\":\"18\",\"6\":\"19\",\"7\":\"20\",\"8\":\"21\",\"9\":\"22\",\"10\":\"23\",\"10\":\"24\",\"10\":\"25\",\"11\":\"26\",\"11\":\"27\",\"12\":\"28\",\"12\":\"29\",\"13\":\"30\",\"13\":\"31\"}', NULL, '2018-05-30 14:46:17', NULL, '2018-06-04 15:09:11', NULL, NULL),
(162, 6, 25, 69, 'Nawabgonj', 0.00, 0.00, '35220', 'Sinha Food Products', '[\"1\",\"2\",\"3\",\"4\",\"5\",\"6\",\"7\",\"8\",\"9\",\"10\",\"11\",\"12\",\"13\"]', '{\"1\":\"1\",\"1\":\"2\",\"2\":\"3\",\"2\":\"4\",\"3\":\"5\",\"3\":\"6\",\"3\":\"7\",\"3\":\"8\",\"3\":\"9\",\"4\":\"10\",\"4\":\"11\",\"4\":\"12\",\"5\":\"13\",\"5\":\"14\",\"5\":\"15\",\"6\":\"16\",\"6\":\"17\",\"6\":\"18\",\"6\":\"19\",\"7\":\"20\",\"8\":\"21\",\"9\":\"22\",\"10\":\"23\",\"10\":\"24\",\"10\":\"25\",\"11\":\"26\",\"11\":\"27\",\"12\":\"28\",\"12\":\"29\",\"13\":\"30\",\"13\":\"31\"}', NULL, '2018-05-30 14:46:17', NULL, '2018-06-04 15:09:11', NULL, NULL),
(163, 6, 25, 70, 'Munshigonj', 0.00, 0.00, '35225', 'Samanta Traders', '[\"1\",\"2\",\"3\",\"4\",\"5\",\"6\",\"7\",\"8\",\"9\",\"10\",\"11\",\"12\",\"13\"]', '{\"1\":\"1\",\"1\":\"2\",\"2\":\"3\",\"2\":\"4\",\"3\":\"5\",\"3\":\"6\",\"3\":\"7\",\"3\":\"8\",\"3\":\"9\",\"4\":\"10\",\"4\":\"11\",\"4\":\"12\",\"5\":\"13\",\"5\":\"14\",\"5\":\"15\",\"6\":\"16\",\"6\":\"17\",\"6\":\"18\",\"6\":\"19\",\"7\":\"20\",\"8\":\"21\",\"9\":\"22\",\"10\":\"23\",\"10\":\"24\",\"10\":\"25\",\"11\":\"26\",\"11\":\"27\",\"12\":\"28\",\"12\":\"29\",\"13\":\"30\",\"13\":\"31\"}', NULL, '2018-05-30 14:46:17', NULL, '2018-06-04 15:09:11', NULL, NULL),
(164, 7, 26, 71, 'Tangail', 0.00, 0.00, '40110', 'Friends Enterprise', '[\"1\",\"2\",\"3\",\"4\",\"5\",\"6\",\"7\",\"8\",\"9\",\"10\",\"11\",\"12\",\"13\"]', '{\"1\":\"1\",\"1\":\"2\",\"2\":\"3\",\"2\":\"4\",\"3\":\"5\",\"3\":\"6\",\"3\":\"7\",\"3\":\"8\",\"3\":\"9\",\"4\":\"10\",\"4\":\"11\",\"4\":\"12\",\"5\":\"13\",\"5\":\"14\",\"5\":\"15\",\"6\":\"16\",\"6\":\"17\",\"6\":\"18\",\"6\":\"19\",\"7\":\"20\",\"8\":\"21\",\"9\":\"22\",\"10\":\"23\",\"10\":\"24\",\"10\":\"25\",\"11\":\"26\",\"11\":\"27\",\"12\":\"28\",\"12\":\"29\",\"13\":\"30\",\"13\":\"31\"}', NULL, '2018-05-30 14:46:17', NULL, '2018-06-04 15:09:11', NULL, NULL),
(165, 7, 26, 71, 'Nagorpur', 0.00, 0.00, '40115', 'Rajib Sajib Enterprise', '[\"1\",\"2\",\"3\",\"4\",\"5\",\"6\",\"7\",\"8\",\"9\",\"10\",\"11\",\"12\",\"13\"]', '{\"1\":\"1\",\"1\":\"2\",\"2\":\"3\",\"2\":\"4\",\"3\":\"5\",\"3\":\"6\",\"3\":\"7\",\"3\":\"8\",\"3\":\"9\",\"4\":\"10\",\"4\":\"11\",\"4\":\"12\",\"5\":\"13\",\"5\":\"14\",\"5\":\"15\",\"6\":\"16\",\"6\":\"17\",\"6\":\"18\",\"6\":\"19\",\"7\":\"20\",\"8\":\"21\",\"9\":\"22\",\"10\":\"23\",\"10\":\"24\",\"10\":\"25\",\"11\":\"26\",\"11\":\"27\",\"12\":\"28\",\"12\":\"29\",\"13\":\"30\",\"13\":\"31\"}', NULL, '2018-05-30 14:46:17', NULL, '2018-06-04 15:09:11', NULL, NULL),
(166, 7, 26, 71, 'Mirzapur', 0.00, 0.00, '40120', 'Sollan Cosmatics', '[\"1\",\"2\",\"3\",\"4\",\"5\",\"6\",\"7\",\"8\",\"9\",\"10\",\"11\",\"12\",\"13\"]', '{\"1\":\"1\",\"1\":\"2\",\"2\":\"3\",\"2\":\"4\",\"3\":\"5\",\"3\":\"6\",\"3\":\"7\",\"3\":\"8\",\"3\":\"9\",\"4\":\"10\",\"4\":\"11\",\"4\":\"12\",\"5\":\"13\",\"5\":\"14\",\"5\":\"15\",\"6\":\"16\",\"6\":\"17\",\"6\":\"18\",\"6\":\"19\",\"7\":\"20\",\"8\":\"21\",\"9\":\"22\",\"10\":\"23\",\"10\":\"24\",\"10\":\"25\",\"11\":\"26\",\"11\":\"27\",\"12\":\"28\",\"12\":\"29\",\"13\":\"30\",\"13\":\"31\"}', NULL, '2018-05-30 14:46:17', NULL, '2018-06-04 15:09:11', NULL, NULL),
(167, 7, 26, 71, 'Pakulla', 0.00, 0.00, '40125', 'S.G Traders', '[\"1\",\"2\",\"3\",\"4\",\"5\",\"6\",\"7\",\"8\",\"9\",\"10\",\"11\",\"12\",\"13\"]', '{\"1\":\"1\",\"1\":\"2\",\"2\":\"3\",\"2\":\"4\",\"3\":\"5\",\"3\":\"6\",\"3\":\"7\",\"3\":\"8\",\"3\":\"9\",\"4\":\"10\",\"4\":\"11\",\"4\":\"12\",\"5\":\"13\",\"5\":\"14\",\"5\":\"15\",\"6\":\"16\",\"6\":\"17\",\"6\":\"18\",\"6\":\"19\",\"7\":\"20\",\"8\":\"21\",\"9\":\"22\",\"10\":\"23\",\"10\":\"24\",\"10\":\"25\",\"11\":\"26\",\"11\":\"27\",\"12\":\"28\",\"12\":\"29\",\"13\":\"30\",\"13\":\"31\"}', NULL, '2018-05-30 14:46:17', NULL, '2018-06-04 15:09:11', NULL, NULL),
(168, 7, 26, 72, 'Elenga', 0.00, 0.00, '40130', 'N. K. Datta & Brothers', '[\"1\",\"2\",\"3\",\"4\",\"5\",\"6\",\"7\",\"8\",\"9\",\"10\",\"11\",\"12\",\"13\"]', '{\"1\":\"1\",\"1\":\"2\",\"2\":\"3\",\"2\":\"4\",\"3\":\"5\",\"3\":\"6\",\"3\":\"7\",\"3\":\"8\",\"3\":\"9\",\"4\":\"10\",\"4\":\"11\",\"4\":\"12\",\"5\":\"13\",\"5\":\"14\",\"5\":\"15\",\"6\":\"16\",\"6\":\"17\",\"6\":\"18\",\"6\":\"19\",\"7\":\"20\",\"8\":\"21\",\"9\":\"22\",\"10\":\"23\",\"10\":\"24\",\"10\":\"25\",\"11\":\"26\",\"11\":\"27\",\"12\":\"28\",\"12\":\"29\",\"13\":\"30\",\"13\":\"31\"}', NULL, '2018-05-30 14:46:17', NULL, '2018-06-04 15:09:11', NULL, NULL),
(169, 7, 26, 72, 'Ghatail', 0.00, 0.00, '40135', 'Mostafa Enterprise', '[\"1\",\"2\",\"3\",\"4\",\"5\",\"6\",\"7\",\"8\",\"9\",\"10\",\"11\",\"12\",\"13\"]', '{\"1\":\"1\",\"1\":\"2\",\"2\":\"3\",\"2\":\"4\",\"3\":\"5\",\"3\":\"6\",\"3\":\"7\",\"3\":\"8\",\"3\":\"9\",\"4\":\"10\",\"4\":\"11\",\"4\":\"12\",\"5\":\"13\",\"5\":\"14\",\"5\":\"15\",\"6\":\"16\",\"6\":\"17\",\"6\":\"18\",\"6\":\"19\",\"7\":\"20\",\"8\":\"21\",\"9\":\"22\",\"10\":\"23\",\"10\":\"24\",\"10\":\"25\",\"11\":\"26\",\"11\":\"27\",\"12\":\"28\",\"12\":\"29\",\"13\":\"30\",\"13\":\"31\"}', NULL, '2018-05-30 14:46:17', NULL, '2018-06-04 15:09:11', NULL, NULL),
(170, 7, 26, 72, 'Bhuapur', 0.00, 0.00, '40140', 'Ibrahim Enterprise', '[\"1\",\"2\",\"3\",\"4\",\"5\",\"6\",\"7\",\"8\",\"9\",\"10\",\"11\",\"12\",\"13\"]', '{\"1\":\"1\",\"1\":\"2\",\"2\":\"3\",\"2\":\"4\",\"3\":\"5\",\"3\":\"6\",\"3\":\"7\",\"3\":\"8\",\"3\":\"9\",\"4\":\"10\",\"4\":\"11\",\"4\":\"12\",\"5\":\"13\",\"5\":\"14\",\"5\":\"15\",\"6\":\"16\",\"6\":\"17\",\"6\":\"18\",\"6\":\"19\",\"7\":\"20\",\"8\":\"21\",\"9\":\"22\",\"10\":\"23\",\"10\":\"24\",\"10\":\"25\",\"11\":\"26\",\"11\":\"27\",\"12\":\"28\",\"12\":\"29\",\"13\":\"30\",\"13\":\"31\"}', NULL, '2018-05-30 14:46:17', NULL, '2018-06-04 15:09:11', NULL, NULL),
(171, 7, 26, 72, 'Madhupur', 0.00, 0.00, '40145', 'Sarker Traders', '[\"1\",\"2\",\"3\",\"4\",\"5\",\"6\",\"7\",\"8\",\"9\",\"10\",\"11\",\"12\",\"13\"]', '{\"1\":\"1\",\"1\":\"2\",\"2\":\"3\",\"2\":\"4\",\"3\":\"5\",\"3\":\"6\",\"3\":\"7\",\"3\":\"8\",\"3\":\"9\",\"4\":\"10\",\"4\":\"11\",\"4\":\"12\",\"5\":\"13\",\"5\":\"14\",\"5\":\"15\",\"6\":\"16\",\"6\":\"17\",\"6\":\"18\",\"6\":\"19\",\"7\":\"20\",\"8\":\"21\",\"9\":\"22\",\"10\":\"23\",\"10\":\"24\",\"10\":\"25\",\"11\":\"26\",\"11\":\"27\",\"12\":\"28\",\"12\":\"29\",\"13\":\"30\",\"13\":\"31\"}', NULL, '2018-05-30 14:46:17', NULL, '2018-06-04 15:09:11', NULL, NULL),
(172, 7, 27, 73, 'Savar', 0.00, 0.00, '40165', 'Seam Enterprise', '[\"1\",\"2\",\"3\",\"4\",\"5\",\"6\",\"7\",\"8\",\"9\",\"10\",\"11\",\"12\",\"13\"]', '{\"1\":\"1\",\"1\":\"2\",\"2\":\"3\",\"2\":\"4\",\"3\":\"5\",\"3\":\"6\",\"3\":\"7\",\"3\":\"8\",\"3\":\"9\",\"4\":\"10\",\"4\":\"11\",\"4\":\"12\",\"5\":\"13\",\"5\":\"14\",\"5\":\"15\",\"6\":\"16\",\"6\":\"17\",\"6\":\"18\",\"6\":\"19\",\"7\":\"20\",\"8\":\"21\",\"9\":\"22\",\"10\":\"23\",\"10\":\"24\",\"10\":\"25\",\"11\":\"26\",\"11\":\"27\",\"12\":\"28\",\"12\":\"29\",\"13\":\"30\",\"13\":\"31\"}', NULL, '2018-05-30 14:46:17', NULL, '2018-06-04 15:09:11', NULL, NULL),
(173, 7, 27, 73, 'Ashulia', 0.00, 0.00, '40170', 'Ratul Enterprise', '[\"1\",\"2\",\"3\",\"4\",\"5\",\"6\",\"7\",\"8\",\"9\",\"10\",\"11\",\"12\",\"13\"]', '{\"1\":\"1\",\"1\":\"2\",\"2\":\"3\",\"2\":\"4\",\"3\":\"5\",\"3\":\"6\",\"3\":\"7\",\"3\":\"8\",\"3\":\"9\",\"4\":\"10\",\"4\":\"11\",\"4\":\"12\",\"5\":\"13\",\"5\":\"14\",\"5\":\"15\",\"6\":\"16\",\"6\":\"17\",\"6\":\"18\",\"6\":\"19\",\"7\":\"20\",\"8\":\"21\",\"9\":\"22\",\"10\":\"23\",\"10\":\"24\",\"10\":\"25\",\"11\":\"26\",\"11\":\"27\",\"12\":\"28\",\"12\":\"29\",\"13\":\"30\",\"13\":\"31\"}', NULL, '2018-05-30 14:46:17', NULL, '2018-06-04 15:09:12', NULL, NULL),
(174, 7, 27, 74, 'Nobinagar', 0.00, 0.00, '40175', 'Afroza Enterprise', '[\"1\",\"2\",\"3\",\"4\",\"5\",\"6\",\"7\",\"8\",\"9\",\"10\",\"11\",\"12\",\"13\"]', '{\"1\":\"1\",\"1\":\"2\",\"2\":\"3\",\"2\":\"4\",\"3\":\"5\",\"3\":\"6\",\"3\":\"7\",\"3\":\"8\",\"3\":\"9\",\"4\":\"10\",\"4\":\"11\",\"4\":\"12\",\"5\":\"13\",\"5\":\"14\",\"5\":\"15\",\"6\":\"16\",\"6\":\"17\",\"6\":\"18\",\"6\":\"19\",\"7\":\"20\",\"8\":\"21\",\"9\":\"22\",\"10\":\"23\",\"10\":\"24\",\"10\":\"25\",\"11\":\"26\",\"11\":\"27\",\"12\":\"28\",\"12\":\"29\",\"13\":\"30\",\"13\":\"31\"}', NULL, '2018-05-30 14:46:17', NULL, '2018-06-04 15:09:12', NULL, NULL),
(175, 7, 27, 75, 'Kalampur', 0.00, 0.00, '40180', ' Rima Enterprise', '[\"1\",\"2\",\"3\",\"4\",\"5\",\"6\",\"7\",\"8\",\"9\",\"10\",\"11\",\"12\",\"13\"]', '{\"1\":\"1\",\"1\":\"2\",\"2\":\"3\",\"2\":\"4\",\"3\":\"5\",\"3\":\"6\",\"3\":\"7\",\"3\":\"8\",\"3\":\"9\",\"4\":\"10\",\"4\":\"11\",\"4\":\"12\",\"5\":\"13\",\"5\":\"14\",\"5\":\"15\",\"6\":\"16\",\"6\":\"17\",\"6\":\"18\",\"6\":\"19\",\"7\":\"20\",\"8\":\"21\",\"9\":\"22\",\"10\":\"23\",\"10\":\"24\",\"10\":\"25\",\"11\":\"26\",\"11\":\"27\",\"12\":\"28\",\"12\":\"29\",\"13\":\"30\",\"13\":\"31\"}', NULL, '2018-05-30 14:46:17', NULL, '2018-06-04 15:09:12', NULL, NULL),
(176, 7, 27, 75, 'Aricha', 0.00, 0.00, '40185', 'Abdul Latif Traders', '[\"1\",\"2\",\"3\",\"4\",\"5\",\"6\",\"7\",\"8\",\"9\",\"10\",\"11\",\"12\",\"13\"]', '{\"1\":\"1\",\"1\":\"2\",\"2\":\"3\",\"2\":\"4\",\"3\":\"5\",\"3\":\"6\",\"3\":\"7\",\"3\":\"8\",\"3\":\"9\",\"4\":\"10\",\"4\":\"11\",\"4\":\"12\",\"5\":\"13\",\"5\":\"14\",\"5\":\"15\",\"6\":\"16\",\"6\":\"17\",\"6\":\"18\",\"6\":\"19\",\"7\":\"20\",\"8\":\"21\",\"9\":\"22\",\"10\":\"23\",\"10\":\"24\",\"10\":\"25\",\"11\":\"26\",\"11\":\"27\",\"12\":\"28\",\"12\":\"29\",\"13\":\"30\",\"13\":\"31\"}', NULL, '2018-05-30 14:46:17', NULL, '2018-06-04 15:09:12', NULL, NULL),
(177, 7, 27, 75, 'Manikgonj', 0.00, 0.00, '40190', 'S.K. Enterprise', '[\"1\",\"2\",\"3\",\"4\",\"5\",\"6\",\"7\",\"8\",\"9\",\"10\",\"11\",\"12\",\"13\"]', '{\"1\":\"1\",\"1\":\"2\",\"2\":\"3\",\"2\":\"4\",\"3\":\"5\",\"3\":\"6\",\"3\":\"7\",\"3\":\"8\",\"3\":\"9\",\"4\":\"10\",\"4\":\"11\",\"4\":\"12\",\"5\":\"13\",\"5\":\"14\",\"5\":\"15\",\"6\":\"16\",\"6\":\"17\",\"6\":\"18\",\"6\":\"19\",\"7\":\"20\",\"8\":\"21\",\"9\":\"22\",\"10\":\"23\",\"10\":\"24\",\"10\":\"25\",\"11\":\"26\",\"11\":\"27\",\"12\":\"28\",\"12\":\"29\",\"13\":\"30\",\"13\":\"31\"}', NULL, '2018-05-30 14:46:17', NULL, '2018-06-04 15:09:12', NULL, NULL),
(178, 7, 28, 76, 'Mirpur-1', 0.00, 0.00, '40195', 'Janata Store', '[\"1\",\"2\",\"3\",\"4\",\"5\",\"6\",\"7\",\"8\",\"9\",\"10\",\"11\",\"12\",\"13\"]', '{\"1\":\"1\",\"1\":\"2\",\"2\":\"3\",\"2\":\"4\",\"3\":\"5\",\"3\":\"6\",\"3\":\"7\",\"3\":\"8\",\"3\":\"9\",\"4\":\"10\",\"4\":\"11\",\"4\":\"12\",\"5\":\"13\",\"5\":\"14\",\"5\":\"15\",\"6\":\"16\",\"6\":\"17\",\"6\":\"18\",\"6\":\"19\",\"7\":\"20\",\"8\":\"21\",\"9\":\"22\",\"10\":\"23\",\"10\":\"24\",\"10\":\"25\",\"11\":\"26\",\"11\":\"27\",\"12\":\"28\",\"12\":\"29\",\"13\":\"30\",\"13\":\"31\"}', NULL, '2018-05-30 14:46:17', NULL, '2018-06-04 15:09:12', NULL, NULL),
(179, 7, 28, 77, 'Mirpur-13', 0.00, 0.00, '40200', 'Abdullah Trading', '[\"1\",\"2\",\"3\",\"4\",\"5\",\"6\",\"7\",\"8\",\"9\",\"10\",\"11\",\"12\",\"13\"]', '{\"1\":\"1\",\"1\":\"2\",\"2\":\"3\",\"2\":\"4\",\"3\":\"5\",\"3\":\"6\",\"3\":\"7\",\"3\":\"8\",\"3\":\"9\",\"4\":\"10\",\"4\":\"11\",\"4\":\"12\",\"5\":\"13\",\"5\":\"14\",\"5\":\"15\",\"6\":\"16\",\"6\":\"17\",\"6\":\"18\",\"6\":\"19\",\"7\":\"20\",\"8\":\"21\",\"9\":\"22\",\"10\":\"23\",\"10\":\"24\",\"10\":\"25\",\"11\":\"26\",\"11\":\"27\",\"12\":\"28\",\"12\":\"29\",\"13\":\"30\",\"13\":\"31\"}', NULL, '2018-05-30 14:46:17', NULL, '2018-06-04 15:09:12', NULL, NULL),
(180, 7, 28, 77, 'Pallabi', 0.00, 0.00, '40205', 'Sayma Sweets & Bakery', '[\"1\",\"2\",\"3\",\"4\",\"5\",\"6\",\"7\",\"8\",\"9\",\"10\",\"11\",\"12\",\"13\"]', '{\"1\":\"1\",\"1\":\"2\",\"2\":\"3\",\"2\":\"4\",\"3\":\"5\",\"3\":\"6\",\"3\":\"7\",\"3\":\"8\",\"3\":\"9\",\"4\":\"10\",\"4\":\"11\",\"4\":\"12\",\"5\":\"13\",\"5\":\"14\",\"5\":\"15\",\"6\":\"16\",\"6\":\"17\",\"6\":\"18\",\"6\":\"19\",\"7\":\"20\",\"8\":\"21\",\"9\":\"22\",\"10\":\"23\",\"10\":\"24\",\"10\":\"25\",\"11\":\"26\",\"11\":\"27\",\"12\":\"28\",\"12\":\"29\",\"13\":\"30\",\"13\":\"31\"}', NULL, '2018-05-30 14:46:17', NULL, '2018-06-04 15:09:12', NULL, NULL),
(181, 7, 28, 78, 'Hemayetpur', 0.00, 0.00, '40210', 'Bismillah Store', '[\"1\",\"2\",\"3\",\"4\",\"5\",\"6\",\"7\",\"8\",\"9\",\"10\",\"11\",\"12\",\"13\"]', '{\"1\":\"1\",\"1\":\"2\",\"2\":\"3\",\"2\":\"4\",\"3\":\"5\",\"3\":\"6\",\"3\":\"7\",\"3\":\"8\",\"3\":\"9\",\"4\":\"10\",\"4\":\"11\",\"4\":\"12\",\"5\":\"13\",\"5\":\"14\",\"5\":\"15\",\"6\":\"16\",\"6\":\"17\",\"6\":\"18\",\"6\":\"19\",\"7\":\"20\",\"8\":\"21\",\"9\":\"22\",\"10\":\"23\",\"10\":\"24\",\"10\":\"25\",\"11\":\"26\",\"11\":\"27\",\"12\":\"28\",\"12\":\"29\",\"13\":\"30\",\"13\":\"31\"}', NULL, '2018-05-30 14:46:17', NULL, '2018-06-04 15:09:12', NULL, NULL),
(182, 7, 28, 78, 'Shingair', 0.00, 0.00, '40215', 'Bhai Bhai Traders', '[\"1\",\"2\",\"3\",\"4\",\"5\",\"6\",\"7\",\"8\",\"9\",\"10\",\"11\",\"12\",\"13\"]', '{\"1\":\"1\",\"1\":\"2\",\"2\":\"3\",\"2\":\"4\",\"3\":\"5\",\"3\":\"6\",\"3\":\"7\",\"3\":\"8\",\"3\":\"9\",\"4\":\"10\",\"4\":\"11\",\"4\":\"12\",\"5\":\"13\",\"5\":\"14\",\"5\":\"15\",\"6\":\"16\",\"6\":\"17\",\"6\":\"18\",\"6\":\"19\",\"7\":\"20\",\"8\":\"21\",\"9\":\"22\",\"10\":\"23\",\"10\":\"24\",\"10\":\"25\",\"11\":\"26\",\"11\":\"27\",\"12\":\"28\",\"12\":\"29\",\"13\":\"30\",\"13\":\"31\"}', NULL, '2018-05-30 14:46:17', NULL, '2018-06-04 15:09:12', NULL, NULL),
(183, 8, 29, 80, 'Faridpur', 0.00, 0.00, '45110', 'Shohag Enterprise', '[\"1\",\"2\",\"3\",\"4\",\"5\",\"6\",\"7\",\"8\",\"9\",\"10\",\"11\",\"12\",\"13\"]', '{\"1\":\"1\",\"1\":\"2\",\"2\":\"3\",\"2\":\"4\",\"3\":\"5\",\"3\":\"6\",\"3\":\"7\",\"3\":\"8\",\"3\":\"9\",\"4\":\"10\",\"4\":\"11\",\"4\":\"12\",\"5\":\"13\",\"5\":\"14\",\"5\":\"15\",\"6\":\"16\",\"6\":\"17\",\"6\":\"18\",\"6\":\"19\",\"7\":\"20\",\"8\":\"21\",\"9\":\"22\",\"10\":\"23\",\"10\":\"24\",\"10\":\"25\",\"11\":\"26\",\"11\":\"27\",\"12\":\"28\",\"12\":\"29\",\"13\":\"30\",\"13\":\"31\"}', NULL, '2018-05-30 14:46:17', NULL, '2018-06-04 15:09:12', NULL, NULL),
(184, 8, 29, 80, 'Shibchar', 0.00, 0.00, '45145', 'Rajib Store', '[\"1\",\"2\",\"3\",\"4\",\"5\",\"6\",\"7\",\"8\",\"9\",\"10\",\"11\",\"12\",\"13\"]', '{\"1\":\"1\",\"1\":\"2\",\"2\":\"3\",\"2\":\"4\",\"3\":\"5\",\"3\":\"6\",\"3\":\"7\",\"3\":\"8\",\"3\":\"9\",\"4\":\"10\",\"4\":\"11\",\"4\":\"12\",\"5\":\"13\",\"5\":\"14\",\"5\":\"15\",\"6\":\"16\",\"6\":\"17\",\"6\":\"18\",\"6\":\"19\",\"7\":\"20\",\"8\":\"21\",\"9\":\"22\",\"10\":\"23\",\"10\":\"24\",\"10\":\"25\",\"11\":\"26\",\"11\":\"27\",\"12\":\"28\",\"12\":\"29\",\"13\":\"30\",\"13\":\"31\"}', NULL, '2018-05-30 14:46:17', NULL, '2018-06-04 15:09:12', NULL, NULL),
(185, 8, 29, 80, 'Vanga', 0.00, 0.00, '45155', 'Mithu Enterprise', '[\"1\",\"2\",\"3\",\"4\",\"5\",\"6\",\"7\",\"8\",\"9\",\"10\",\"11\",\"12\",\"13\"]', '{\"1\":\"1\",\"1\":\"2\",\"2\":\"3\",\"2\":\"4\",\"3\":\"5\",\"3\":\"6\",\"3\":\"7\",\"3\":\"8\",\"3\":\"9\",\"4\":\"10\",\"4\":\"11\",\"4\":\"12\",\"5\":\"13\",\"5\":\"14\",\"5\":\"15\",\"6\":\"16\",\"6\":\"17\",\"6\":\"18\",\"6\":\"19\",\"7\":\"20\",\"8\":\"21\",\"9\":\"22\",\"10\":\"23\",\"10\":\"24\",\"10\":\"25\",\"11\":\"26\",\"11\":\"27\",\"12\":\"28\",\"12\":\"29\",\"13\":\"30\",\"13\":\"31\"}', NULL, '2018-05-30 14:46:17', NULL, '2018-06-04 15:09:12', NULL, NULL),
(186, 8, 29, 81, 'Boalmari', 0.00, 0.00, '45115', 'Saha Store', '[\"1\",\"2\",\"3\",\"4\",\"5\",\"6\",\"7\",\"8\",\"9\",\"10\",\"11\",\"12\",\"13\"]', '{\"1\":\"1\",\"1\":\"2\",\"2\":\"3\",\"2\":\"4\",\"3\":\"5\",\"3\":\"6\",\"3\":\"7\",\"3\":\"8\",\"3\":\"9\",\"4\":\"10\",\"4\":\"11\",\"4\":\"12\",\"5\":\"13\",\"5\":\"14\",\"5\":\"15\",\"6\":\"16\",\"6\":\"17\",\"6\":\"18\",\"6\":\"19\",\"7\":\"20\",\"8\":\"21\",\"9\":\"22\",\"10\":\"23\",\"10\":\"24\",\"10\":\"25\",\"11\":\"26\",\"11\":\"27\",\"12\":\"28\",\"12\":\"29\",\"13\":\"30\",\"13\":\"31\"}', NULL, '2018-05-30 14:46:17', NULL, '2018-06-04 15:09:12', NULL, NULL),
(187, 8, 29, 81, 'Rajbari', 0.00, 0.00, '45120', 'Datta Enterprise', '[\"1\",\"2\",\"3\",\"4\",\"5\",\"6\",\"7\",\"8\",\"9\",\"10\",\"11\",\"12\",\"13\"]', '{\"1\":\"1\",\"1\":\"2\",\"2\":\"3\",\"2\":\"4\",\"3\":\"5\",\"3\":\"6\",\"3\":\"7\",\"3\":\"8\",\"3\":\"9\",\"4\":\"10\",\"4\":\"11\",\"4\":\"12\",\"5\":\"13\",\"5\":\"14\",\"5\":\"15\",\"6\":\"16\",\"6\":\"17\",\"6\":\"18\",\"6\":\"19\",\"7\":\"20\",\"8\":\"21\",\"9\":\"22\",\"10\":\"23\",\"10\":\"24\",\"10\":\"25\",\"11\":\"26\",\"11\":\"27\",\"12\":\"28\",\"12\":\"29\",\"13\":\"30\",\"13\":\"31\"}', NULL, '2018-05-30 14:46:17', NULL, '2018-06-04 15:09:12', NULL, NULL),
(188, 8, 29, 81, 'Pangsha', 0.00, 0.00, '45125', 'Showkhin Enterprise', '[\"1\",\"2\",\"3\",\"4\",\"5\",\"6\",\"7\",\"8\",\"9\",\"10\",\"11\",\"12\",\"13\"]', '{\"1\":\"1\",\"1\":\"2\",\"2\":\"3\",\"2\":\"4\",\"3\":\"5\",\"3\":\"6\",\"3\":\"7\",\"3\":\"8\",\"3\":\"9\",\"4\":\"10\",\"4\":\"11\",\"4\":\"12\",\"5\":\"13\",\"5\":\"14\",\"5\":\"15\",\"6\":\"16\",\"6\":\"17\",\"6\":\"18\",\"6\":\"19\",\"7\":\"20\",\"8\":\"21\",\"9\":\"22\",\"10\":\"23\",\"10\":\"24\",\"10\":\"25\",\"11\":\"26\",\"11\":\"27\",\"12\":\"28\",\"12\":\"29\",\"13\":\"30\",\"13\":\"31\"}', NULL, '2018-05-30 14:46:17', NULL, '2018-06-04 15:09:12', NULL, NULL),
(189, 8, 30, 82, 'Shariatpur', 0.00, 0.00, '45130', 'Chitta Enterprise', '[\"1\",\"2\",\"3\",\"4\",\"5\",\"6\",\"7\",\"8\",\"9\",\"10\",\"11\",\"12\",\"13\"]', '{\"1\":\"1\",\"1\":\"2\",\"2\":\"3\",\"2\":\"4\",\"3\":\"5\",\"3\":\"6\",\"3\":\"7\",\"3\":\"8\",\"3\":\"9\",\"4\":\"10\",\"4\":\"11\",\"4\":\"12\",\"5\":\"13\",\"5\":\"14\",\"5\":\"15\",\"6\":\"16\",\"6\":\"17\",\"6\":\"18\",\"6\":\"19\",\"7\":\"20\",\"8\":\"21\",\"9\":\"22\",\"10\":\"23\",\"10\":\"24\",\"10\":\"25\",\"11\":\"26\",\"11\":\"27\",\"12\":\"28\",\"12\":\"29\",\"13\":\"30\",\"13\":\"31\"}', NULL, '2018-05-30 14:46:17', NULL, '2018-06-04 15:09:12', NULL, NULL),
(190, 8, 30, 82, 'Kazirhat', 0.00, 0.00, '45135', 'Kamal Store', '[\"1\",\"2\",\"3\",\"4\",\"5\",\"6\",\"7\",\"8\",\"9\",\"10\",\"11\",\"12\",\"13\"]', '{\"1\":\"1\",\"1\":\"2\",\"2\":\"3\",\"2\":\"4\",\"3\":\"5\",\"3\":\"6\",\"3\":\"7\",\"3\":\"8\",\"3\":\"9\",\"4\":\"10\",\"4\":\"11\",\"4\":\"12\",\"5\":\"13\",\"5\":\"14\",\"5\":\"15\",\"6\":\"16\",\"6\":\"17\",\"6\":\"18\",\"6\":\"19\",\"7\":\"20\",\"8\":\"21\",\"9\":\"22\",\"10\":\"23\",\"10\":\"24\",\"10\":\"25\",\"11\":\"26\",\"11\":\"27\",\"12\":\"28\",\"12\":\"29\",\"13\":\"30\",\"13\":\"31\"}', NULL, '2018-05-30 14:46:17', NULL, '2018-06-04 15:09:12', NULL, NULL),
(191, 8, 30, 82, 'Vedorgonj', 0.00, 0.00, '45140', 'Parvin Enterprise', '[\"1\",\"2\",\"3\",\"4\",\"5\",\"6\",\"7\",\"8\",\"9\",\"10\",\"11\",\"12\",\"13\"]', '{\"1\":\"1\",\"1\":\"2\",\"2\":\"3\",\"2\":\"4\",\"3\":\"5\",\"3\":\"6\",\"3\":\"7\",\"3\":\"8\",\"3\":\"9\",\"4\":\"10\",\"4\":\"11\",\"4\":\"12\",\"5\":\"13\",\"5\":\"14\",\"5\":\"15\",\"6\":\"16\",\"6\":\"17\",\"6\":\"18\",\"6\":\"19\",\"7\":\"20\",\"8\":\"21\",\"9\":\"22\",\"10\":\"23\",\"10\":\"24\",\"10\":\"25\",\"11\":\"26\",\"11\":\"27\",\"12\":\"28\",\"12\":\"29\",\"13\":\"30\",\"13\":\"31\"}', NULL, '2018-05-30 14:46:17', NULL, '2018-06-04 15:09:12', NULL, NULL),
(192, 8, 30, 83, 'Madaripur ', 0.00, 0.00, '45150', 'Bepari Enterprise', '[\"1\",\"2\",\"3\",\"4\",\"5\",\"6\",\"7\",\"8\",\"9\",\"10\",\"11\",\"12\",\"13\"]', '{\"1\":\"1\",\"1\":\"2\",\"2\":\"3\",\"2\":\"4\",\"3\":\"5\",\"3\":\"6\",\"3\":\"7\",\"3\":\"8\",\"3\":\"9\",\"4\":\"10\",\"4\":\"11\",\"4\":\"12\",\"5\":\"13\",\"5\":\"14\",\"5\":\"15\",\"6\":\"16\",\"6\":\"17\",\"6\":\"18\",\"6\":\"19\",\"7\":\"20\",\"8\":\"21\",\"9\":\"22\",\"10\":\"23\",\"10\":\"24\",\"10\":\"25\",\"11\":\"26\",\"11\":\"27\",\"12\":\"28\",\"12\":\"29\",\"13\":\"30\",\"13\":\"31\"}', NULL, '2018-05-30 14:46:17', NULL, '2018-06-04 15:09:12', NULL, NULL),
(193, 8, 30, 83, 'Tekerhat', 0.00, 0.00, '45160', 'Shahid Enterprise', '[\"1\",\"2\",\"3\",\"4\",\"5\",\"6\",\"7\",\"8\",\"9\",\"10\",\"11\",\"12\",\"13\"]', '{\"1\":\"1\",\"1\":\"2\",\"2\":\"3\",\"2\":\"4\",\"3\":\"5\",\"3\":\"6\",\"3\":\"7\",\"3\":\"8\",\"3\":\"9\",\"4\":\"10\",\"4\":\"11\",\"4\":\"12\",\"5\":\"13\",\"5\":\"14\",\"5\":\"15\",\"6\":\"16\",\"6\":\"17\",\"6\":\"18\",\"6\":\"19\",\"7\":\"20\",\"8\":\"21\",\"9\":\"22\",\"10\":\"23\",\"10\":\"24\",\"10\":\"25\",\"11\":\"26\",\"11\":\"27\",\"12\":\"28\",\"12\":\"29\",\"13\":\"30\",\"13\":\"31\"}', NULL, '2018-05-30 14:46:17', NULL, '2018-06-04 15:09:12', NULL, NULL),
(194, 8, 30, 83, 'Torky', 0.00, 0.00, '45205', 'Nowshin Enterprise', '[\"1\",\"2\",\"3\",\"4\",\"5\",\"6\",\"7\",\"8\",\"9\",\"10\",\"11\",\"12\",\"13\"]', '{\"1\":\"1\",\"1\":\"2\",\"2\":\"3\",\"2\":\"4\",\"3\":\"5\",\"3\":\"6\",\"3\":\"7\",\"3\":\"8\",\"3\":\"9\",\"4\":\"10\",\"4\":\"11\",\"4\":\"12\",\"5\":\"13\",\"5\":\"14\",\"5\":\"15\",\"6\":\"16\",\"6\":\"17\",\"6\":\"18\",\"6\":\"19\",\"7\":\"20\",\"8\":\"21\",\"9\":\"22\",\"10\":\"23\",\"10\":\"24\",\"10\":\"25\",\"11\":\"26\",\"11\":\"27\",\"12\":\"28\",\"12\":\"29\",\"13\":\"30\",\"13\":\"31\"}', NULL, '2018-05-30 14:46:17', NULL, '2018-06-04 15:09:12', NULL, NULL),
(195, 8, 31, 84, 'Barisal -1', 0.00, 0.00, '45165', 'Hasan Enterprise', '[\"1\",\"2\",\"3\",\"4\",\"5\",\"6\",\"7\",\"8\",\"9\",\"10\",\"11\",\"12\",\"13\"]', '{\"1\":\"1\",\"1\":\"2\",\"2\":\"3\",\"2\":\"4\",\"3\":\"5\",\"3\":\"6\",\"3\":\"7\",\"3\":\"8\",\"3\":\"9\",\"4\":\"10\",\"4\":\"11\",\"4\":\"12\",\"5\":\"13\",\"5\":\"14\",\"5\":\"15\",\"6\":\"16\",\"6\":\"17\",\"6\":\"18\",\"6\":\"19\",\"7\":\"20\",\"8\":\"21\",\"9\":\"22\",\"10\":\"23\",\"10\":\"24\",\"10\":\"25\",\"11\":\"26\",\"11\":\"27\",\"12\":\"28\",\"12\":\"29\",\"13\":\"30\",\"13\":\"31\"}', NULL, '2018-05-30 14:46:17', NULL, '2018-06-04 15:09:12', NULL, NULL),
(196, 8, 31, 84, 'Barisal -2', 0.00, 0.00, '45170', 'Faruk Store', '[\"1\",\"2\",\"3\",\"4\",\"5\",\"6\",\"7\",\"8\",\"9\",\"10\",\"11\",\"12\",\"13\"]', '{\"1\":\"1\",\"1\":\"2\",\"2\":\"3\",\"2\":\"4\",\"3\":\"5\",\"3\":\"6\",\"3\":\"7\",\"3\":\"8\",\"3\":\"9\",\"4\":\"10\",\"4\":\"11\",\"4\":\"12\",\"5\":\"13\",\"5\":\"14\",\"5\":\"15\",\"6\":\"16\",\"6\":\"17\",\"6\":\"18\",\"6\":\"19\",\"7\":\"20\",\"8\":\"21\",\"9\":\"22\",\"10\":\"23\",\"10\":\"24\",\"10\":\"25\",\"11\":\"26\",\"11\":\"27\",\"12\":\"28\",\"12\":\"29\",\"13\":\"30\",\"13\":\"31\"}', NULL, '2018-05-30 14:46:17', NULL, '2018-06-04 15:09:12', NULL, NULL),
(197, 8, 31, 84, 'Sharupkathi', 0.00, 0.00, '45175', 'Popular store', '[\"1\",\"2\",\"3\",\"4\",\"5\",\"6\",\"7\",\"8\",\"9\",\"10\",\"11\",\"12\",\"13\"]', '{\"1\":\"1\",\"1\":\"2\",\"2\":\"3\",\"2\":\"4\",\"3\":\"5\",\"3\":\"6\",\"3\":\"7\",\"3\":\"8\",\"3\":\"9\",\"4\":\"10\",\"4\":\"11\",\"4\":\"12\",\"5\":\"13\",\"5\":\"14\",\"5\":\"15\",\"6\":\"16\",\"6\":\"17\",\"6\":\"18\",\"6\":\"19\",\"7\":\"20\",\"8\":\"21\",\"9\":\"22\",\"10\":\"23\",\"10\":\"24\",\"10\":\"25\",\"11\":\"26\",\"11\":\"27\",\"12\":\"28\",\"12\":\"29\",\"13\":\"30\",\"13\":\"31\"}', NULL, '2018-05-30 14:46:17', NULL, '2018-06-04 15:09:12', NULL, NULL),
(198, 8, 31, 85, 'Muladi', 0.00, 0.00, '45200', ' Topader Enterprise', '[\"1\",\"2\",\"3\",\"4\",\"5\",\"6\",\"7\",\"8\",\"9\",\"10\",\"11\",\"12\",\"13\"]', '{\"1\":\"1\",\"1\":\"2\",\"2\":\"3\",\"2\":\"4\",\"3\":\"5\",\"3\":\"6\",\"3\":\"7\",\"3\":\"8\",\"3\":\"9\",\"4\":\"10\",\"4\":\"11\",\"4\":\"12\",\"5\":\"13\",\"5\":\"14\",\"5\":\"15\",\"6\":\"16\",\"6\":\"17\",\"6\":\"18\",\"6\":\"19\",\"7\":\"20\",\"8\":\"21\",\"9\":\"22\",\"10\":\"23\",\"10\":\"24\",\"10\":\"25\",\"11\":\"26\",\"11\":\"27\",\"12\":\"28\",\"12\":\"29\",\"13\":\"30\",\"13\":\"31\"}', NULL, '2018-05-30 14:46:17', NULL, '2018-06-04 15:09:12', NULL, NULL),
(199, 8, 31, 85, 'Uzirpur', 0.00, 0.00, '45210', 'Maa Enterprise', '[\"1\",\"2\",\"3\",\"4\",\"5\",\"6\",\"7\",\"8\",\"9\",\"10\",\"11\",\"12\",\"13\"]', '{\"1\":\"1\",\"1\":\"2\",\"2\":\"3\",\"2\":\"4\",\"3\":\"5\",\"3\":\"6\",\"3\":\"7\",\"3\":\"8\",\"3\":\"9\",\"4\":\"10\",\"4\":\"11\",\"4\":\"12\",\"5\":\"13\",\"5\":\"14\",\"5\":\"15\",\"6\":\"16\",\"6\":\"17\",\"6\":\"18\",\"6\":\"19\",\"7\":\"20\",\"8\":\"21\",\"9\":\"22\",\"10\":\"23\",\"10\":\"24\",\"10\":\"25\",\"11\":\"26\",\"11\":\"27\",\"12\":\"28\",\"12\":\"29\",\"13\":\"30\",\"13\":\"31\"}', NULL, '2018-05-30 14:46:17', NULL, '2018-06-04 15:09:12', NULL, NULL),
(200, 8, 31, 86, 'Jhalakathi', 0.00, 0.00, '45215', 'Khondoker Traders', '[\"1\",\"2\",\"3\",\"4\",\"5\",\"6\",\"7\",\"8\",\"9\",\"10\",\"11\",\"12\",\"13\"]', '{\"1\":\"1\",\"1\":\"2\",\"2\":\"3\",\"2\":\"4\",\"3\":\"5\",\"3\":\"6\",\"3\":\"7\",\"3\":\"8\",\"3\":\"9\",\"4\":\"10\",\"4\":\"11\",\"4\":\"12\",\"5\":\"13\",\"5\":\"14\",\"5\":\"15\",\"6\":\"16\",\"6\":\"17\",\"6\":\"18\",\"6\":\"19\",\"7\":\"20\",\"8\":\"21\",\"9\":\"22\",\"10\":\"23\",\"10\":\"24\",\"10\":\"25\",\"11\":\"26\",\"11\":\"27\",\"12\":\"28\",\"12\":\"29\",\"13\":\"30\",\"13\":\"31\"}', NULL, '2018-05-30 14:46:17', NULL, '2018-06-04 15:09:13', NULL, NULL),
(201, 8, 31, 86, 'Rajapur', 0.00, 0.00, '45220', 'Rubel & Baten Enterprise', '[\"1\",\"2\",\"3\",\"4\",\"5\",\"6\",\"7\",\"8\",\"9\",\"10\",\"11\",\"12\",\"13\"]', '{\"1\":\"1\",\"1\":\"2\",\"2\":\"3\",\"2\":\"4\",\"3\":\"5\",\"3\":\"6\",\"3\":\"7\",\"3\":\"8\",\"3\":\"9\",\"4\":\"10\",\"4\":\"11\",\"4\":\"12\",\"5\":\"13\",\"5\":\"14\",\"5\":\"15\",\"6\":\"16\",\"6\":\"17\",\"6\":\"18\",\"6\":\"19\",\"7\":\"20\",\"8\":\"21\",\"9\":\"22\",\"10\":\"23\",\"10\":\"24\",\"10\":\"25\",\"11\":\"26\",\"11\":\"27\",\"12\":\"28\",\"12\":\"29\",\"13\":\"30\",\"13\":\"31\"}', NULL, '2018-05-30 14:46:17', NULL, '2018-06-04 15:09:13', NULL, NULL),
(202, 8, 31, 86, 'Bhandaria', 0.00, 0.00, '45225', ' Tasnim Enterprise', '[\"1\",\"2\",\"3\",\"4\",\"5\",\"6\",\"7\",\"8\",\"9\",\"10\",\"11\",\"12\",\"13\"]', '{\"1\":\"1\",\"1\":\"2\",\"2\":\"3\",\"2\":\"4\",\"3\":\"5\",\"3\":\"6\",\"3\":\"7\",\"3\":\"8\",\"3\":\"9\",\"4\":\"10\",\"4\":\"11\",\"4\":\"12\",\"5\":\"13\",\"5\":\"14\",\"5\":\"15\",\"6\":\"16\",\"6\":\"17\",\"6\":\"18\",\"6\":\"19\",\"7\":\"20\",\"8\":\"21\",\"9\":\"22\",\"10\":\"23\",\"10\":\"24\",\"10\":\"25\",\"11\":\"26\",\"11\":\"27\",\"12\":\"28\",\"12\":\"29\",\"13\":\"30\",\"13\":\"31\"}', NULL, '2018-05-30 14:46:17', NULL, '2018-06-04 15:09:13', NULL, NULL),
(203, 8, 32, 87, 'Bhola', 0.00, 0.00, '45180', 'Bandhan Traders', '[\"1\",\"2\",\"3\",\"4\",\"5\",\"6\",\"7\",\"8\",\"9\",\"10\",\"11\",\"12\",\"13\"]', '{\"1\":\"1\",\"1\":\"2\",\"2\":\"3\",\"2\":\"4\",\"3\":\"5\",\"3\":\"6\",\"3\":\"7\",\"3\":\"8\",\"3\":\"9\",\"4\":\"10\",\"4\":\"11\",\"4\":\"12\",\"5\":\"13\",\"5\":\"14\",\"5\":\"15\",\"6\":\"16\",\"6\":\"17\",\"6\":\"18\",\"6\":\"19\",\"7\":\"20\",\"8\":\"21\",\"9\":\"22\",\"10\":\"23\",\"10\":\"24\",\"10\":\"25\",\"11\":\"26\",\"11\":\"27\",\"12\":\"28\",\"12\":\"29\",\"13\":\"30\",\"13\":\"31\"}', NULL, '2018-05-30 14:46:17', NULL, '2018-06-04 15:09:13', NULL, NULL),
(204, 8, 32, 87, 'Borhanuddin', 0.00, 0.00, '45185', 'Sabiha Enterprise', '[\"1\",\"2\",\"3\",\"4\",\"5\",\"6\",\"7\",\"8\",\"9\",\"10\",\"11\",\"12\",\"13\"]', '{\"1\":\"1\",\"1\":\"2\",\"2\":\"3\",\"2\":\"4\",\"3\":\"5\",\"3\":\"6\",\"3\":\"7\",\"3\":\"8\",\"3\":\"9\",\"4\":\"10\",\"4\":\"11\",\"4\":\"12\",\"5\":\"13\",\"5\":\"14\",\"5\":\"15\",\"6\":\"16\",\"6\":\"17\",\"6\":\"18\",\"6\":\"19\",\"7\":\"20\",\"8\":\"21\",\"9\":\"22\",\"10\":\"23\",\"10\":\"24\",\"10\":\"25\",\"11\":\"26\",\"11\":\"27\",\"12\":\"28\",\"12\":\"29\",\"13\":\"30\",\"13\":\"31\"}', NULL, '2018-05-30 14:46:17', NULL, '2018-06-04 15:09:13', NULL, NULL),
(205, 8, 32, 87, 'Charfashion', 0.00, 0.00, '45195', 'Belayet Motors', '[\"1\",\"2\",\"3\",\"4\",\"5\",\"6\",\"7\",\"8\",\"9\",\"10\",\"11\",\"12\",\"13\"]', '{\"1\":\"1\",\"1\":\"2\",\"2\":\"3\",\"2\":\"4\",\"3\":\"5\",\"3\":\"6\",\"3\":\"7\",\"3\":\"8\",\"3\":\"9\",\"4\":\"10\",\"4\":\"11\",\"4\":\"12\",\"5\":\"13\",\"5\":\"14\",\"5\":\"15\",\"6\":\"16\",\"6\":\"17\",\"6\":\"18\",\"6\":\"19\",\"7\":\"20\",\"8\":\"21\",\"9\":\"22\",\"10\":\"23\",\"10\":\"24\",\"10\":\"25\",\"11\":\"26\",\"11\":\"27\",\"12\":\"28\",\"12\":\"29\",\"13\":\"30\",\"13\":\"31\"}', NULL, '2018-05-30 14:46:17', NULL, '2018-06-04 15:09:13', NULL, NULL),
(206, 8, 32, 88, 'Lalmohon', 0.00, 0.00, '45190', ' Sayera Traders', '[\"1\",\"2\",\"3\",\"4\",\"5\",\"6\",\"7\",\"8\",\"9\",\"10\",\"11\",\"12\",\"13\"]', '{\"1\":\"1\",\"1\":\"2\",\"2\":\"3\",\"2\":\"4\",\"3\":\"5\",\"3\":\"6\",\"3\":\"7\",\"3\":\"8\",\"3\":\"9\",\"4\":\"10\",\"4\":\"11\",\"4\":\"12\",\"5\":\"13\",\"5\":\"14\",\"5\":\"15\",\"6\":\"16\",\"6\":\"17\",\"6\":\"18\",\"6\":\"19\",\"7\":\"20\",\"8\":\"21\",\"9\":\"22\",\"10\":\"23\",\"10\":\"24\",\"10\":\"25\",\"11\":\"26\",\"11\":\"27\",\"12\":\"28\",\"12\":\"29\",\"13\":\"30\",\"13\":\"31\"}', NULL, '2018-05-30 14:46:17', NULL, '2018-06-04 15:09:13', NULL, NULL),
(207, 8, 32, 88, 'Golachipa', 0.00, 0.00, '45240', 'Gawtom & Bros.', '[\"1\",\"2\",\"3\",\"4\",\"5\",\"6\",\"7\",\"8\",\"9\",\"10\",\"11\",\"12\",\"13\"]', '{\"1\":\"1\",\"1\":\"2\",\"2\":\"3\",\"2\":\"4\",\"3\":\"5\",\"3\":\"6\",\"3\":\"7\",\"3\":\"8\",\"3\":\"9\",\"4\":\"10\",\"4\":\"11\",\"4\":\"12\",\"5\":\"13\",\"5\":\"14\",\"5\":\"15\",\"6\":\"16\",\"6\":\"17\",\"6\":\"18\",\"6\":\"19\",\"7\":\"20\",\"8\":\"21\",\"9\":\"22\",\"10\":\"23\",\"10\":\"24\",\"10\":\"25\",\"11\":\"26\",\"11\":\"27\",\"12\":\"28\",\"12\":\"29\",\"13\":\"30\",\"13\":\"31\"}', NULL, '2018-05-30 14:46:17', NULL, '2018-06-04 15:09:13', NULL, NULL),
(208, 8, 32, 88, 'Bawfal', 0.00, 0.00, '45250', 'Akota Enterprise', '[\"1\",\"2\",\"3\",\"4\",\"5\",\"6\",\"7\",\"8\",\"9\",\"10\",\"11\",\"12\",\"13\"]', '{\"1\":\"1\",\"1\":\"2\",\"2\":\"3\",\"2\":\"4\",\"3\":\"5\",\"3\":\"6\",\"3\":\"7\",\"3\":\"8\",\"3\":\"9\",\"4\":\"10\",\"4\":\"11\",\"4\":\"12\",\"5\":\"13\",\"5\":\"14\",\"5\":\"15\",\"6\":\"16\",\"6\":\"17\",\"6\":\"18\",\"6\":\"19\",\"7\":\"20\",\"8\":\"21\",\"9\":\"22\",\"10\":\"23\",\"10\":\"24\",\"10\":\"25\",\"11\":\"26\",\"11\":\"27\",\"12\":\"28\",\"12\":\"29\",\"13\":\"30\",\"13\":\"31\"}', NULL, '2018-05-30 14:46:17', NULL, '2018-06-04 15:09:13', NULL, NULL),
(209, 8, 33, 89, 'Patuakhali', 0.00, 0.00, '45230', 'R K Enterprise', '[\"1\",\"2\",\"3\",\"4\",\"5\",\"6\",\"7\",\"8\",\"9\",\"10\",\"11\",\"12\",\"13\"]', '{\"1\":\"1\",\"1\":\"2\",\"2\":\"3\",\"2\":\"4\",\"3\":\"5\",\"3\":\"6\",\"3\":\"7\",\"3\":\"8\",\"3\":\"9\",\"4\":\"10\",\"4\":\"11\",\"4\":\"12\",\"5\":\"13\",\"5\":\"14\",\"5\":\"15\",\"6\":\"16\",\"6\":\"17\",\"6\":\"18\",\"6\":\"19\",\"7\":\"20\",\"8\":\"21\",\"9\":\"22\",\"10\":\"23\",\"10\":\"24\",\"10\":\"25\",\"11\":\"26\",\"11\":\"27\",\"12\":\"28\",\"12\":\"29\",\"13\":\"30\",\"13\":\"31\"}', NULL, '2018-05-30 14:46:17', NULL, '2018-06-04 15:09:13', NULL, NULL),
(210, 8, 33, 89, 'Mirzagonj', 0.00, 0.00, '45260', 'Keshob Devnath', '[\"1\",\"2\",\"3\",\"4\",\"5\",\"6\",\"7\",\"8\",\"9\",\"10\",\"11\",\"12\",\"13\"]', '{\"1\":\"1\",\"1\":\"2\",\"2\":\"3\",\"2\":\"4\",\"3\":\"5\",\"3\":\"6\",\"3\":\"7\",\"3\":\"8\",\"3\":\"9\",\"4\":\"10\",\"4\":\"11\",\"4\":\"12\",\"5\":\"13\",\"5\":\"14\",\"5\":\"15\",\"6\":\"16\",\"6\":\"17\",\"6\":\"18\",\"6\":\"19\",\"7\":\"20\",\"8\":\"21\",\"9\":\"22\",\"10\":\"23\",\"10\":\"24\",\"10\":\"25\",\"11\":\"26\",\"11\":\"27\",\"12\":\"28\",\"12\":\"29\",\"13\":\"30\",\"13\":\"31\"}', NULL, '2018-05-30 14:46:17', NULL, '2018-06-04 15:09:13', NULL, NULL),
(211, 8, 33, 90, 'Amtoli', 0.00, 0.00, '45235', 'Thakur & Bros.', '[\"1\",\"2\",\"3\",\"4\",\"5\",\"6\",\"7\",\"8\",\"9\",\"10\",\"11\",\"12\",\"13\"]', '{\"1\":\"1\",\"1\":\"2\",\"2\":\"3\",\"2\":\"4\",\"3\":\"5\",\"3\":\"6\",\"3\":\"7\",\"3\":\"8\",\"3\":\"9\",\"4\":\"10\",\"4\":\"11\",\"4\":\"12\",\"5\":\"13\",\"5\":\"14\",\"5\":\"15\",\"6\":\"16\",\"6\":\"17\",\"6\":\"18\",\"6\":\"19\",\"7\":\"20\",\"8\":\"21\",\"9\":\"22\",\"10\":\"23\",\"10\":\"24\",\"10\":\"25\",\"11\":\"26\",\"11\":\"27\",\"12\":\"28\",\"12\":\"29\",\"13\":\"30\",\"13\":\"31\"}', NULL, '2018-05-30 14:46:17', NULL, '2018-06-04 15:09:13', NULL, NULL),
(212, 8, 33, 90, 'Khepupara', 0.00, 0.00, '45245', 'Das Store', '[\"1\",\"2\",\"3\",\"4\",\"5\",\"6\",\"7\",\"8\",\"9\",\"10\",\"11\",\"12\",\"13\"]', '{\"1\":\"1\",\"1\":\"2\",\"2\":\"3\",\"2\":\"4\",\"3\":\"5\",\"3\":\"6\",\"3\":\"7\",\"3\":\"8\",\"3\":\"9\",\"4\":\"10\",\"4\":\"11\",\"4\":\"12\",\"5\":\"13\",\"5\":\"14\",\"5\":\"15\",\"6\":\"16\",\"6\":\"17\",\"6\":\"18\",\"6\":\"19\",\"7\":\"20\",\"8\":\"21\",\"9\":\"22\",\"10\":\"23\",\"10\":\"24\",\"10\":\"25\",\"11\":\"26\",\"11\":\"27\",\"12\":\"28\",\"12\":\"29\",\"13\":\"30\",\"13\":\"31\"}', NULL, '2018-05-30 14:46:17', NULL, '2018-06-04 15:09:13', NULL, NULL),
(213, 8, 33, 91, 'Barguna', 0.00, 0.00, '45255', 'Samira Traders', '[\"1\",\"2\",\"3\",\"4\",\"5\",\"6\",\"7\",\"8\",\"9\",\"10\",\"11\",\"12\",\"13\"]', '{\"1\":\"1\",\"1\":\"2\",\"2\":\"3\",\"2\":\"4\",\"3\":\"5\",\"3\":\"6\",\"3\":\"7\",\"3\":\"8\",\"3\":\"9\",\"4\":\"10\",\"4\":\"11\",\"4\":\"12\",\"5\":\"13\",\"5\":\"14\",\"5\":\"15\",\"6\":\"16\",\"6\":\"17\",\"6\":\"18\",\"6\":\"19\",\"7\":\"20\",\"8\":\"21\",\"9\":\"22\",\"10\":\"23\",\"10\":\"24\",\"10\":\"25\",\"11\":\"26\",\"11\":\"27\",\"12\":\"28\",\"12\":\"29\",\"13\":\"30\",\"13\":\"31\"}', NULL, '2018-05-30 14:46:17', NULL, '2018-06-04 15:09:13', NULL, NULL),
(214, 8, 33, 91, 'Patharghata', 0.00, 0.00, '45265', 'Rabby Store', '[\"1\",\"2\",\"3\",\"4\",\"5\",\"6\",\"7\",\"8\",\"9\",\"10\",\"11\",\"12\",\"13\"]', '{\"1\":\"1\",\"1\":\"2\",\"2\":\"3\",\"2\":\"4\",\"3\":\"5\",\"3\":\"6\",\"3\":\"7\",\"3\":\"8\",\"3\":\"9\",\"4\":\"10\",\"4\":\"11\",\"4\":\"12\",\"5\":\"13\",\"5\":\"14\",\"5\":\"15\",\"6\":\"16\",\"6\":\"17\",\"6\":\"18\",\"6\":\"19\",\"7\":\"20\",\"8\":\"21\",\"9\":\"22\",\"10\":\"23\",\"10\":\"24\",\"10\":\"25\",\"11\":\"26\",\"11\":\"27\",\"12\":\"28\",\"12\":\"29\",\"13\":\"30\",\"13\":\"31\"}', NULL, '2018-05-30 14:46:17', NULL, '2018-06-04 15:09:13', NULL, NULL),
(215, 8, 33, 91, 'Mathbaria', 0.00, 0.00, '45270', 'New Jomadder Enterprise', '[\"1\",\"2\",\"3\",\"4\",\"5\",\"6\",\"7\",\"8\",\"9\",\"10\",\"11\",\"12\",\"13\"]', '{\"1\":\"1\",\"1\":\"2\",\"2\":\"3\",\"2\":\"4\",\"3\":\"5\",\"3\":\"6\",\"3\":\"7\",\"3\":\"8\",\"3\":\"9\",\"4\":\"10\",\"4\":\"11\",\"4\":\"12\",\"5\":\"13\",\"5\":\"14\",\"5\":\"15\",\"6\":\"16\",\"6\":\"17\",\"6\":\"18\",\"6\":\"19\",\"7\":\"20\",\"8\":\"21\",\"9\":\"22\",\"10\":\"23\",\"10\":\"24\",\"10\":\"25\",\"11\":\"26\",\"11\":\"27\",\"12\":\"28\",\"12\":\"29\",\"13\":\"30\",\"13\":\"31\"}', NULL, '2018-05-30 14:46:17', NULL, '2018-06-04 15:09:13', NULL, NULL),
(216, 9, 34, 92, 'Eidgah', 0.00, 0.00, '50110', 'SM Enterprise', '[\"1\",\"2\",\"3\",\"4\",\"5\",\"6\",\"7\",\"8\",\"9\",\"10\",\"11\",\"12\",\"13\"]', '{\"1\":\"1\",\"1\":\"2\",\"2\":\"3\",\"2\":\"4\",\"3\":\"5\",\"3\":\"6\",\"3\":\"7\",\"3\":\"8\",\"3\":\"9\",\"4\":\"10\",\"4\":\"11\",\"4\":\"12\",\"5\":\"13\",\"5\":\"14\",\"5\":\"15\",\"6\":\"16\",\"6\":\"17\",\"6\":\"18\",\"6\":\"19\",\"7\":\"20\",\"8\":\"21\",\"9\":\"22\",\"10\":\"23\",\"10\":\"24\",\"10\":\"25\",\"11\":\"26\",\"11\":\"27\",\"12\":\"28\",\"12\":\"29\",\"13\":\"30\",\"13\":\"31\"}', NULL, '2018-05-30 14:46:17', NULL, '2018-06-04 15:09:13', NULL, NULL),
(217, 9, 34, 93, 'Laldighi', 0.00, 0.00, '50115', 'Hazi Md. Mokhlesh Mia & Sons', '[\"1\",\"2\",\"3\",\"4\",\"5\",\"6\",\"7\",\"8\",\"9\",\"10\",\"11\",\"12\",\"13\"]', '{\"1\":\"1\",\"1\":\"2\",\"2\":\"3\",\"2\":\"4\",\"3\":\"5\",\"3\":\"6\",\"3\":\"7\",\"3\":\"8\",\"3\":\"9\",\"4\":\"10\",\"4\":\"11\",\"4\":\"12\",\"5\":\"13\",\"5\":\"14\",\"5\":\"15\",\"6\":\"16\",\"6\":\"17\",\"6\":\"18\",\"6\":\"19\",\"7\":\"20\",\"8\":\"21\",\"9\":\"22\",\"10\":\"23\",\"10\":\"24\",\"10\":\"25\",\"11\":\"26\",\"11\":\"27\",\"12\":\"28\",\"12\":\"29\",\"13\":\"30\",\"13\":\"31\"}', NULL, '2018-05-30 14:46:17', NULL, '2018-06-04 15:09:13', NULL, NULL),
(218, 9, 34, 93, 'Companygonj', 0.00, 0.00, '50120', 'Rafa Iron', '[\"1\",\"2\",\"3\",\"4\",\"5\",\"6\",\"7\",\"8\",\"9\",\"10\",\"11\",\"12\",\"13\"]', '{\"1\":\"1\",\"1\":\"2\",\"2\":\"3\",\"2\":\"4\",\"3\":\"5\",\"3\":\"6\",\"3\":\"7\",\"3\":\"8\",\"3\":\"9\",\"4\":\"10\",\"4\":\"11\",\"4\":\"12\",\"5\":\"13\",\"5\":\"14\",\"5\":\"15\",\"6\":\"16\",\"6\":\"17\",\"6\":\"18\",\"6\":\"19\",\"7\":\"20\",\"8\":\"21\",\"9\":\"22\",\"10\":\"23\",\"10\":\"24\",\"10\":\"25\",\"11\":\"26\",\"11\":\"27\",\"12\":\"28\",\"12\":\"29\",\"13\":\"30\",\"13\":\"31\"}', NULL, '2018-05-30 14:46:17', NULL, '2018-06-04 15:09:13', NULL, NULL),
(219, 9, 34, 94, 'Kanaighat', 0.00, 0.00, '50125', 'Ajmal & Brothers', '[\"1\",\"2\",\"3\",\"4\",\"5\",\"6\",\"7\",\"8\",\"9\",\"10\",\"11\",\"12\",\"13\"]', '{\"1\":\"1\",\"1\":\"2\",\"2\":\"3\",\"2\":\"4\",\"3\":\"5\",\"3\":\"6\",\"3\":\"7\",\"3\":\"8\",\"3\":\"9\",\"4\":\"10\",\"4\":\"11\",\"4\":\"12\",\"5\":\"13\",\"5\":\"14\",\"5\":\"15\",\"6\":\"16\",\"6\":\"17\",\"6\":\"18\",\"6\":\"19\",\"7\":\"20\",\"8\":\"21\",\"9\":\"22\",\"10\":\"23\",\"10\":\"24\",\"10\":\"25\",\"11\":\"26\",\"11\":\"27\",\"12\":\"28\",\"12\":\"29\",\"13\":\"30\",\"13\":\"31\"}', NULL, '2018-05-30 14:46:17', NULL, '2018-06-04 15:09:13', NULL, NULL),
(220, 9, 34, 94, 'Goainghat', 0.00, 0.00, '50130', 'Azad  Enterprise', '[\"1\",\"2\",\"3\",\"4\",\"5\",\"6\",\"7\",\"8\",\"9\",\"10\",\"11\",\"12\",\"13\"]', '{\"1\":\"1\",\"1\":\"2\",\"2\":\"3\",\"2\":\"4\",\"3\":\"5\",\"3\":\"6\",\"3\":\"7\",\"3\":\"8\",\"3\":\"9\",\"4\":\"10\",\"4\":\"11\",\"4\":\"12\",\"5\":\"13\",\"5\":\"14\",\"5\":\"15\",\"6\":\"16\",\"6\":\"17\",\"6\":\"18\",\"6\":\"19\",\"7\":\"20\",\"8\":\"21\",\"9\":\"22\",\"10\":\"23\",\"10\":\"24\",\"10\":\"25\",\"11\":\"26\",\"11\":\"27\",\"12\":\"28\",\"12\":\"29\",\"13\":\"30\",\"13\":\"31\"}', NULL, '2018-05-30 14:46:17', NULL, '2018-06-04 15:09:13', NULL, NULL),
(221, 9, 35, 95, 'South Surma', 0.00, 0.00, '50155', 'Shohag Trading', '[\"1\",\"2\",\"3\",\"4\",\"5\",\"6\",\"7\",\"8\",\"9\",\"10\",\"11\",\"12\",\"13\"]', '{\"1\":\"1\",\"1\":\"2\",\"2\":\"3\",\"2\":\"4\",\"3\":\"5\",\"3\":\"6\",\"3\":\"7\",\"3\":\"8\",\"3\":\"9\",\"4\":\"10\",\"4\":\"11\",\"4\":\"12\",\"5\":\"13\",\"5\":\"14\",\"5\":\"15\",\"6\":\"16\",\"6\":\"17\",\"6\":\"18\",\"6\":\"19\",\"7\":\"20\",\"8\":\"21\",\"9\":\"22\",\"10\":\"23\",\"10\":\"24\",\"10\":\"25\",\"11\":\"26\",\"11\":\"27\",\"12\":\"28\",\"12\":\"29\",\"13\":\"30\",\"13\":\"31\"}', NULL, '2018-05-30 14:46:17', NULL, '2018-06-04 15:09:13', NULL, NULL),
(222, 9, 35, 95, 'Fenchugonj', 0.00, 0.00, '50185', 'Mahmud Store', '[\"1\",\"2\",\"3\",\"4\",\"5\",\"6\",\"7\",\"8\",\"9\",\"10\",\"11\",\"12\",\"13\"]', '{\"1\":\"1\",\"1\":\"2\",\"2\":\"3\",\"2\":\"4\",\"3\":\"5\",\"3\":\"6\",\"3\":\"7\",\"3\":\"8\",\"3\":\"9\",\"4\":\"10\",\"4\":\"11\",\"4\":\"12\",\"5\":\"13\",\"5\":\"14\",\"5\":\"15\",\"6\":\"16\",\"6\":\"17\",\"6\":\"18\",\"6\":\"19\",\"7\":\"20\",\"8\":\"21\",\"9\":\"22\",\"10\":\"23\",\"10\":\"24\",\"10\":\"25\",\"11\":\"26\",\"11\":\"27\",\"12\":\"28\",\"12\":\"29\",\"13\":\"30\",\"13\":\"31\"}', NULL, '2018-05-30 14:46:17', NULL, '2018-06-04 15:09:13', NULL, NULL),
(223, 9, 35, 95, 'Goalabazar', 0.00, 0.00, '50170', 'Mahima Enterprise', '[\"1\",\"2\",\"3\",\"4\",\"5\",\"6\",\"7\",\"8\",\"9\",\"10\",\"11\",\"12\",\"13\"]', '{\"1\":\"1\",\"1\":\"2\",\"2\":\"3\",\"2\":\"4\",\"3\":\"5\",\"3\":\"6\",\"3\":\"7\",\"3\":\"8\",\"3\":\"9\",\"4\":\"10\",\"4\":\"11\",\"4\":\"12\",\"5\":\"13\",\"5\":\"14\",\"5\":\"15\",\"6\":\"16\",\"6\":\"17\",\"6\":\"18\",\"6\":\"19\",\"7\":\"20\",\"8\":\"21\",\"9\":\"22\",\"10\":\"23\",\"10\":\"24\",\"10\":\"25\",\"11\":\"26\",\"11\":\"27\",\"12\":\"28\",\"12\":\"29\",\"13\":\"30\",\"13\":\"31\"}', NULL, '2018-05-30 14:46:17', NULL, '2018-06-04 15:09:13', NULL, NULL),
(224, 9, 35, 96, 'Golapgonj', 0.00, 0.00, '50175', 'Jaman Enterprise', '[\"1\",\"2\",\"3\",\"4\",\"5\",\"6\",\"7\",\"8\",\"9\",\"10\",\"11\",\"12\",\"13\"]', '{\"1\":\"1\",\"1\":\"2\",\"2\":\"3\",\"2\":\"4\",\"3\":\"5\",\"3\":\"6\",\"3\":\"7\",\"3\":\"8\",\"3\":\"9\",\"4\":\"10\",\"4\":\"11\",\"4\":\"12\",\"5\":\"13\",\"5\":\"14\",\"5\":\"15\",\"6\":\"16\",\"6\":\"17\",\"6\":\"18\",\"6\":\"19\",\"7\":\"20\",\"8\":\"21\",\"9\":\"22\",\"10\":\"23\",\"10\":\"24\",\"10\":\"25\",\"11\":\"26\",\"11\":\"27\",\"12\":\"28\",\"12\":\"29\",\"13\":\"30\",\"13\":\"31\"}', NULL, '2018-05-30 14:46:17', NULL, '2018-06-04 15:09:14', NULL, NULL),
(225, 9, 35, 96, 'Bianibazar', 0.00, 0.00, '50180', 'Jamil Enterprise', '[\"1\",\"2\",\"3\",\"4\",\"5\",\"6\",\"7\",\"8\",\"9\",\"10\",\"11\",\"12\",\"13\"]', '{\"1\":\"1\",\"1\":\"2\",\"2\":\"3\",\"2\":\"4\",\"3\":\"5\",\"3\":\"6\",\"3\":\"7\",\"3\":\"8\",\"3\":\"9\",\"4\":\"10\",\"4\":\"11\",\"4\":\"12\",\"5\":\"13\",\"5\":\"14\",\"5\":\"15\",\"6\":\"16\",\"6\":\"17\",\"6\":\"18\",\"6\":\"19\",\"7\":\"20\",\"8\":\"21\",\"9\":\"22\",\"10\":\"23\",\"10\":\"24\",\"10\":\"25\",\"11\":\"26\",\"11\":\"27\",\"12\":\"28\",\"12\":\"29\",\"13\":\"30\",\"13\":\"31\"}', NULL, '2018-05-30 14:46:17', NULL, '2018-06-04 15:09:14', NULL, NULL),
(226, 9, 35, 96, 'Jokigonj', 0.00, 0.00, '50190', 'Satata Distribution', '[\"1\",\"2\",\"3\",\"4\",\"5\",\"6\",\"7\",\"8\",\"9\",\"10\",\"11\",\"12\",\"13\"]', '{\"1\":\"1\",\"1\":\"2\",\"2\":\"3\",\"2\":\"4\",\"3\":\"5\",\"3\":\"6\",\"3\":\"7\",\"3\":\"8\",\"3\":\"9\",\"4\":\"10\",\"4\":\"11\",\"4\":\"12\",\"5\":\"13\",\"5\":\"14\",\"5\":\"15\",\"6\":\"16\",\"6\":\"17\",\"6\":\"18\",\"6\":\"19\",\"7\":\"20\",\"8\":\"21\",\"9\":\"22\",\"10\":\"23\",\"10\":\"24\",\"10\":\"25\",\"11\":\"26\",\"11\":\"27\",\"12\":\"28\",\"12\":\"29\",\"13\":\"30\",\"13\":\"31\"}', NULL, '2018-05-30 14:46:17', NULL, '2018-06-04 15:09:14', NULL, NULL),
(227, 9, 36, 97, 'Sunamgonj', 0.00, 0.00, '50135', 'Nikesh Ranjon Dey', '[\"1\",\"2\",\"3\",\"4\",\"5\",\"6\",\"7\",\"8\",\"9\",\"10\",\"11\",\"12\",\"13\"]', '{\"1\":\"1\",\"1\":\"2\",\"2\":\"3\",\"2\":\"4\",\"3\":\"5\",\"3\":\"6\",\"3\":\"7\",\"3\":\"8\",\"3\":\"9\",\"4\":\"10\",\"4\":\"11\",\"4\":\"12\",\"5\":\"13\",\"5\":\"14\",\"5\":\"15\",\"6\":\"16\",\"6\":\"17\",\"6\":\"18\",\"6\":\"19\",\"7\":\"20\",\"8\":\"21\",\"9\":\"22\",\"10\":\"23\",\"10\":\"24\",\"10\":\"25\",\"11\":\"26\",\"11\":\"27\",\"12\":\"28\",\"12\":\"29\",\"13\":\"30\",\"13\":\"31\"}', NULL, '2018-05-30 14:46:17', NULL, '2018-06-04 15:09:14', NULL, NULL),
(228, 9, 36, 97, 'Derai', 0.00, 0.00, '50150', 'Marif Eterprise', '[\"1\",\"2\",\"3\",\"4\",\"5\",\"6\",\"7\",\"8\",\"9\",\"10\",\"11\",\"12\",\"13\"]', '{\"1\":\"1\",\"1\":\"2\",\"2\":\"3\",\"2\":\"4\",\"3\":\"5\",\"3\":\"6\",\"3\":\"7\",\"3\":\"8\",\"3\":\"9\",\"4\":\"10\",\"4\":\"11\",\"4\":\"12\",\"5\":\"13\",\"5\":\"14\",\"5\":\"15\",\"6\":\"16\",\"6\":\"17\",\"6\":\"18\",\"6\":\"19\",\"7\":\"20\",\"8\":\"21\",\"9\":\"22\",\"10\":\"23\",\"10\":\"24\",\"10\":\"25\",\"11\":\"26\",\"11\":\"27\",\"12\":\"28\",\"12\":\"29\",\"13\":\"30\",\"13\":\"31\"}', NULL, '2018-05-30 14:46:17', NULL, '2018-06-04 15:09:14', NULL, NULL),
(229, 9, 36, 97, 'Taherpur', 0.00, 0.00, '50145', 'Roman Shah Enterprise', '[\"1\",\"2\",\"3\",\"4\",\"5\",\"6\",\"7\",\"8\",\"9\",\"10\",\"11\",\"12\",\"13\"]', '{\"1\":\"1\",\"1\":\"2\",\"2\":\"3\",\"2\":\"4\",\"3\":\"5\",\"3\":\"6\",\"3\":\"7\",\"3\":\"8\",\"3\":\"9\",\"4\":\"10\",\"4\":\"11\",\"4\":\"12\",\"5\":\"13\",\"5\":\"14\",\"5\":\"15\",\"6\":\"16\",\"6\":\"17\",\"6\":\"18\",\"6\":\"19\",\"7\":\"20\",\"8\":\"21\",\"9\":\"22\",\"10\":\"23\",\"10\":\"24\",\"10\":\"25\",\"11\":\"26\",\"11\":\"27\",\"12\":\"28\",\"12\":\"29\",\"13\":\"30\",\"13\":\"31\"}', NULL, '2018-05-30 14:46:17', NULL, '2018-06-04 15:09:14', NULL, NULL),
(230, 9, 36, 98, 'Chattak', 0.00, 0.00, '50140', 'Juthi Trading', '[\"1\",\"2\",\"3\",\"4\",\"5\",\"6\",\"7\",\"8\",\"9\",\"10\",\"11\",\"12\",\"13\"]', '{\"1\":\"1\",\"1\":\"2\",\"2\":\"3\",\"2\":\"4\",\"3\":\"5\",\"3\":\"6\",\"3\":\"7\",\"3\":\"8\",\"3\":\"9\",\"4\":\"10\",\"4\":\"11\",\"4\":\"12\",\"5\":\"13\",\"5\":\"14\",\"5\":\"15\",\"6\":\"16\",\"6\":\"17\",\"6\":\"18\",\"6\":\"19\",\"7\":\"20\",\"8\":\"21\",\"9\":\"22\",\"10\":\"23\",\"10\":\"24\",\"10\":\"25\",\"11\":\"26\",\"11\":\"27\",\"12\":\"28\",\"12\":\"29\",\"13\":\"30\",\"13\":\"31\"}', NULL, '2018-05-30 14:46:17', NULL, '2018-06-04 15:09:14', NULL, NULL),
(231, 9, 36, 98, 'Jogonathpur', 0.00, 0.00, '50160', 'Islam & Brothers', '[\"1\",\"2\",\"3\",\"4\",\"5\",\"6\",\"7\",\"8\",\"9\",\"10\",\"11\",\"12\",\"13\"]', '{\"1\":\"1\",\"1\":\"2\",\"2\":\"3\",\"2\":\"4\",\"3\":\"5\",\"3\":\"6\",\"3\":\"7\",\"3\":\"8\",\"3\":\"9\",\"4\":\"10\",\"4\":\"11\",\"4\":\"12\",\"5\":\"13\",\"5\":\"14\",\"5\":\"15\",\"6\":\"16\",\"6\":\"17\",\"6\":\"18\",\"6\":\"19\",\"7\":\"20\",\"8\":\"21\",\"9\":\"22\",\"10\":\"23\",\"10\":\"24\",\"10\":\"25\",\"11\":\"26\",\"11\":\"27\",\"12\":\"28\",\"12\":\"29\",\"13\":\"30\",\"13\":\"31\"}', NULL, '2018-05-30 14:46:17', NULL, '2018-06-04 15:09:14', NULL, NULL),
(232, 9, 36, 98, 'Bisawnath', 0.00, 0.00, '50165', 'Shahid Entterprise', '[\"1\",\"2\",\"3\",\"4\",\"5\",\"6\",\"7\",\"8\",\"9\",\"10\",\"11\",\"12\",\"13\"]', '{\"1\":\"1\",\"1\":\"2\",\"2\":\"3\",\"2\":\"4\",\"3\":\"5\",\"3\":\"6\",\"3\":\"7\",\"3\":\"8\",\"3\":\"9\",\"4\":\"10\",\"4\":\"11\",\"4\":\"12\",\"5\":\"13\",\"5\":\"14\",\"5\":\"15\",\"6\":\"16\",\"6\":\"17\",\"6\":\"18\",\"6\":\"19\",\"7\":\"20\",\"8\":\"21\",\"9\":\"22\",\"10\":\"23\",\"10\":\"24\",\"10\":\"25\",\"11\":\"26\",\"11\":\"27\",\"12\":\"28\",\"12\":\"29\",\"13\":\"30\",\"13\":\"31\"}', NULL, '2018-05-30 14:46:17', NULL, '2018-06-04 15:09:14', NULL, NULL),
(233, 9, 37, 99, 'Moulivibazar', 0.00, 0.00, '50195', 'South Sylhet Enterprise', '[\"1\",\"2\",\"3\",\"4\",\"5\",\"6\",\"7\",\"8\",\"9\",\"10\",\"11\",\"12\",\"13\"]', '{\"1\":\"1\",\"1\":\"2\",\"2\":\"3\",\"2\":\"4\",\"3\":\"5\",\"3\":\"6\",\"3\":\"7\",\"3\":\"8\",\"3\":\"9\",\"4\":\"10\",\"4\":\"11\",\"4\":\"12\",\"5\":\"13\",\"5\":\"14\",\"5\":\"15\",\"6\":\"16\",\"6\":\"17\",\"6\":\"18\",\"6\":\"19\",\"7\":\"20\",\"8\":\"21\",\"9\":\"22\",\"10\":\"23\",\"10\":\"24\",\"10\":\"25\",\"11\":\"26\",\"11\":\"27\",\"12\":\"28\",\"12\":\"29\",\"13\":\"30\",\"13\":\"31\"}', NULL, '2018-05-30 14:46:17', NULL, '2018-06-04 15:09:14', NULL, NULL),
(234, 9, 37, 99, 'Sremongol', 0.00, 0.00, '50210', 'Kanika Enterprise', '[\"1\",\"2\",\"3\",\"4\",\"5\",\"6\",\"7\",\"8\",\"9\",\"10\",\"11\",\"12\",\"13\"]', '{\"1\":\"1\",\"1\":\"2\",\"2\":\"3\",\"2\":\"4\",\"3\":\"5\",\"3\":\"6\",\"3\":\"7\",\"3\":\"8\",\"3\":\"9\",\"4\":\"10\",\"4\":\"11\",\"4\":\"12\",\"5\":\"13\",\"5\":\"14\",\"5\":\"15\",\"6\":\"16\",\"6\":\"17\",\"6\":\"18\",\"6\":\"19\",\"7\":\"20\",\"8\":\"21\",\"9\":\"22\",\"10\":\"23\",\"10\":\"24\",\"10\":\"25\",\"11\":\"26\",\"11\":\"27\",\"12\":\"28\",\"12\":\"29\",\"13\":\"30\",\"13\":\"31\"}', NULL, '2018-05-30 14:46:17', NULL, '2018-06-04 15:09:14', NULL, NULL);
INSERT INTO `distribution_houses` (`id`, `zones_id`, `regions_id`, `territories_id`, `market_name`, `opening_balance`, `current_balance`, `code`, `point_name`, `privilage_brands`, `privilage_sku`, `created_by`, `created_at`, `updated_by`, `updated_at`, `rfu1`, `rfu2`) VALUES
(235, 9, 37, 100, 'Kulaura', 0.00, 0.00, '50200', 'M.J Enterprise', '[\"1\",\"2\",\"3\",\"4\",\"5\",\"6\",\"7\",\"8\",\"9\",\"10\",\"11\",\"12\",\"13\"]', '{\"1\":\"1\",\"1\":\"2\",\"2\":\"3\",\"2\":\"4\",\"3\":\"5\",\"3\":\"6\",\"3\":\"7\",\"3\":\"8\",\"3\":\"9\",\"4\":\"10\",\"4\":\"11\",\"4\":\"12\",\"5\":\"13\",\"5\":\"14\",\"5\":\"15\",\"6\":\"16\",\"6\":\"17\",\"6\":\"18\",\"6\":\"19\",\"7\":\"20\",\"8\":\"21\",\"9\":\"22\",\"10\":\"23\",\"10\":\"24\",\"10\":\"25\",\"11\":\"26\",\"11\":\"27\",\"12\":\"28\",\"12\":\"29\",\"13\":\"30\",\"13\":\"31\"}', NULL, '2018-05-30 14:46:17', NULL, '2018-06-04 15:09:14', NULL, NULL),
(236, 9, 37, 100, 'Borolekha', 0.00, 0.00, '50205', 'Alam Brothers', '[\"1\",\"2\",\"3\",\"4\",\"5\",\"6\",\"7\",\"8\",\"9\",\"10\",\"11\",\"12\",\"13\"]', '{\"1\":\"1\",\"1\":\"2\",\"2\":\"3\",\"2\":\"4\",\"3\":\"5\",\"3\":\"6\",\"3\":\"7\",\"3\":\"8\",\"3\":\"9\",\"4\":\"10\",\"4\":\"11\",\"4\":\"12\",\"5\":\"13\",\"5\":\"14\",\"5\":\"15\",\"6\":\"16\",\"6\":\"17\",\"6\":\"18\",\"6\":\"19\",\"7\":\"20\",\"8\":\"21\",\"9\":\"22\",\"10\":\"23\",\"10\":\"24\",\"10\":\"25\",\"11\":\"26\",\"11\":\"27\",\"12\":\"28\",\"12\":\"29\",\"13\":\"30\",\"13\":\"31\"}', NULL, '2018-05-30 14:46:17', NULL, '2018-06-04 15:09:14', NULL, NULL),
(237, 9, 37, 101, 'Hobigonj', 0.00, 0.00, '50215', 'Ishaq Mia & sons.', '[\"1\",\"2\",\"3\",\"4\",\"5\",\"6\",\"7\",\"8\",\"9\",\"10\",\"11\",\"12\",\"13\"]', '{\"1\":\"1\",\"1\":\"2\",\"2\":\"3\",\"2\":\"4\",\"3\":\"5\",\"3\":\"6\",\"3\":\"7\",\"3\":\"8\",\"3\":\"9\",\"4\":\"10\",\"4\":\"11\",\"4\":\"12\",\"5\":\"13\",\"5\":\"14\",\"5\":\"15\",\"6\":\"16\",\"6\":\"17\",\"6\":\"18\",\"6\":\"19\",\"7\":\"20\",\"8\":\"21\",\"9\":\"22\",\"10\":\"23\",\"10\":\"24\",\"10\":\"25\",\"11\":\"26\",\"11\":\"27\",\"12\":\"28\",\"12\":\"29\",\"13\":\"30\",\"13\":\"31\"}', NULL, '2018-05-30 14:46:17', NULL, '2018-06-04 15:09:14', NULL, NULL),
(238, 9, 37, 101, 'Nobigonj', 0.00, 0.00, '50225', 'Dulal Chandra Roy', '[\"1\",\"2\",\"3\",\"4\",\"5\",\"6\",\"7\",\"8\",\"9\",\"10\",\"11\",\"12\",\"13\"]', '{\"1\":\"1\",\"1\":\"2\",\"2\":\"3\",\"2\":\"4\",\"3\":\"5\",\"3\":\"6\",\"3\":\"7\",\"3\":\"8\",\"3\":\"9\",\"4\":\"10\",\"4\":\"11\",\"4\":\"12\",\"5\":\"13\",\"5\":\"14\",\"5\":\"15\",\"6\":\"16\",\"6\":\"17\",\"6\":\"18\",\"6\":\"19\",\"7\":\"20\",\"8\":\"21\",\"9\":\"22\",\"10\":\"23\",\"10\":\"24\",\"10\":\"25\",\"11\":\"26\",\"11\":\"27\",\"12\":\"28\",\"12\":\"29\",\"13\":\"30\",\"13\":\"31\"}', NULL, '2018-05-30 14:46:17', NULL, '2018-06-04 15:09:14', NULL, NULL),
(239, 9, 37, 101, 'Ranigonj', 0.00, 0.00, '50235', 'Hazi Selim & Sons.', '[\"1\",\"2\",\"3\",\"4\",\"5\",\"6\",\"7\",\"8\",\"9\",\"10\",\"11\",\"12\",\"13\"]', '{\"1\":\"1\",\"1\":\"2\",\"2\":\"3\",\"2\":\"4\",\"3\":\"5\",\"3\":\"6\",\"3\":\"7\",\"3\":\"8\",\"3\":\"9\",\"4\":\"10\",\"4\":\"11\",\"4\":\"12\",\"5\":\"13\",\"5\":\"14\",\"5\":\"15\",\"6\":\"16\",\"6\":\"17\",\"6\":\"18\",\"6\":\"19\",\"7\":\"20\",\"8\":\"21\",\"9\":\"22\",\"10\":\"23\",\"10\":\"24\",\"10\":\"25\",\"11\":\"26\",\"11\":\"27\",\"12\":\"28\",\"12\":\"29\",\"13\":\"30\",\"13\":\"31\"}', NULL, '2018-05-30 14:46:17', NULL, '2018-06-04 15:09:14', NULL, NULL),
(240, 9, 37, 102, 'Madhabpur', 0.00, 0.00, '50220', 'Mohanam Electrics', '[\"1\",\"2\",\"3\",\"4\",\"5\",\"6\",\"7\",\"8\",\"9\",\"10\",\"11\",\"12\",\"13\"]', '{\"1\":\"1\",\"1\":\"2\",\"2\":\"3\",\"2\":\"4\",\"3\":\"5\",\"3\":\"6\",\"3\":\"7\",\"3\":\"8\",\"3\":\"9\",\"4\":\"10\",\"4\":\"11\",\"4\":\"12\",\"5\":\"13\",\"5\":\"14\",\"5\":\"15\",\"6\":\"16\",\"6\":\"17\",\"6\":\"18\",\"6\":\"19\",\"7\":\"20\",\"8\":\"21\",\"9\":\"22\",\"10\":\"23\",\"10\":\"24\",\"10\":\"25\",\"11\":\"26\",\"11\":\"27\",\"12\":\"28\",\"12\":\"29\",\"13\":\"30\",\"13\":\"31\"}', NULL, '2018-05-30 14:46:17', NULL, '2018-06-04 15:09:14', NULL, NULL),
(241, 9, 37, 102, 'Sayestagonj', 0.00, 0.00, '50230', 'R.P Enterprise', '[\"1\",\"2\",\"3\",\"4\",\"5\",\"6\",\"7\",\"8\",\"9\",\"10\",\"11\",\"12\",\"13\"]', '{\"1\":\"1\",\"1\":\"2\",\"2\":\"3\",\"2\":\"4\",\"3\":\"5\",\"3\":\"6\",\"3\":\"7\",\"3\":\"8\",\"3\":\"9\",\"4\":\"10\",\"4\":\"11\",\"4\":\"12\",\"5\":\"13\",\"5\":\"14\",\"5\":\"15\",\"6\":\"16\",\"6\":\"17\",\"6\":\"18\",\"6\":\"19\",\"7\":\"20\",\"8\":\"21\",\"9\":\"22\",\"10\":\"23\",\"10\":\"24\",\"10\":\"25\",\"11\":\"26\",\"11\":\"27\",\"12\":\"28\",\"12\":\"29\",\"13\":\"30\",\"13\":\"31\"}', NULL, '2018-05-30 14:46:17', NULL, '2018-06-04 15:09:14', NULL, NULL),
(242, 10, 38, 103, 'B.Baria', 0.00, 0.00, '55110', 'Mamun Traders', '[\"1\",\"2\",\"3\",\"4\",\"5\",\"6\",\"7\",\"8\",\"9\",\"10\",\"11\",\"12\",\"13\"]', '{\"1\":\"1\",\"1\":\"2\",\"2\":\"3\",\"2\":\"4\",\"3\":\"5\",\"3\":\"6\",\"3\":\"7\",\"3\":\"8\",\"3\":\"9\",\"4\":\"10\",\"4\":\"11\",\"4\":\"12\",\"5\":\"13\",\"5\":\"14\",\"5\":\"15\",\"6\":\"16\",\"6\":\"17\",\"6\":\"18\",\"6\":\"19\",\"7\":\"20\",\"8\":\"21\",\"9\":\"22\",\"10\":\"23\",\"10\":\"24\",\"10\":\"25\",\"11\":\"26\",\"11\":\"27\",\"12\":\"28\",\"12\":\"29\",\"13\":\"30\",\"13\":\"31\"}', NULL, '2018-05-30 14:46:17', NULL, '2018-06-04 15:09:14', NULL, NULL),
(243, 10, 38, 103, 'Akhaura', 0.00, 0.00, '55115', 'Parimol Store', '[\"1\",\"2\",\"3\",\"4\",\"5\",\"6\",\"7\",\"8\",\"9\",\"10\",\"11\",\"12\",\"13\"]', '{\"1\":\"1\",\"1\":\"2\",\"2\":\"3\",\"2\":\"4\",\"3\":\"5\",\"3\":\"6\",\"3\":\"7\",\"3\":\"8\",\"3\":\"9\",\"4\":\"10\",\"4\":\"11\",\"4\":\"12\",\"5\":\"13\",\"5\":\"14\",\"5\":\"15\",\"6\":\"16\",\"6\":\"17\",\"6\":\"18\",\"6\":\"19\",\"7\":\"20\",\"8\":\"21\",\"9\":\"22\",\"10\":\"23\",\"10\":\"24\",\"10\":\"25\",\"11\":\"26\",\"11\":\"27\",\"12\":\"28\",\"12\":\"29\",\"13\":\"30\",\"13\":\"31\"}', NULL, '2018-05-30 14:46:17', NULL, '2018-06-04 15:09:14', NULL, NULL),
(244, 10, 38, 103, 'Kosba', 0.00, 0.00, '55120', 'Maa Enterprise', '[\"1\",\"2\",\"3\",\"4\",\"5\",\"6\",\"7\",\"8\",\"9\",\"10\",\"11\",\"12\",\"13\"]', '{\"1\":\"1\",\"1\":\"2\",\"2\":\"3\",\"2\":\"4\",\"3\":\"5\",\"3\":\"6\",\"3\":\"7\",\"3\":\"8\",\"3\":\"9\",\"4\":\"10\",\"4\":\"11\",\"4\":\"12\",\"5\":\"13\",\"5\":\"14\",\"5\":\"15\",\"6\":\"16\",\"6\":\"17\",\"6\":\"18\",\"6\":\"19\",\"7\":\"20\",\"8\":\"21\",\"9\":\"22\",\"10\":\"23\",\"10\":\"24\",\"10\":\"25\",\"11\":\"26\",\"11\":\"27\",\"12\":\"28\",\"12\":\"29\",\"13\":\"30\",\"13\":\"31\"}', NULL, '2018-05-30 14:46:17', NULL, '2018-06-04 15:09:14', NULL, NULL),
(245, 10, 38, 104, 'Sorail', 0.00, 0.00, '55125', 'Tamim Enterprise', '[\"1\",\"2\",\"3\",\"4\",\"5\",\"6\",\"7\",\"8\",\"9\",\"10\",\"11\",\"12\",\"13\"]', '{\"1\":\"1\",\"1\":\"2\",\"2\":\"3\",\"2\":\"4\",\"3\":\"5\",\"3\":\"6\",\"3\":\"7\",\"3\":\"8\",\"3\":\"9\",\"4\":\"10\",\"4\":\"11\",\"4\":\"12\",\"5\":\"13\",\"5\":\"14\",\"5\":\"15\",\"6\":\"16\",\"6\":\"17\",\"6\":\"18\",\"6\":\"19\",\"7\":\"20\",\"8\":\"21\",\"9\":\"22\",\"10\":\"23\",\"10\":\"24\",\"10\":\"25\",\"11\":\"26\",\"11\":\"27\",\"12\":\"28\",\"12\":\"29\",\"13\":\"30\",\"13\":\"31\"}', NULL, '2018-05-30 14:46:17', NULL, '2018-06-04 15:09:14', NULL, NULL),
(246, 10, 38, 104, 'Nasirnagar', 0.00, 0.00, '55130', 'Rahmania Traders', '[\"1\",\"2\",\"3\",\"4\",\"5\",\"6\",\"7\",\"8\",\"9\",\"10\",\"11\",\"12\",\"13\"]', '{\"1\":\"1\",\"1\":\"2\",\"2\":\"3\",\"2\":\"4\",\"3\":\"5\",\"3\":\"6\",\"3\":\"7\",\"3\":\"8\",\"3\":\"9\",\"4\":\"10\",\"4\":\"11\",\"4\":\"12\",\"5\":\"13\",\"5\":\"14\",\"5\":\"15\",\"6\":\"16\",\"6\":\"17\",\"6\":\"18\",\"6\":\"19\",\"7\":\"20\",\"8\":\"21\",\"9\":\"22\",\"10\":\"23\",\"10\":\"24\",\"10\":\"25\",\"11\":\"26\",\"11\":\"27\",\"12\":\"28\",\"12\":\"29\",\"13\":\"30\",\"13\":\"31\"}', NULL, '2018-05-30 14:46:17', NULL, '2018-06-04 15:09:14', NULL, NULL),
(247, 10, 38, 104, 'Ashugonj', 0.00, 0.00, '55135', 'Sheba Stationary', '[\"1\",\"2\",\"3\",\"4\",\"5\",\"6\",\"7\",\"8\",\"9\",\"10\",\"11\",\"12\",\"13\"]', '{\"1\":\"1\",\"1\":\"2\",\"2\":\"3\",\"2\":\"4\",\"3\":\"5\",\"3\":\"6\",\"3\":\"7\",\"3\":\"8\",\"3\":\"9\",\"4\":\"10\",\"4\":\"11\",\"4\":\"12\",\"5\":\"13\",\"5\":\"14\",\"5\":\"15\",\"6\":\"16\",\"6\":\"17\",\"6\":\"18\",\"6\":\"19\",\"7\":\"20\",\"8\":\"21\",\"9\":\"22\",\"10\":\"23\",\"10\":\"24\",\"10\":\"25\",\"11\":\"26\",\"11\":\"27\",\"12\":\"28\",\"12\":\"29\",\"13\":\"30\",\"13\":\"31\"}', NULL, '2018-05-30 14:46:17', NULL, '2018-06-04 15:09:14', NULL, NULL),
(248, 10, 38, 105, 'Companygonj', 0.00, 0.00, '55140', 'Rahman Traders', '[\"1\",\"2\",\"3\",\"4\",\"5\",\"6\",\"7\",\"8\",\"9\",\"10\",\"11\",\"12\",\"13\"]', '{\"1\":\"1\",\"1\":\"2\",\"2\":\"3\",\"2\":\"4\",\"3\":\"5\",\"3\":\"6\",\"3\":\"7\",\"3\":\"8\",\"3\":\"9\",\"4\":\"10\",\"4\":\"11\",\"4\":\"12\",\"5\":\"13\",\"5\":\"14\",\"5\":\"15\",\"6\":\"16\",\"6\":\"17\",\"6\":\"18\",\"6\":\"19\",\"7\":\"20\",\"8\":\"21\",\"9\":\"22\",\"10\":\"23\",\"10\":\"24\",\"10\":\"25\",\"11\":\"26\",\"11\":\"27\",\"12\":\"28\",\"12\":\"29\",\"13\":\"30\",\"13\":\"31\"}', NULL, '2018-05-30 14:46:17', NULL, '2018-06-04 15:09:14', NULL, NULL),
(249, 10, 38, 105, 'Nabinagar', 0.00, 0.00, '55145', 'Nasir Enterprise', '[\"1\",\"2\",\"3\",\"4\",\"5\",\"6\",\"7\",\"8\",\"9\",\"10\",\"11\",\"12\",\"13\"]', '{\"1\":\"1\",\"1\":\"2\",\"2\":\"3\",\"2\":\"4\",\"3\":\"5\",\"3\":\"6\",\"3\":\"7\",\"3\":\"8\",\"3\":\"9\",\"4\":\"10\",\"4\":\"11\",\"4\":\"12\",\"5\":\"13\",\"5\":\"14\",\"5\":\"15\",\"6\":\"16\",\"6\":\"17\",\"6\":\"18\",\"6\":\"19\",\"7\":\"20\",\"8\":\"21\",\"9\":\"22\",\"10\":\"23\",\"10\":\"24\",\"10\":\"25\",\"11\":\"26\",\"11\":\"27\",\"12\":\"28\",\"12\":\"29\",\"13\":\"30\",\"13\":\"31\"}', NULL, '2018-05-30 14:46:17', NULL, '2018-06-04 15:09:14', NULL, NULL),
(250, 10, 38, 105, 'Bancharampur', 0.00, 0.00, '55150', 'Al Rifat Enterprise', '[\"1\",\"2\",\"3\",\"4\",\"5\",\"6\",\"7\",\"8\",\"9\",\"10\",\"11\",\"12\",\"13\"]', '{\"1\":\"1\",\"1\":\"2\",\"2\":\"3\",\"2\":\"4\",\"3\":\"5\",\"3\":\"6\",\"3\":\"7\",\"3\":\"8\",\"3\":\"9\",\"4\":\"10\",\"4\":\"11\",\"4\":\"12\",\"5\":\"13\",\"5\":\"14\",\"5\":\"15\",\"6\":\"16\",\"6\":\"17\",\"6\":\"18\",\"6\":\"19\",\"7\":\"20\",\"8\":\"21\",\"9\":\"22\",\"10\":\"23\",\"10\":\"24\",\"10\":\"25\",\"11\":\"26\",\"11\":\"27\",\"12\":\"28\",\"12\":\"29\",\"13\":\"30\",\"13\":\"31\"}', NULL, '2018-05-30 14:46:17', NULL, '2018-06-04 15:09:14', NULL, NULL),
(251, 10, 38, 105, 'Dabidar', 0.00, 0.00, '55155', 'Tanvir Enterprise', '[\"1\",\"2\",\"3\",\"4\",\"5\",\"6\",\"7\",\"8\",\"9\",\"10\",\"11\",\"12\",\"13\"]', '{\"1\":\"1\",\"1\":\"2\",\"2\":\"3\",\"2\":\"4\",\"3\":\"5\",\"3\":\"6\",\"3\":\"7\",\"3\":\"8\",\"3\":\"9\",\"4\":\"10\",\"4\":\"11\",\"4\":\"12\",\"5\":\"13\",\"5\":\"14\",\"5\":\"15\",\"6\":\"16\",\"6\":\"17\",\"6\":\"18\",\"6\":\"19\",\"7\":\"20\",\"8\":\"21\",\"9\":\"22\",\"10\":\"23\",\"10\":\"24\",\"10\":\"25\",\"11\":\"26\",\"11\":\"27\",\"12\":\"28\",\"12\":\"29\",\"13\":\"30\",\"13\":\"31\"}', NULL, '2018-05-30 14:46:17', NULL, '2018-06-04 15:09:14', NULL, NULL),
(252, 10, 39, 106, 'Comilla Sador', 0.00, 0.00, '55160', 'Ovi Enterprise', '[\"1\",\"2\",\"3\",\"4\",\"5\",\"6\",\"7\",\"8\",\"9\",\"10\",\"11\",\"12\",\"13\"]', '{\"1\":\"1\",\"1\":\"2\",\"2\":\"3\",\"2\":\"4\",\"3\":\"5\",\"3\":\"6\",\"3\":\"7\",\"3\":\"8\",\"3\":\"9\",\"4\":\"10\",\"4\":\"11\",\"4\":\"12\",\"5\":\"13\",\"5\":\"14\",\"5\":\"15\",\"6\":\"16\",\"6\":\"17\",\"6\":\"18\",\"6\":\"19\",\"7\":\"20\",\"8\":\"21\",\"9\":\"22\",\"10\":\"23\",\"10\":\"24\",\"10\":\"25\",\"11\":\"26\",\"11\":\"27\",\"12\":\"28\",\"12\":\"29\",\"13\":\"30\",\"13\":\"31\"}', NULL, '2018-05-30 14:46:17', NULL, '2018-06-04 15:09:15', NULL, NULL),
(253, 10, 39, 106, 'Burichang', 0.00, 0.00, '55170', 'Maa Enterprise', '[\"1\",\"2\",\"3\",\"4\",\"5\",\"6\",\"7\",\"8\",\"9\",\"10\",\"11\",\"12\",\"13\"]', '{\"1\":\"1\",\"1\":\"2\",\"2\":\"3\",\"2\":\"4\",\"3\":\"5\",\"3\":\"6\",\"3\":\"7\",\"3\":\"8\",\"3\":\"9\",\"4\":\"10\",\"4\":\"11\",\"4\":\"12\",\"5\":\"13\",\"5\":\"14\",\"5\":\"15\",\"6\":\"16\",\"6\":\"17\",\"6\":\"18\",\"6\":\"19\",\"7\":\"20\",\"8\":\"21\",\"9\":\"22\",\"10\":\"23\",\"10\":\"24\",\"10\":\"25\",\"11\":\"26\",\"11\":\"27\",\"12\":\"28\",\"12\":\"29\",\"13\":\"30\",\"13\":\"31\"}', NULL, '2018-05-30 14:46:17', NULL, '2018-06-04 15:09:15', NULL, NULL),
(254, 10, 39, 107, 'Gouripur', 0.00, 0.00, '55180', 'Rakib Store', '[\"1\",\"2\",\"3\",\"4\",\"5\",\"6\",\"7\",\"8\",\"9\",\"10\",\"11\",\"12\",\"13\"]', '{\"1\":\"1\",\"1\":\"2\",\"2\":\"3\",\"2\":\"4\",\"3\":\"5\",\"3\":\"6\",\"3\":\"7\",\"3\":\"8\",\"3\":\"9\",\"4\":\"10\",\"4\":\"11\",\"4\":\"12\",\"5\":\"13\",\"5\":\"14\",\"5\":\"15\",\"6\":\"16\",\"6\":\"17\",\"6\":\"18\",\"6\":\"19\",\"7\":\"20\",\"8\":\"21\",\"9\":\"22\",\"10\":\"23\",\"10\":\"24\",\"10\":\"25\",\"11\":\"26\",\"11\":\"27\",\"12\":\"28\",\"12\":\"29\",\"13\":\"30\",\"13\":\"31\"}', NULL, '2018-05-30 14:46:17', NULL, '2018-06-04 15:09:15', NULL, NULL),
(255, 10, 39, 107, 'Chandina', 0.00, 0.00, '55175', 'Janani Enterprise', '[\"1\",\"2\",\"3\",\"4\",\"5\",\"6\",\"7\",\"8\",\"9\",\"10\",\"11\",\"12\",\"13\"]', '{\"1\":\"1\",\"1\":\"2\",\"2\":\"3\",\"2\":\"4\",\"3\":\"5\",\"3\":\"6\",\"3\":\"7\",\"3\":\"8\",\"3\":\"9\",\"4\":\"10\",\"4\":\"11\",\"4\":\"12\",\"5\":\"13\",\"5\":\"14\",\"5\":\"15\",\"6\":\"16\",\"6\":\"17\",\"6\":\"18\",\"6\":\"19\",\"7\":\"20\",\"8\":\"21\",\"9\":\"22\",\"10\":\"23\",\"10\":\"24\",\"10\":\"25\",\"11\":\"26\",\"11\":\"27\",\"12\":\"28\",\"12\":\"29\",\"13\":\"30\",\"13\":\"31\"}', NULL, '2018-05-30 14:46:17', NULL, '2018-06-04 15:09:15', NULL, NULL),
(256, 10, 39, 107, 'Homna', 0.00, 0.00, '55185', 'Humayun Traders', '[\"1\",\"2\",\"3\",\"4\",\"5\",\"6\",\"7\",\"8\",\"9\",\"10\",\"11\",\"12\",\"13\"]', '{\"1\":\"1\",\"1\":\"2\",\"2\":\"3\",\"2\":\"4\",\"3\":\"5\",\"3\":\"6\",\"3\":\"7\",\"3\":\"8\",\"3\":\"9\",\"4\":\"10\",\"4\":\"11\",\"4\":\"12\",\"5\":\"13\",\"5\":\"14\",\"5\":\"15\",\"6\":\"16\",\"6\":\"17\",\"6\":\"18\",\"6\":\"19\",\"7\":\"20\",\"8\":\"21\",\"9\":\"22\",\"10\":\"23\",\"10\":\"24\",\"10\":\"25\",\"11\":\"26\",\"11\":\"27\",\"12\":\"28\",\"12\":\"29\",\"13\":\"30\",\"13\":\"31\"}', NULL, '2018-05-30 14:46:17', NULL, '2018-06-04 15:09:15', NULL, NULL),
(257, 10, 40, 108, 'Poduar bazar', 0.00, 0.00, '55165', 'Brothers Trade Link', '[\"1\",\"2\",\"3\",\"4\",\"5\",\"6\",\"7\",\"8\",\"9\",\"10\",\"11\",\"12\",\"13\"]', '{\"1\":\"1\",\"1\":\"2\",\"2\":\"3\",\"2\":\"4\",\"3\":\"5\",\"3\":\"6\",\"3\":\"7\",\"3\":\"8\",\"3\":\"9\",\"4\":\"10\",\"4\":\"11\",\"4\":\"12\",\"5\":\"13\",\"5\":\"14\",\"5\":\"15\",\"6\":\"16\",\"6\":\"17\",\"6\":\"18\",\"6\":\"19\",\"7\":\"20\",\"8\":\"21\",\"9\":\"22\",\"10\":\"23\",\"10\":\"24\",\"10\":\"25\",\"11\":\"26\",\"11\":\"27\",\"12\":\"28\",\"12\":\"29\",\"13\":\"30\",\"13\":\"31\"}', NULL, '2018-05-30 14:46:17', NULL, '2018-06-04 15:09:15', NULL, NULL),
(258, 10, 40, 108, 'Barura', 0.00, 0.00, '55205', 'Ahsan Traders', '[\"1\",\"2\",\"3\",\"4\",\"5\",\"6\",\"7\",\"8\",\"9\",\"10\",\"11\",\"12\",\"13\"]', '{\"1\":\"1\",\"1\":\"2\",\"2\":\"3\",\"2\":\"4\",\"3\":\"5\",\"3\":\"6\",\"3\":\"7\",\"3\":\"8\",\"3\":\"9\",\"4\":\"10\",\"4\":\"11\",\"4\":\"12\",\"5\":\"13\",\"5\":\"14\",\"5\":\"15\",\"6\":\"16\",\"6\":\"17\",\"6\":\"18\",\"6\":\"19\",\"7\":\"20\",\"8\":\"21\",\"9\":\"22\",\"10\":\"23\",\"10\":\"24\",\"10\":\"25\",\"11\":\"26\",\"11\":\"27\",\"12\":\"28\",\"12\":\"29\",\"13\":\"30\",\"13\":\"31\"}', NULL, '2018-05-30 14:46:17', NULL, '2018-06-04 15:09:15', NULL, NULL),
(259, 10, 40, 109, 'Laksham', 0.00, 0.00, '55190', 'Satota Traders', '[\"1\",\"2\",\"3\",\"4\",\"5\",\"6\",\"7\",\"8\",\"9\",\"10\",\"11\",\"12\",\"13\"]', '{\"1\":\"1\",\"1\":\"2\",\"2\":\"3\",\"2\":\"4\",\"3\":\"5\",\"3\":\"6\",\"3\":\"7\",\"3\":\"8\",\"3\":\"9\",\"4\":\"10\",\"4\":\"11\",\"4\":\"12\",\"5\":\"13\",\"5\":\"14\",\"5\":\"15\",\"6\":\"16\",\"6\":\"17\",\"6\":\"18\",\"6\":\"19\",\"7\":\"20\",\"8\":\"21\",\"9\":\"22\",\"10\":\"23\",\"10\":\"24\",\"10\":\"25\",\"11\":\"26\",\"11\":\"27\",\"12\":\"28\",\"12\":\"29\",\"13\":\"30\",\"13\":\"31\"}', NULL, '2018-05-30 14:46:17', NULL, '2018-06-04 15:09:15', NULL, NULL),
(260, 10, 40, 109, 'Monohorgonj', 0.00, 0.00, '55195', 'Sraboni Enterprise', '[\"1\",\"2\",\"3\",\"4\",\"5\",\"6\",\"7\",\"8\",\"9\",\"10\",\"11\",\"12\",\"13\"]', '{\"1\":\"1\",\"1\":\"2\",\"2\":\"3\",\"2\":\"4\",\"3\":\"5\",\"3\":\"6\",\"3\":\"7\",\"3\":\"8\",\"3\":\"9\",\"4\":\"10\",\"4\":\"11\",\"4\":\"12\",\"5\":\"13\",\"5\":\"14\",\"5\":\"15\",\"6\":\"16\",\"6\":\"17\",\"6\":\"18\",\"6\":\"19\",\"7\":\"20\",\"8\":\"21\",\"9\":\"22\",\"10\":\"23\",\"10\":\"24\",\"10\":\"25\",\"11\":\"26\",\"11\":\"27\",\"12\":\"28\",\"12\":\"29\",\"13\":\"30\",\"13\":\"31\"}', NULL, '2018-05-30 14:46:17', NULL, '2018-06-04 15:09:15', NULL, NULL),
(261, 10, 40, 109, 'Naglocourt', 0.00, 0.00, '55200', 'Shahjalal Rice Mill', '[\"1\",\"2\",\"3\",\"4\",\"5\",\"6\",\"7\",\"8\",\"9\",\"10\",\"11\",\"12\",\"13\"]', '{\"1\":\"1\",\"1\":\"2\",\"2\":\"3\",\"2\":\"4\",\"3\":\"5\",\"3\":\"6\",\"3\":\"7\",\"3\":\"8\",\"3\":\"9\",\"4\":\"10\",\"4\":\"11\",\"4\":\"12\",\"5\":\"13\",\"5\":\"14\",\"5\":\"15\",\"6\":\"16\",\"6\":\"17\",\"6\":\"18\",\"6\":\"19\",\"7\":\"20\",\"8\":\"21\",\"9\":\"22\",\"10\":\"23\",\"10\":\"24\",\"10\":\"25\",\"11\":\"26\",\"11\":\"27\",\"12\":\"28\",\"12\":\"29\",\"13\":\"30\",\"13\":\"31\"}', NULL, '2018-05-30 14:46:17', NULL, '2018-06-04 15:09:15', NULL, NULL),
(262, 10, 41, 110, 'Chandpur', 0.00, 0.00, '55210', 'Jalak Confectionary', '[\"1\",\"2\",\"3\",\"4\",\"5\",\"6\",\"7\",\"8\",\"9\",\"10\",\"11\",\"12\",\"13\"]', '{\"1\":\"1\",\"1\":\"2\",\"2\":\"3\",\"2\":\"4\",\"3\":\"5\",\"3\":\"6\",\"3\":\"7\",\"3\":\"8\",\"3\":\"9\",\"4\":\"10\",\"4\":\"11\",\"4\":\"12\",\"5\":\"13\",\"5\":\"14\",\"5\":\"15\",\"6\":\"16\",\"6\":\"17\",\"6\":\"18\",\"6\":\"19\",\"7\":\"20\",\"8\":\"21\",\"9\":\"22\",\"10\":\"23\",\"10\":\"24\",\"10\":\"25\",\"11\":\"26\",\"11\":\"27\",\"12\":\"28\",\"12\":\"29\",\"13\":\"30\",\"13\":\"31\"}', NULL, '2018-05-30 14:46:17', NULL, '2018-06-04 15:09:15', NULL, NULL),
(263, 10, 41, 110, 'Motlob', 0.00, 0.00, '55215', 'Bismilla Store', '[\"1\",\"2\",\"3\",\"4\",\"5\",\"6\",\"7\",\"8\",\"9\",\"10\",\"11\",\"12\",\"13\"]', '{\"1\":\"1\",\"1\":\"2\",\"2\":\"3\",\"2\":\"4\",\"3\":\"5\",\"3\":\"6\",\"3\":\"7\",\"3\":\"8\",\"3\":\"9\",\"4\":\"10\",\"4\":\"11\",\"4\":\"12\",\"5\":\"13\",\"5\":\"14\",\"5\":\"15\",\"6\":\"16\",\"6\":\"17\",\"6\":\"18\",\"6\":\"19\",\"7\":\"20\",\"8\":\"21\",\"9\":\"22\",\"10\":\"23\",\"10\":\"24\",\"10\":\"25\",\"11\":\"26\",\"11\":\"27\",\"12\":\"28\",\"12\":\"29\",\"13\":\"30\",\"13\":\"31\"}', NULL, '2018-05-30 14:46:17', NULL, '2018-06-04 15:09:15', NULL, NULL),
(264, 10, 41, 110, 'Chhangarchar', 0.00, 0.00, '55220', 'Bismilla Enterprise', '[\"1\",\"2\",\"3\",\"4\",\"5\",\"6\",\"7\",\"8\",\"9\",\"10\",\"11\",\"12\",\"13\"]', '{\"1\":\"1\",\"1\":\"2\",\"2\":\"3\",\"2\":\"4\",\"3\":\"5\",\"3\":\"6\",\"3\":\"7\",\"3\":\"8\",\"3\":\"9\",\"4\":\"10\",\"4\":\"11\",\"4\":\"12\",\"5\":\"13\",\"5\":\"14\",\"5\":\"15\",\"6\":\"16\",\"6\":\"17\",\"6\":\"18\",\"6\":\"19\",\"7\":\"20\",\"8\":\"21\",\"9\":\"22\",\"10\":\"23\",\"10\":\"24\",\"10\":\"25\",\"11\":\"26\",\"11\":\"27\",\"12\":\"28\",\"12\":\"29\",\"13\":\"30\",\"13\":\"31\"}', NULL, '2018-05-30 14:46:17', NULL, '2018-06-04 15:09:15', NULL, NULL),
(265, 10, 41, 111, 'Hajigonj', 0.00, 0.00, '55225', 'Titon shaha', '[\"1\",\"2\",\"3\",\"4\",\"5\",\"6\",\"7\",\"8\",\"9\",\"10\",\"11\",\"12\",\"13\"]', '{\"1\":\"1\",\"1\":\"2\",\"2\":\"3\",\"2\":\"4\",\"3\":\"5\",\"3\":\"6\",\"3\":\"7\",\"3\":\"8\",\"3\":\"9\",\"4\":\"10\",\"4\":\"11\",\"4\":\"12\",\"5\":\"13\",\"5\":\"14\",\"5\":\"15\",\"6\":\"16\",\"6\":\"17\",\"6\":\"18\",\"6\":\"19\",\"7\":\"20\",\"8\":\"21\",\"9\":\"22\",\"10\":\"23\",\"10\":\"24\",\"10\":\"25\",\"11\":\"26\",\"11\":\"27\",\"12\":\"28\",\"12\":\"29\",\"13\":\"30\",\"13\":\"31\"}', NULL, '2018-05-30 14:46:17', NULL, '2018-06-04 15:09:15', NULL, NULL),
(266, 10, 41, 111, 'Kachua', 0.00, 0.00, '55230', 'Bhai Bhai Traders.', '[\"1\",\"2\",\"3\",\"4\",\"5\",\"6\",\"7\",\"8\",\"9\",\"10\",\"11\",\"12\",\"13\"]', '{\"1\":\"1\",\"1\":\"2\",\"2\":\"3\",\"2\":\"4\",\"3\":\"5\",\"3\":\"6\",\"3\":\"7\",\"3\":\"8\",\"3\":\"9\",\"4\":\"10\",\"4\":\"11\",\"4\":\"12\",\"5\":\"13\",\"5\":\"14\",\"5\":\"15\",\"6\":\"16\",\"6\":\"17\",\"6\":\"18\",\"6\":\"19\",\"7\":\"20\",\"8\":\"21\",\"9\":\"22\",\"10\":\"23\",\"10\":\"24\",\"10\":\"25\",\"11\":\"26\",\"11\":\"27\",\"12\":\"28\",\"12\":\"29\",\"13\":\"30\",\"13\":\"31\"}', NULL, '2018-05-30 14:46:17', NULL, '2018-06-04 15:09:15', NULL, NULL),
(267, 10, 41, 111, 'Shahrasti', 0.00, 0.00, '55235', 'Abdur Rahman Traders', '[\"1\",\"2\",\"3\",\"4\",\"5\",\"6\",\"7\",\"8\",\"9\",\"10\",\"11\",\"12\",\"13\"]', '{\"1\":\"1\",\"1\":\"2\",\"2\":\"3\",\"2\":\"4\",\"3\":\"5\",\"3\":\"6\",\"3\":\"7\",\"3\":\"8\",\"3\":\"9\",\"4\":\"10\",\"4\":\"11\",\"4\":\"12\",\"5\":\"13\",\"5\":\"14\",\"5\":\"15\",\"6\":\"16\",\"6\":\"17\",\"6\":\"18\",\"6\":\"19\",\"7\":\"20\",\"8\":\"21\",\"9\":\"22\",\"10\":\"23\",\"10\":\"24\",\"10\":\"25\",\"11\":\"26\",\"11\":\"27\",\"12\":\"28\",\"12\":\"29\",\"13\":\"30\",\"13\":\"31\"}', NULL, '2018-05-30 14:46:17', NULL, '2018-06-04 15:09:15', NULL, NULL),
(268, 11, 42, 112, 'Chowmuhani', 0.00, 0.00, '60155', 'Unique Conf.', '[\"1\",\"2\",\"3\",\"4\",\"5\",\"6\",\"7\",\"8\",\"9\",\"10\",\"11\",\"12\",\"13\"]', '{\"1\":\"1\",\"1\":\"2\",\"2\":\"3\",\"2\":\"4\",\"3\":\"5\",\"3\":\"6\",\"3\":\"7\",\"3\":\"8\",\"3\":\"9\",\"4\":\"10\",\"4\":\"11\",\"4\":\"12\",\"5\":\"13\",\"5\":\"14\",\"5\":\"15\",\"6\":\"16\",\"6\":\"17\",\"6\":\"18\",\"6\":\"19\",\"7\":\"20\",\"8\":\"21\",\"9\":\"22\",\"10\":\"23\",\"10\":\"24\",\"10\":\"25\",\"11\":\"26\",\"11\":\"27\",\"12\":\"28\",\"12\":\"29\",\"13\":\"30\",\"13\":\"31\"}', NULL, '2018-05-30 14:46:17', NULL, '2018-06-04 15:09:15', NULL, NULL),
(269, 11, 42, 112, 'Senbagh', 0.00, 0.00, '60160', 'Yasin Traders', '[\"1\",\"2\",\"3\",\"4\",\"5\",\"6\",\"7\",\"8\",\"9\",\"10\",\"11\",\"12\",\"13\"]', '{\"1\":\"1\",\"1\":\"2\",\"2\":\"3\",\"2\":\"4\",\"3\":\"5\",\"3\":\"6\",\"3\":\"7\",\"3\":\"8\",\"3\":\"9\",\"4\":\"10\",\"4\":\"11\",\"4\":\"12\",\"5\":\"13\",\"5\":\"14\",\"5\":\"15\",\"6\":\"16\",\"6\":\"17\",\"6\":\"18\",\"6\":\"19\",\"7\":\"20\",\"8\":\"21\",\"9\":\"22\",\"10\":\"23\",\"10\":\"24\",\"10\":\"25\",\"11\":\"26\",\"11\":\"27\",\"12\":\"28\",\"12\":\"29\",\"13\":\"30\",\"13\":\"31\"}', NULL, '2018-05-30 14:46:17', NULL, '2018-06-04 15:09:15', NULL, NULL),
(270, 11, 42, 113, 'Sonaimuri', 0.00, 0.00, '60165', 'Romana Trdaers', '[\"1\",\"2\",\"3\",\"4\",\"5\",\"6\",\"7\",\"8\",\"9\",\"10\",\"11\",\"12\",\"13\"]', '{\"1\":\"1\",\"1\":\"2\",\"2\":\"3\",\"2\":\"4\",\"3\":\"5\",\"3\":\"6\",\"3\":\"7\",\"3\":\"8\",\"3\":\"9\",\"4\":\"10\",\"4\":\"11\",\"4\":\"12\",\"5\":\"13\",\"5\":\"14\",\"5\":\"15\",\"6\":\"16\",\"6\":\"17\",\"6\":\"18\",\"6\":\"19\",\"7\":\"20\",\"8\":\"21\",\"9\":\"22\",\"10\":\"23\",\"10\":\"24\",\"10\":\"25\",\"11\":\"26\",\"11\":\"27\",\"12\":\"28\",\"12\":\"29\",\"13\":\"30\",\"13\":\"31\"}', NULL, '2018-05-30 14:46:17', NULL, '2018-06-04 15:09:15', NULL, NULL),
(271, 11, 42, 113, 'Chatkhil', 0.00, 0.00, '60170', 'Sahed Traders', '[\"1\",\"2\",\"3\",\"4\",\"5\",\"6\",\"7\",\"8\",\"9\",\"10\",\"11\",\"12\",\"13\"]', '{\"1\":\"1\",\"1\":\"2\",\"2\":\"3\",\"2\":\"4\",\"3\":\"5\",\"3\":\"6\",\"3\":\"7\",\"3\":\"8\",\"3\":\"9\",\"4\":\"10\",\"4\":\"11\",\"4\":\"12\",\"5\":\"13\",\"5\":\"14\",\"5\":\"15\",\"6\":\"16\",\"6\":\"17\",\"6\":\"18\",\"6\":\"19\",\"7\":\"20\",\"8\":\"21\",\"9\":\"22\",\"10\":\"23\",\"10\":\"24\",\"10\":\"25\",\"11\":\"26\",\"11\":\"27\",\"12\":\"28\",\"12\":\"29\",\"13\":\"30\",\"13\":\"31\"}', NULL, '2018-05-30 14:46:17', NULL, '2018-06-04 15:09:15', NULL, NULL),
(272, 11, 42, 113, 'Ramgonj', 0.00, 0.00, '60175', 'Orchede & Bro.', '[\"1\",\"2\",\"3\",\"4\",\"5\",\"6\",\"7\",\"8\",\"9\",\"10\",\"11\",\"12\",\"13\"]', '{\"1\":\"1\",\"1\":\"2\",\"2\":\"3\",\"2\":\"4\",\"3\":\"5\",\"3\":\"6\",\"3\":\"7\",\"3\":\"8\",\"3\":\"9\",\"4\":\"10\",\"4\":\"11\",\"4\":\"12\",\"5\":\"13\",\"5\":\"14\",\"5\":\"15\",\"6\":\"16\",\"6\":\"17\",\"6\":\"18\",\"6\":\"19\",\"7\":\"20\",\"8\":\"21\",\"9\":\"22\",\"10\":\"23\",\"10\":\"24\",\"10\":\"25\",\"11\":\"26\",\"11\":\"27\",\"12\":\"28\",\"12\":\"29\",\"13\":\"30\",\"13\":\"31\"}', NULL, '2018-05-30 14:46:17', NULL, '2018-06-04 15:09:15', NULL, NULL),
(273, 11, 42, 114, 'Luxmipur', 0.00, 0.00, '60220', 'M.K.H Trad.', '[\"1\",\"2\",\"3\",\"4\",\"5\",\"6\",\"7\",\"8\",\"9\",\"10\",\"11\",\"12\",\"13\"]', '{\"1\":\"1\",\"1\":\"2\",\"2\":\"3\",\"2\":\"4\",\"3\":\"5\",\"3\":\"6\",\"3\":\"7\",\"3\":\"8\",\"3\":\"9\",\"4\":\"10\",\"4\":\"11\",\"4\":\"12\",\"5\":\"13\",\"5\":\"14\",\"5\":\"15\",\"6\":\"16\",\"6\":\"17\",\"6\":\"18\",\"6\":\"19\",\"7\":\"20\",\"8\":\"21\",\"9\":\"22\",\"10\":\"23\",\"10\":\"24\",\"10\":\"25\",\"11\":\"26\",\"11\":\"27\",\"12\":\"28\",\"12\":\"29\",\"13\":\"30\",\"13\":\"31\"}', NULL, '2018-05-30 14:46:17', NULL, '2018-06-04 15:09:15', NULL, NULL),
(274, 11, 42, 114, 'Chandragonj', 0.00, 0.00, '60225', 'Purobi Enter.', '[\"1\",\"2\",\"3\",\"4\",\"5\",\"6\",\"7\",\"8\",\"9\",\"10\",\"11\",\"12\",\"13\"]', '{\"1\":\"1\",\"1\":\"2\",\"2\":\"3\",\"2\":\"4\",\"3\":\"5\",\"3\":\"6\",\"3\":\"7\",\"3\":\"8\",\"3\":\"9\",\"4\":\"10\",\"4\":\"11\",\"4\":\"12\",\"5\":\"13\",\"5\":\"14\",\"5\":\"15\",\"6\":\"16\",\"6\":\"17\",\"6\":\"18\",\"6\":\"19\",\"7\":\"20\",\"8\":\"21\",\"9\":\"22\",\"10\":\"23\",\"10\":\"24\",\"10\":\"25\",\"11\":\"26\",\"11\":\"27\",\"12\":\"28\",\"12\":\"29\",\"13\":\"30\",\"13\":\"31\"}', NULL, '2018-05-30 14:46:17', NULL, '2018-06-04 15:09:15', NULL, NULL),
(275, 11, 42, 114, 'Raipur', 0.00, 0.00, '60230', 'Fathama Enterprise', '[\"1\",\"2\",\"3\",\"4\",\"5\",\"6\",\"7\",\"8\",\"9\",\"10\",\"11\",\"12\",\"13\"]', '{\"1\":\"1\",\"1\":\"2\",\"2\":\"3\",\"2\":\"4\",\"3\":\"5\",\"3\":\"6\",\"3\":\"7\",\"3\":\"8\",\"3\":\"9\",\"4\":\"10\",\"4\":\"11\",\"4\":\"12\",\"5\":\"13\",\"5\":\"14\",\"5\":\"15\",\"6\":\"16\",\"6\":\"17\",\"6\":\"18\",\"6\":\"19\",\"7\":\"20\",\"8\":\"21\",\"9\":\"22\",\"10\":\"23\",\"10\":\"24\",\"10\":\"25\",\"11\":\"26\",\"11\":\"27\",\"12\":\"28\",\"12\":\"29\",\"13\":\"30\",\"13\":\"31\"}', NULL, '2018-05-30 14:46:17', NULL, '2018-06-04 15:09:15', NULL, NULL),
(276, 11, 43, 115, 'Maijdee', 0.00, 0.00, '60180', 'A.B center', '[\"1\",\"2\",\"3\",\"4\",\"5\",\"6\",\"7\",\"8\",\"9\",\"10\",\"11\",\"12\",\"13\"]', '{\"1\":\"1\",\"1\":\"2\",\"2\":\"3\",\"2\":\"4\",\"3\":\"5\",\"3\":\"6\",\"3\":\"7\",\"3\":\"8\",\"3\":\"9\",\"4\":\"10\",\"4\":\"11\",\"4\":\"12\",\"5\":\"13\",\"5\":\"14\",\"5\":\"15\",\"6\":\"16\",\"6\":\"17\",\"6\":\"18\",\"6\":\"19\",\"7\":\"20\",\"8\":\"21\",\"9\":\"22\",\"10\":\"23\",\"10\":\"24\",\"10\":\"25\",\"11\":\"26\",\"11\":\"27\",\"12\":\"28\",\"12\":\"29\",\"13\":\"30\",\"13\":\"31\"}', NULL, '2018-05-30 14:46:17', NULL, '2018-06-04 15:09:15', NULL, NULL),
(277, 11, 43, 115, 'Datterhat', 0.00, 0.00, '60185', 'Rabbi & Bro.', '[\"1\",\"2\",\"3\",\"4\",\"5\",\"6\",\"7\",\"8\",\"9\",\"10\",\"11\",\"12\",\"13\"]', '{\"1\":\"1\",\"1\":\"2\",\"2\":\"3\",\"2\":\"4\",\"3\":\"5\",\"3\":\"6\",\"3\":\"7\",\"3\":\"8\",\"3\":\"9\",\"4\":\"10\",\"4\":\"11\",\"4\":\"12\",\"5\":\"13\",\"5\":\"14\",\"5\":\"15\",\"6\":\"16\",\"6\":\"17\",\"6\":\"18\",\"6\":\"19\",\"7\":\"20\",\"8\":\"21\",\"9\":\"22\",\"10\":\"23\",\"10\":\"24\",\"10\":\"25\",\"11\":\"26\",\"11\":\"27\",\"12\":\"28\",\"12\":\"29\",\"13\":\"30\",\"13\":\"31\"}', NULL, '2018-05-30 14:46:17', NULL, '2018-06-04 15:09:16', NULL, NULL),
(278, 11, 43, 115, 'Karmullah', 0.00, 0.00, '60190', 'Anawara Traders', '[\"1\",\"2\",\"3\",\"4\",\"5\",\"6\",\"7\",\"8\",\"9\",\"10\",\"11\",\"12\",\"13\"]', '{\"1\":\"1\",\"1\":\"2\",\"2\":\"3\",\"2\":\"4\",\"3\":\"5\",\"3\":\"6\",\"3\":\"7\",\"3\":\"8\",\"3\":\"9\",\"4\":\"10\",\"4\":\"11\",\"4\":\"12\",\"5\":\"13\",\"5\":\"14\",\"5\":\"15\",\"6\":\"16\",\"6\":\"17\",\"6\":\"18\",\"6\":\"19\",\"7\":\"20\",\"8\":\"21\",\"9\":\"22\",\"10\":\"23\",\"10\":\"24\",\"10\":\"25\",\"11\":\"26\",\"11\":\"27\",\"12\":\"28\",\"12\":\"29\",\"13\":\"30\",\"13\":\"31\"}', NULL, '2018-05-30 14:46:17', NULL, '2018-06-04 15:09:16', NULL, NULL),
(279, 11, 43, 116, 'Subarnachar', 0.00, 0.00, '60195', 'Samol Watch & Elec.', '[\"1\",\"2\",\"3\",\"4\",\"5\",\"6\",\"7\",\"8\",\"9\",\"10\",\"11\",\"12\",\"13\"]', '{\"1\":\"1\",\"1\":\"2\",\"2\":\"3\",\"2\":\"4\",\"3\":\"5\",\"3\":\"6\",\"3\":\"7\",\"3\":\"8\",\"3\":\"9\",\"4\":\"10\",\"4\":\"11\",\"4\":\"12\",\"5\":\"13\",\"5\":\"14\",\"5\":\"15\",\"6\":\"16\",\"6\":\"17\",\"6\":\"18\",\"6\":\"19\",\"7\":\"20\",\"8\":\"21\",\"9\":\"22\",\"10\":\"23\",\"10\":\"24\",\"10\":\"25\",\"11\":\"26\",\"11\":\"27\",\"12\":\"28\",\"12\":\"29\",\"13\":\"30\",\"13\":\"31\"}', NULL, '2018-05-30 14:46:17', NULL, '2018-06-04 15:09:16', NULL, NULL),
(280, 11, 43, 116, 'Hatia-1 ', 0.00, 0.00, '60200', 'MA Traders', '[\"1\",\"2\",\"3\",\"4\",\"5\",\"6\",\"7\",\"8\",\"9\",\"10\",\"11\",\"12\",\"13\"]', '{\"1\":\"1\",\"1\":\"2\",\"2\":\"3\",\"2\":\"4\",\"3\":\"5\",\"3\":\"6\",\"3\":\"7\",\"3\":\"8\",\"3\":\"9\",\"4\":\"10\",\"4\":\"11\",\"4\":\"12\",\"5\":\"13\",\"5\":\"14\",\"5\":\"15\",\"6\":\"16\",\"6\":\"17\",\"6\":\"18\",\"6\":\"19\",\"7\":\"20\",\"8\":\"21\",\"9\":\"22\",\"10\":\"23\",\"10\":\"24\",\"10\":\"25\",\"11\":\"26\",\"11\":\"27\",\"12\":\"28\",\"12\":\"29\",\"13\":\"30\",\"13\":\"31\"}', NULL, '2018-05-30 14:46:17', NULL, '2018-06-04 15:09:16', NULL, NULL),
(281, 11, 43, 116, 'Hatia-2', 0.00, 0.00, '60205', 'M.A Hossain', '[\"1\",\"2\",\"3\",\"4\",\"5\",\"6\",\"7\",\"8\",\"9\",\"10\",\"11\",\"12\",\"13\"]', '{\"1\":\"1\",\"1\":\"2\",\"2\":\"3\",\"2\":\"4\",\"3\":\"5\",\"3\":\"6\",\"3\":\"7\",\"3\":\"8\",\"3\":\"9\",\"4\":\"10\",\"4\":\"11\",\"4\":\"12\",\"5\":\"13\",\"5\":\"14\",\"5\":\"15\",\"6\":\"16\",\"6\":\"17\",\"6\":\"18\",\"6\":\"19\",\"7\":\"20\",\"8\":\"21\",\"9\":\"22\",\"10\":\"23\",\"10\":\"24\",\"10\":\"25\",\"11\":\"26\",\"11\":\"27\",\"12\":\"28\",\"12\":\"29\",\"13\":\"30\",\"13\":\"31\"}', NULL, '2018-05-30 14:46:17', NULL, '2018-06-04 15:09:16', NULL, NULL),
(282, 11, 43, 116, 'Alexander', 0.00, 0.00, '60210', ' Horipod Kundu & Sons', '[\"1\",\"2\",\"3\",\"4\",\"5\",\"6\",\"7\",\"8\",\"9\",\"10\",\"11\",\"12\",\"13\"]', '{\"1\":\"1\",\"1\":\"2\",\"2\":\"3\",\"2\":\"4\",\"3\":\"5\",\"3\":\"6\",\"3\":\"7\",\"3\":\"8\",\"3\":\"9\",\"4\":\"10\",\"4\":\"11\",\"4\":\"12\",\"5\":\"13\",\"5\":\"14\",\"5\":\"15\",\"6\":\"16\",\"6\":\"17\",\"6\":\"18\",\"6\":\"19\",\"7\":\"20\",\"8\":\"21\",\"9\":\"22\",\"10\":\"23\",\"10\":\"24\",\"10\":\"25\",\"11\":\"26\",\"11\":\"27\",\"12\":\"28\",\"12\":\"29\",\"13\":\"30\",\"13\":\"31\"}', NULL, '2018-05-30 14:46:17', NULL, '2018-06-04 15:09:16', NULL, NULL),
(283, 11, 43, 116, 'Ramgoti', 0.00, 0.00, '60215', 'Ramgoty Traders', '[\"1\",\"2\",\"3\",\"4\",\"5\",\"6\",\"7\",\"8\",\"9\",\"10\",\"11\",\"12\",\"13\"]', '{\"1\":\"1\",\"1\":\"2\",\"2\":\"3\",\"2\":\"4\",\"3\":\"5\",\"3\":\"6\",\"3\":\"7\",\"3\":\"8\",\"3\":\"9\",\"4\":\"10\",\"4\":\"11\",\"4\":\"12\",\"5\":\"13\",\"5\":\"14\",\"5\":\"15\",\"6\":\"16\",\"6\":\"17\",\"6\":\"18\",\"6\":\"19\",\"7\":\"20\",\"8\":\"21\",\"9\":\"22\",\"10\":\"23\",\"10\":\"24\",\"10\":\"25\",\"11\":\"26\",\"11\":\"27\",\"12\":\"28\",\"12\":\"29\",\"13\":\"30\",\"13\":\"31\"}', NULL, '2018-05-30 14:46:17', NULL, '2018-06-04 15:09:16', NULL, NULL),
(284, 11, 44, 117, 'Feni Sadar', 0.00, 0.00, '60110', 'Dubai Traders', '[\"1\",\"2\",\"3\",\"4\",\"5\",\"6\",\"7\",\"8\",\"9\",\"10\",\"11\",\"12\",\"13\"]', '{\"1\":\"1\",\"1\":\"2\",\"2\":\"3\",\"2\":\"4\",\"3\":\"5\",\"3\":\"6\",\"3\":\"7\",\"3\":\"8\",\"3\":\"9\",\"4\":\"10\",\"4\":\"11\",\"4\":\"12\",\"5\":\"13\",\"5\":\"14\",\"5\":\"15\",\"6\":\"16\",\"6\":\"17\",\"6\":\"18\",\"6\":\"19\",\"7\":\"20\",\"8\":\"21\",\"9\":\"22\",\"10\":\"23\",\"10\":\"24\",\"10\":\"25\",\"11\":\"26\",\"11\":\"27\",\"12\":\"28\",\"12\":\"29\",\"13\":\"30\",\"13\":\"31\"}', NULL, '2018-05-30 14:46:17', NULL, '2018-06-04 15:09:16', NULL, NULL),
(285, 11, 44, 117, 'Chagolnaiya', 0.00, 0.00, '60115', ' Dhaka Bekary & Sweets', '[\"1\",\"2\",\"3\",\"4\",\"5\",\"6\",\"7\",\"8\",\"9\",\"10\",\"11\",\"12\",\"13\"]', '{\"1\":\"1\",\"1\":\"2\",\"2\":\"3\",\"2\":\"4\",\"3\":\"5\",\"3\":\"6\",\"3\":\"7\",\"3\":\"8\",\"3\":\"9\",\"4\":\"10\",\"4\":\"11\",\"4\":\"12\",\"5\":\"13\",\"5\":\"14\",\"5\":\"15\",\"6\":\"16\",\"6\":\"17\",\"6\":\"18\",\"6\":\"19\",\"7\":\"20\",\"8\":\"21\",\"9\":\"22\",\"10\":\"23\",\"10\":\"24\",\"10\":\"25\",\"11\":\"26\",\"11\":\"27\",\"12\":\"28\",\"12\":\"29\",\"13\":\"30\",\"13\":\"31\"}', NULL, '2018-05-30 14:46:17', NULL, '2018-06-04 15:09:16', NULL, NULL),
(286, 11, 44, 117, 'Parsuram', 0.00, 0.00, '60120', 'Alam Traders', '[\"1\",\"2\",\"3\",\"4\",\"5\",\"6\",\"7\",\"8\",\"9\",\"10\",\"11\",\"12\",\"13\"]', '{\"1\":\"1\",\"1\":\"2\",\"2\":\"3\",\"2\":\"4\",\"3\":\"5\",\"3\":\"6\",\"3\":\"7\",\"3\":\"8\",\"3\":\"9\",\"4\":\"10\",\"4\":\"11\",\"4\":\"12\",\"5\":\"13\",\"5\":\"14\",\"5\":\"15\",\"6\":\"16\",\"6\":\"17\",\"6\":\"18\",\"6\":\"19\",\"7\":\"20\",\"8\":\"21\",\"9\":\"22\",\"10\":\"23\",\"10\":\"24\",\"10\":\"25\",\"11\":\"26\",\"11\":\"27\",\"12\":\"28\",\"12\":\"29\",\"13\":\"30\",\"13\":\"31\"}', NULL, '2018-05-30 14:46:17', NULL, '2018-06-04 15:09:16', NULL, NULL),
(287, 11, 44, 118, 'Chowddagram', 0.00, 0.00, '60130', 'Rabbi Dept. Store', '[\"1\",\"2\",\"3\",\"4\",\"5\",\"6\",\"7\",\"8\",\"9\",\"10\",\"11\",\"12\",\"13\"]', '{\"1\":\"1\",\"1\":\"2\",\"2\":\"3\",\"2\":\"4\",\"3\":\"5\",\"3\":\"6\",\"3\":\"7\",\"3\":\"8\",\"3\":\"9\",\"4\":\"10\",\"4\":\"11\",\"4\":\"12\",\"5\":\"13\",\"5\":\"14\",\"5\":\"15\",\"6\":\"16\",\"6\":\"17\",\"6\":\"18\",\"6\":\"19\",\"7\":\"20\",\"8\":\"21\",\"9\":\"22\",\"10\":\"23\",\"10\":\"24\",\"10\":\"25\",\"11\":\"26\",\"11\":\"27\",\"12\":\"28\",\"12\":\"29\",\"13\":\"30\",\"13\":\"31\"}', NULL, '2018-05-30 14:46:17', NULL, '2018-06-04 15:09:16', NULL, NULL),
(288, 11, 44, 118, 'Bariyerhat', 0.00, 0.00, '60135', 'M.M Trdaers', '[\"1\",\"2\",\"3\",\"4\",\"5\",\"6\",\"7\",\"8\",\"9\",\"10\",\"11\",\"12\",\"13\"]', '{\"1\":\"1\",\"1\":\"2\",\"2\":\"3\",\"2\":\"4\",\"3\":\"5\",\"3\":\"6\",\"3\":\"7\",\"3\":\"8\",\"3\":\"9\",\"4\":\"10\",\"4\":\"11\",\"4\":\"12\",\"5\":\"13\",\"5\":\"14\",\"5\":\"15\",\"6\":\"16\",\"6\":\"17\",\"6\":\"18\",\"6\":\"19\",\"7\":\"20\",\"8\":\"21\",\"9\":\"22\",\"10\":\"23\",\"10\":\"24\",\"10\":\"25\",\"11\":\"26\",\"11\":\"27\",\"12\":\"28\",\"12\":\"29\",\"13\":\"30\",\"13\":\"31\"}', NULL, '2018-05-30 14:46:17', NULL, '2018-06-04 15:09:16', NULL, NULL),
(289, 11, 44, 119, 'Dagonbuiyan', 0.00, 0.00, '60140', 'Amanat Enterprise', '[\"1\",\"2\",\"3\",\"4\",\"5\",\"6\",\"7\",\"8\",\"9\",\"10\",\"11\",\"12\",\"13\"]', '{\"1\":\"1\",\"1\":\"2\",\"2\":\"3\",\"2\":\"4\",\"3\":\"5\",\"3\":\"6\",\"3\":\"7\",\"3\":\"8\",\"3\":\"9\",\"4\":\"10\",\"4\":\"11\",\"4\":\"12\",\"5\":\"13\",\"5\":\"14\",\"5\":\"15\",\"6\":\"16\",\"6\":\"17\",\"6\":\"18\",\"6\":\"19\",\"7\":\"20\",\"8\":\"21\",\"9\":\"22\",\"10\":\"23\",\"10\":\"24\",\"10\":\"25\",\"11\":\"26\",\"11\":\"27\",\"12\":\"28\",\"12\":\"29\",\"13\":\"30\",\"13\":\"31\"}', NULL, '2018-05-30 14:46:17', NULL, '2018-06-04 15:09:16', NULL, NULL),
(290, 11, 44, 119, 'Basurhat', 0.00, 0.00, '60145', 'Chowdury Enterprise', '[\"1\",\"2\",\"3\",\"4\",\"5\",\"6\",\"7\",\"8\",\"9\",\"10\",\"11\",\"12\",\"13\"]', '{\"1\":\"1\",\"1\":\"2\",\"2\":\"3\",\"2\":\"4\",\"3\":\"5\",\"3\":\"6\",\"3\":\"7\",\"3\":\"8\",\"3\":\"9\",\"4\":\"10\",\"4\":\"11\",\"4\":\"12\",\"5\":\"13\",\"5\":\"14\",\"5\":\"15\",\"6\":\"16\",\"6\":\"17\",\"6\":\"18\",\"6\":\"19\",\"7\":\"20\",\"8\":\"21\",\"9\":\"22\",\"10\":\"23\",\"10\":\"24\",\"10\":\"25\",\"11\":\"26\",\"11\":\"27\",\"12\":\"28\",\"12\":\"29\",\"13\":\"30\",\"13\":\"31\"}', NULL, '2018-05-30 14:46:17', NULL, '2018-06-04 15:09:16', NULL, NULL),
(291, 11, 44, 119, 'Sonagazi', 0.00, 0.00, '60150', 'Hossain Store', '[\"1\",\"2\",\"3\",\"4\",\"5\",\"6\",\"7\",\"8\",\"9\",\"10\",\"11\",\"12\",\"13\"]', '{\"1\":\"1\",\"1\":\"2\",\"2\":\"3\",\"2\":\"4\",\"3\":\"5\",\"3\":\"6\",\"3\":\"7\",\"3\":\"8\",\"3\":\"9\",\"4\":\"10\",\"4\":\"11\",\"4\":\"12\",\"5\":\"13\",\"5\":\"14\",\"5\":\"15\",\"6\":\"16\",\"6\":\"17\",\"6\":\"18\",\"6\":\"19\",\"7\":\"20\",\"8\":\"21\",\"9\":\"22\",\"10\":\"23\",\"10\":\"24\",\"10\":\"25\",\"11\":\"26\",\"11\":\"27\",\"12\":\"28\",\"12\":\"29\",\"13\":\"30\",\"13\":\"31\"}', NULL, '2018-05-30 14:46:17', NULL, '2018-06-04 15:09:16', NULL, NULL),
(292, 11, 45, 120, 'Nazirhat', 0.00, 0.00, '60375', 'Chowdhury Enterprise', '[\"1\",\"2\",\"3\",\"4\",\"5\",\"6\",\"7\",\"8\",\"9\",\"10\",\"11\",\"12\",\"13\"]', '{\"1\":\"1\",\"1\":\"2\",\"2\":\"3\",\"2\":\"4\",\"3\":\"5\",\"3\":\"6\",\"3\":\"7\",\"3\":\"8\",\"3\":\"9\",\"4\":\"10\",\"4\":\"11\",\"4\":\"12\",\"5\":\"13\",\"5\":\"14\",\"5\":\"15\",\"6\":\"16\",\"6\":\"17\",\"6\":\"18\",\"6\":\"19\",\"7\":\"20\",\"8\":\"21\",\"9\":\"22\",\"10\":\"23\",\"10\":\"24\",\"10\":\"25\",\"11\":\"26\",\"11\":\"27\",\"12\":\"28\",\"12\":\"29\",\"13\":\"30\",\"13\":\"31\"}', NULL, '2018-05-30 14:46:17', NULL, '2018-06-04 15:09:16', NULL, NULL),
(293, 11, 45, 120, 'Manikchari', 0.00, 0.00, '60380', 'Riya Enterprise', '[\"1\",\"2\",\"3\",\"4\",\"5\",\"6\",\"7\",\"8\",\"9\",\"10\",\"11\",\"12\",\"13\"]', '{\"1\":\"1\",\"1\":\"2\",\"2\":\"3\",\"2\":\"4\",\"3\":\"5\",\"3\":\"6\",\"3\":\"7\",\"3\":\"8\",\"3\":\"9\",\"4\":\"10\",\"4\":\"11\",\"4\":\"12\",\"5\":\"13\",\"5\":\"14\",\"5\":\"15\",\"6\":\"16\",\"6\":\"17\",\"6\":\"18\",\"6\":\"19\",\"7\":\"20\",\"8\":\"21\",\"9\":\"22\",\"10\":\"23\",\"10\":\"24\",\"10\":\"25\",\"11\":\"26\",\"11\":\"27\",\"12\":\"28\",\"12\":\"29\",\"13\":\"30\",\"13\":\"31\"}', NULL, '2018-05-30 14:46:17', NULL, '2018-06-04 15:09:16', NULL, NULL),
(294, 11, 45, 120, 'Ramgor', 0.00, 0.00, '60395', 'Khan Traders', '[\"1\",\"2\",\"3\",\"4\",\"5\",\"6\",\"7\",\"8\",\"9\",\"10\",\"11\",\"12\",\"13\"]', '{\"1\":\"1\",\"1\":\"2\",\"2\":\"3\",\"2\":\"4\",\"3\":\"5\",\"3\":\"6\",\"3\":\"7\",\"3\":\"8\",\"3\":\"9\",\"4\":\"10\",\"4\":\"11\",\"4\":\"12\",\"5\":\"13\",\"5\":\"14\",\"5\":\"15\",\"6\":\"16\",\"6\":\"17\",\"6\":\"18\",\"6\":\"19\",\"7\":\"20\",\"8\":\"21\",\"9\":\"22\",\"10\":\"23\",\"10\":\"24\",\"10\":\"25\",\"11\":\"26\",\"11\":\"27\",\"12\":\"28\",\"12\":\"29\",\"13\":\"30\",\"13\":\"31\"}', NULL, '2018-05-30 14:46:17', NULL, '2018-06-04 15:09:16', NULL, NULL),
(295, 11, 45, 120, 'Matiranga', 0.00, 0.00, '60405', 'Hazi Momin store', '[\"1\",\"2\",\"3\",\"4\",\"5\",\"6\",\"7\",\"8\",\"9\",\"10\",\"11\",\"12\",\"13\"]', '{\"1\":\"1\",\"1\":\"2\",\"2\":\"3\",\"2\":\"4\",\"3\":\"5\",\"3\":\"6\",\"3\":\"7\",\"3\":\"8\",\"3\":\"9\",\"4\":\"10\",\"4\":\"11\",\"4\":\"12\",\"5\":\"13\",\"5\":\"14\",\"5\":\"15\",\"6\":\"16\",\"6\":\"17\",\"6\":\"18\",\"6\":\"19\",\"7\":\"20\",\"8\":\"21\",\"9\":\"22\",\"10\":\"23\",\"10\":\"24\",\"10\":\"25\",\"11\":\"26\",\"11\":\"27\",\"12\":\"28\",\"12\":\"29\",\"13\":\"30\",\"13\":\"31\"}', NULL, '2018-05-30 14:46:17', NULL, '2018-06-04 15:09:16', NULL, NULL),
(296, 11, 45, 121, 'Khagrachari', 0.00, 0.00, '60385', 'Ayesha Traders', '[\"1\",\"2\",\"3\",\"4\",\"5\",\"6\",\"7\",\"8\",\"9\",\"10\",\"11\",\"12\",\"13\"]', '{\"1\":\"1\",\"1\":\"2\",\"2\":\"3\",\"2\":\"4\",\"3\":\"5\",\"3\":\"6\",\"3\":\"7\",\"3\":\"8\",\"3\":\"9\",\"4\":\"10\",\"4\":\"11\",\"4\":\"12\",\"5\":\"13\",\"5\":\"14\",\"5\":\"15\",\"6\":\"16\",\"6\":\"17\",\"6\":\"18\",\"6\":\"19\",\"7\":\"20\",\"8\":\"21\",\"9\":\"22\",\"10\":\"23\",\"10\":\"24\",\"10\":\"25\",\"11\":\"26\",\"11\":\"27\",\"12\":\"28\",\"12\":\"29\",\"13\":\"30\",\"13\":\"31\"}', NULL, '2018-05-30 14:46:17', NULL, '2018-06-04 15:09:17', NULL, NULL),
(297, 11, 45, 121, 'Dighinala', 0.00, 0.00, '60390', 'Shaha Store', '[\"1\",\"2\",\"3\",\"4\",\"5\",\"6\",\"7\",\"8\",\"9\",\"10\",\"11\",\"12\",\"13\"]', '{\"1\":\"1\",\"1\":\"2\",\"2\":\"3\",\"2\":\"4\",\"3\":\"5\",\"3\":\"6\",\"3\":\"7\",\"3\":\"8\",\"3\":\"9\",\"4\":\"10\",\"4\":\"11\",\"4\":\"12\",\"5\":\"13\",\"5\":\"14\",\"5\":\"15\",\"6\":\"16\",\"6\":\"17\",\"6\":\"18\",\"6\":\"19\",\"7\":\"20\",\"8\":\"21\",\"9\":\"22\",\"10\":\"23\",\"10\":\"24\",\"10\":\"25\",\"11\":\"26\",\"11\":\"27\",\"12\":\"28\",\"12\":\"29\",\"13\":\"30\",\"13\":\"31\"}', NULL, '2018-05-30 14:46:17', NULL, '2018-06-04 15:09:17', NULL, NULL),
(298, 11, 45, 121, 'Bagaichari', 0.00, 0.00, '60400', 'Jashim Enterprise', '[\"1\",\"2\",\"3\",\"4\",\"5\",\"6\",\"7\",\"8\",\"9\",\"10\",\"11\",\"12\",\"13\"]', '{\"1\":\"1\",\"1\":\"2\",\"2\":\"3\",\"2\":\"4\",\"3\":\"5\",\"3\":\"6\",\"3\":\"7\",\"3\":\"8\",\"3\":\"9\",\"4\":\"10\",\"4\":\"11\",\"4\":\"12\",\"5\":\"13\",\"5\":\"14\",\"5\":\"15\",\"6\":\"16\",\"6\":\"17\",\"6\":\"18\",\"6\":\"19\",\"7\":\"20\",\"8\":\"21\",\"9\":\"22\",\"10\":\"23\",\"10\":\"24\",\"10\":\"25\",\"11\":\"26\",\"11\":\"27\",\"12\":\"28\",\"12\":\"29\",\"13\":\"30\",\"13\":\"31\"}', NULL, '2018-05-30 14:46:17', NULL, '2018-06-04 15:09:17', NULL, NULL),
(299, 12, 46, 122, 'Bondor', 0.00, 0.00, '60290', 'Minhaj Enterprise', '[\"1\",\"2\",\"3\",\"4\",\"5\",\"6\",\"7\",\"8\",\"9\",\"10\",\"11\",\"12\",\"13\"]', '{\"1\":\"1\",\"1\":\"2\",\"2\":\"3\",\"2\":\"4\",\"3\":\"5\",\"3\":\"6\",\"3\":\"7\",\"3\":\"8\",\"3\":\"9\",\"4\":\"10\",\"4\":\"11\",\"4\":\"12\",\"5\":\"13\",\"5\":\"14\",\"5\":\"15\",\"6\":\"16\",\"6\":\"17\",\"6\":\"18\",\"6\":\"19\",\"7\":\"20\",\"8\":\"21\",\"9\":\"22\",\"10\":\"23\",\"10\":\"24\",\"10\":\"25\",\"11\":\"26\",\"11\":\"27\",\"12\":\"28\",\"12\":\"29\",\"13\":\"30\",\"13\":\"31\"}', NULL, '2018-05-30 14:46:17', NULL, '2018-06-04 15:09:17', NULL, NULL),
(300, 12, 46, 122, 'EPZ', 0.00, 0.00, '60300', 'Jain Enterprise', '[\"1\",\"2\",\"3\",\"4\",\"5\",\"6\",\"7\",\"8\",\"9\",\"10\",\"11\",\"12\",\"13\"]', '{\"1\":\"1\",\"1\":\"2\",\"2\":\"3\",\"2\":\"4\",\"3\":\"5\",\"3\":\"6\",\"3\":\"7\",\"3\":\"8\",\"3\":\"9\",\"4\":\"10\",\"4\":\"11\",\"4\":\"12\",\"5\":\"13\",\"5\":\"14\",\"5\":\"15\",\"6\":\"16\",\"6\":\"17\",\"6\":\"18\",\"6\":\"19\",\"7\":\"20\",\"8\":\"21\",\"9\":\"22\",\"10\":\"23\",\"10\":\"24\",\"10\":\"25\",\"11\":\"26\",\"11\":\"27\",\"12\":\"28\",\"12\":\"29\",\"13\":\"30\",\"13\":\"31\"}', NULL, '2018-05-30 14:46:17', NULL, '2018-06-04 15:09:17', NULL, NULL),
(301, 12, 46, 123, 'Potenga', 0.00, 0.00, '60295', 'Anas Enterprise', '[\"1\",\"2\",\"3\",\"4\",\"5\",\"6\",\"7\",\"8\",\"9\",\"10\",\"11\",\"12\",\"13\"]', '{\"1\":\"1\",\"1\":\"2\",\"2\":\"3\",\"2\":\"4\",\"3\":\"5\",\"3\":\"6\",\"3\":\"7\",\"3\":\"8\",\"3\":\"9\",\"4\":\"10\",\"4\":\"11\",\"4\":\"12\",\"5\":\"13\",\"5\":\"14\",\"5\":\"15\",\"6\":\"16\",\"6\":\"17\",\"6\":\"18\",\"6\":\"19\",\"7\":\"20\",\"8\":\"21\",\"9\":\"22\",\"10\":\"23\",\"10\":\"24\",\"10\":\"25\",\"11\":\"26\",\"11\":\"27\",\"12\":\"28\",\"12\":\"29\",\"13\":\"30\",\"13\":\"31\"}', NULL, '2018-05-30 14:46:17', NULL, '2018-06-04 15:09:17', NULL, NULL),
(302, 12, 46, 124, 'Halishahar', 0.00, 0.00, '60255', 'Kashem & Sons', '[\"1\",\"2\",\"3\",\"4\",\"5\",\"6\",\"7\",\"8\",\"9\",\"10\",\"11\",\"12\",\"13\"]', '{\"1\":\"1\",\"1\":\"2\",\"2\":\"3\",\"2\":\"4\",\"3\":\"5\",\"3\":\"6\",\"3\":\"7\",\"3\":\"8\",\"3\":\"9\",\"4\":\"10\",\"4\":\"11\",\"4\":\"12\",\"5\":\"13\",\"5\":\"14\",\"5\":\"15\",\"6\":\"16\",\"6\":\"17\",\"6\":\"18\",\"6\":\"19\",\"7\":\"20\",\"8\":\"21\",\"9\":\"22\",\"10\":\"23\",\"10\":\"24\",\"10\":\"25\",\"11\":\"26\",\"11\":\"27\",\"12\":\"28\",\"12\":\"29\",\"13\":\"30\",\"13\":\"31\"}', NULL, '2018-05-30 14:46:17', NULL, '2018-06-04 15:09:17', NULL, NULL),
(303, 12, 46, 124, 'Madar Bari', 0.00, 0.00, '60315', 'Nasim Store', '[\"1\",\"2\",\"3\",\"4\",\"5\",\"6\",\"7\",\"8\",\"9\",\"10\",\"11\",\"12\",\"13\"]', '{\"1\":\"1\",\"1\":\"2\",\"2\":\"3\",\"2\":\"4\",\"3\":\"5\",\"3\":\"6\",\"3\":\"7\",\"3\":\"8\",\"3\":\"9\",\"4\":\"10\",\"4\":\"11\",\"4\":\"12\",\"5\":\"13\",\"5\":\"14\",\"5\":\"15\",\"6\":\"16\",\"6\":\"17\",\"6\":\"18\",\"6\":\"19\",\"7\":\"20\",\"8\":\"21\",\"9\":\"22\",\"10\":\"23\",\"10\":\"24\",\"10\":\"25\",\"11\":\"26\",\"11\":\"27\",\"12\":\"28\",\"12\":\"29\",\"13\":\"30\",\"13\":\"31\"}', NULL, '2018-05-30 14:46:17', NULL, '2018-06-04 15:09:17', NULL, NULL),
(304, 12, 46, 125, 'R.Bazar', 0.00, 0.00, '60305', 'Tanver Store', '[\"1\",\"2\",\"3\",\"4\",\"5\",\"6\",\"7\",\"8\",\"9\",\"10\",\"11\",\"12\",\"13\"]', '{\"1\":\"1\",\"1\":\"2\",\"2\":\"3\",\"2\":\"4\",\"3\":\"5\",\"3\":\"6\",\"3\":\"7\",\"3\":\"8\",\"3\":\"9\",\"4\":\"10\",\"4\":\"11\",\"4\":\"12\",\"5\":\"13\",\"5\":\"14\",\"5\":\"15\",\"6\":\"16\",\"6\":\"17\",\"6\":\"18\",\"6\":\"19\",\"7\":\"20\",\"8\":\"21\",\"9\":\"22\",\"10\":\"23\",\"10\":\"24\",\"10\":\"25\",\"11\":\"26\",\"11\":\"27\",\"12\":\"28\",\"12\":\"29\",\"13\":\"30\",\"13\":\"31\"}', NULL, '2018-05-30 14:46:17', NULL, '2018-06-04 15:09:17', NULL, NULL),
(305, 12, 46, 125, 'Asadgonj', 0.00, 0.00, '60320', 'Hazi A.Razzak Sawdagor', '[\"1\",\"2\",\"3\",\"4\",\"5\",\"6\",\"7\",\"8\",\"9\",\"10\",\"11\",\"12\",\"13\"]', '{\"1\":\"1\",\"1\":\"2\",\"2\":\"3\",\"2\":\"4\",\"3\":\"5\",\"3\":\"6\",\"3\":\"7\",\"3\":\"8\",\"3\":\"9\",\"4\":\"10\",\"4\":\"11\",\"4\":\"12\",\"5\":\"13\",\"5\":\"14\",\"5\":\"15\",\"6\":\"16\",\"6\":\"17\",\"6\":\"18\",\"6\":\"19\",\"7\":\"20\",\"8\":\"21\",\"9\":\"22\",\"10\":\"23\",\"10\":\"24\",\"10\":\"25\",\"11\":\"26\",\"11\":\"27\",\"12\":\"28\",\"12\":\"29\",\"13\":\"30\",\"13\":\"31\"}', NULL, '2018-05-30 14:46:17', NULL, '2018-06-04 15:09:17', NULL, NULL),
(306, 12, 46, 126, 'Bakulia', 0.00, 0.00, '60250', 'Tahsin Enterprise', '[\"1\",\"2\",\"3\",\"4\",\"5\",\"6\",\"7\",\"8\",\"9\",\"10\",\"11\",\"12\",\"13\"]', '{\"1\":\"1\",\"1\":\"2\",\"2\":\"3\",\"2\":\"4\",\"3\":\"5\",\"3\":\"6\",\"3\":\"7\",\"3\":\"8\",\"3\":\"9\",\"4\":\"10\",\"4\":\"11\",\"4\":\"12\",\"5\":\"13\",\"5\":\"14\",\"5\":\"15\",\"6\":\"16\",\"6\":\"17\",\"6\":\"18\",\"6\":\"19\",\"7\":\"20\",\"8\":\"21\",\"9\":\"22\",\"10\":\"23\",\"10\":\"24\",\"10\":\"25\",\"11\":\"26\",\"11\":\"27\",\"12\":\"28\",\"12\":\"29\",\"13\":\"30\",\"13\":\"31\"}', NULL, '2018-05-30 14:46:17', NULL, '2018-06-04 15:09:17', NULL, NULL),
(307, 12, 46, 126, 'Chaktai', 0.00, 0.00, '60310', 'New Harun Store', '[\"1\",\"2\",\"3\",\"4\",\"5\",\"6\",\"7\",\"8\",\"9\",\"10\",\"11\",\"12\",\"13\"]', '{\"1\":\"1\",\"1\":\"2\",\"2\":\"3\",\"2\":\"4\",\"3\":\"5\",\"3\":\"6\",\"3\":\"7\",\"3\":\"8\",\"3\":\"9\",\"4\":\"10\",\"4\":\"11\",\"4\":\"12\",\"5\":\"13\",\"5\":\"14\",\"5\":\"15\",\"6\":\"16\",\"6\":\"17\",\"6\":\"18\",\"6\":\"19\",\"7\":\"20\",\"8\":\"21\",\"9\":\"22\",\"10\":\"23\",\"10\":\"24\",\"10\":\"25\",\"11\":\"26\",\"11\":\"27\",\"12\":\"28\",\"12\":\"29\",\"13\":\"30\",\"13\":\"31\"}', NULL, '2018-05-30 14:46:17', NULL, '2018-06-04 15:09:17', NULL, NULL),
(308, 12, 47, 127, 'Panchlish', 0.00, 0.00, '60240', 'Sultan Store', '[\"1\",\"2\",\"3\",\"4\",\"5\",\"6\",\"7\",\"8\",\"9\",\"10\",\"11\",\"12\",\"13\"]', '{\"1\":\"1\",\"1\":\"2\",\"2\":\"3\",\"2\":\"4\",\"3\":\"5\",\"3\":\"6\",\"3\":\"7\",\"3\":\"8\",\"3\":\"9\",\"4\":\"10\",\"4\":\"11\",\"4\":\"12\",\"5\":\"13\",\"5\":\"14\",\"5\":\"15\",\"6\":\"16\",\"6\":\"17\",\"6\":\"18\",\"6\":\"19\",\"7\":\"20\",\"8\":\"21\",\"9\":\"22\",\"10\":\"23\",\"10\":\"24\",\"10\":\"25\",\"11\":\"26\",\"11\":\"27\",\"12\":\"28\",\"12\":\"29\",\"13\":\"30\",\"13\":\"31\"}', NULL, '2018-05-30 14:46:17', NULL, '2018-06-04 15:09:17', NULL, NULL),
(309, 12, 47, 127, 'Khulshi', 0.00, 0.00, '60270', 'Nusaiba Enterprise', '[\"1\",\"2\",\"3\",\"4\",\"5\",\"6\",\"7\",\"8\",\"9\",\"10\",\"11\",\"12\",\"13\"]', '{\"1\":\"1\",\"1\":\"2\",\"2\":\"3\",\"2\":\"4\",\"3\":\"5\",\"3\":\"6\",\"3\":\"7\",\"3\":\"8\",\"3\":\"9\",\"4\":\"10\",\"4\":\"11\",\"4\":\"12\",\"5\":\"13\",\"5\":\"14\",\"5\":\"15\",\"6\":\"16\",\"6\":\"17\",\"6\":\"18\",\"6\":\"19\",\"7\":\"20\",\"8\":\"21\",\"9\":\"22\",\"10\":\"23\",\"10\":\"24\",\"10\":\"25\",\"11\":\"26\",\"11\":\"27\",\"12\":\"28\",\"12\":\"29\",\"13\":\"30\",\"13\":\"31\"}', NULL, '2018-05-30 14:46:17', NULL, '2018-06-04 15:09:17', NULL, NULL),
(310, 12, 47, 128, 'Alangker', 0.00, 0.00, '60260', 'Nobojagoron Enterprise', '[\"1\",\"2\",\"3\",\"4\",\"5\",\"6\",\"7\",\"8\",\"9\",\"10\",\"11\",\"12\",\"13\"]', '{\"1\":\"1\",\"1\":\"2\",\"2\":\"3\",\"2\":\"4\",\"3\":\"5\",\"3\":\"6\",\"3\":\"7\",\"3\":\"8\",\"3\":\"9\",\"4\":\"10\",\"4\":\"11\",\"4\":\"12\",\"5\":\"13\",\"5\":\"14\",\"5\":\"15\",\"6\":\"16\",\"6\":\"17\",\"6\":\"18\",\"6\":\"19\",\"7\":\"20\",\"8\":\"21\",\"9\":\"22\",\"10\":\"23\",\"10\":\"24\",\"10\":\"25\",\"11\":\"26\",\"11\":\"27\",\"12\":\"28\",\"12\":\"29\",\"13\":\"30\",\"13\":\"31\"}', NULL, '2018-05-30 14:46:17', NULL, '2018-06-04 15:09:17', NULL, NULL),
(311, 12, 47, 128, 'Pahartoli', 0.00, 0.00, '60265', 'Filter Collection', '[\"1\",\"2\",\"3\",\"4\",\"5\",\"6\",\"7\",\"8\",\"9\",\"10\",\"11\",\"12\",\"13\"]', '{\"1\":\"1\",\"1\":\"2\",\"2\":\"3\",\"2\":\"4\",\"3\":\"5\",\"3\":\"6\",\"3\":\"7\",\"3\":\"8\",\"3\":\"9\",\"4\":\"10\",\"4\":\"11\",\"4\":\"12\",\"5\":\"13\",\"5\":\"14\",\"5\":\"15\",\"6\":\"16\",\"6\":\"17\",\"6\":\"18\",\"6\":\"19\",\"7\":\"20\",\"8\":\"21\",\"9\":\"22\",\"10\":\"23\",\"10\":\"24\",\"10\":\"25\",\"11\":\"26\",\"11\":\"27\",\"12\":\"28\",\"12\":\"29\",\"13\":\"30\",\"13\":\"31\"}', NULL, '2018-05-30 14:46:17', NULL, '2018-06-04 15:09:17', NULL, NULL),
(312, 12, 47, 129, 'Sitakunda', 0.00, 0.00, '60235', 'Nuhash Enterprise', '[\"1\",\"2\",\"3\",\"4\",\"5\",\"6\",\"7\",\"8\",\"9\",\"10\",\"11\",\"12\",\"13\"]', '{\"1\":\"1\",\"1\":\"2\",\"2\":\"3\",\"2\":\"4\",\"3\":\"5\",\"3\":\"6\",\"3\":\"7\",\"3\":\"8\",\"3\":\"9\",\"4\":\"10\",\"4\":\"11\",\"4\":\"12\",\"5\":\"13\",\"5\":\"14\",\"5\":\"15\",\"6\":\"16\",\"6\":\"17\",\"6\":\"18\",\"6\":\"19\",\"7\":\"20\",\"8\":\"21\",\"9\":\"22\",\"10\":\"23\",\"10\":\"24\",\"10\":\"25\",\"11\":\"26\",\"11\":\"27\",\"12\":\"28\",\"12\":\"29\",\"13\":\"30\",\"13\":\"31\"}', NULL, '2018-05-30 14:46:17', NULL, '2018-06-04 15:09:17', NULL, NULL);
INSERT INTO `distribution_houses` (`id`, `zones_id`, `regions_id`, `territories_id`, `market_name`, `opening_balance`, `current_balance`, `code`, `point_name`, `privilage_brands`, `privilage_sku`, `created_by`, `created_at`, `updated_by`, `updated_at`, `rfu1`, `rfu2`) VALUES
(313, 12, 47, 129, 'Bhatiari', 0.00, 0.00, '60275', 'Salauddin store', '[\"1\",\"2\",\"3\",\"4\",\"5\",\"6\",\"7\",\"8\",\"9\",\"10\",\"11\",\"12\",\"13\"]', '{\"1\":\"1\",\"1\":\"2\",\"2\":\"3\",\"2\":\"4\",\"3\":\"5\",\"3\":\"6\",\"3\":\"7\",\"3\":\"8\",\"3\":\"9\",\"4\":\"10\",\"4\":\"11\",\"4\":\"12\",\"5\":\"13\",\"5\":\"14\",\"5\":\"15\",\"6\":\"16\",\"6\":\"17\",\"6\":\"18\",\"6\":\"19\",\"7\":\"20\",\"8\":\"21\",\"9\":\"22\",\"10\":\"23\",\"10\":\"24\",\"10\":\"25\",\"11\":\"26\",\"11\":\"27\",\"12\":\"28\",\"12\":\"29\",\"13\":\"30\",\"13\":\"31\"}', NULL, '2018-05-30 14:46:17', NULL, '2018-06-04 15:09:17', NULL, NULL),
(314, 12, 47, 129, 'Sandip-1', 0.00, 0.00, '60280', 'S.A Enter', '[\"1\",\"2\",\"3\",\"4\",\"5\",\"6\",\"7\",\"8\",\"9\",\"10\",\"11\",\"12\",\"13\"]', '{\"1\":\"1\",\"1\":\"2\",\"2\":\"3\",\"2\":\"4\",\"3\":\"5\",\"3\":\"6\",\"3\":\"7\",\"3\":\"8\",\"3\":\"9\",\"4\":\"10\",\"4\":\"11\",\"4\":\"12\",\"5\":\"13\",\"5\":\"14\",\"5\":\"15\",\"6\":\"16\",\"6\":\"17\",\"6\":\"18\",\"6\":\"19\",\"7\":\"20\",\"8\":\"21\",\"9\":\"22\",\"10\":\"23\",\"10\":\"24\",\"10\":\"25\",\"11\":\"26\",\"11\":\"27\",\"12\":\"28\",\"12\":\"29\",\"13\":\"30\",\"13\":\"31\"}', NULL, '2018-05-30 14:46:17', NULL, '2018-06-04 15:09:17', NULL, NULL),
(315, 12, 47, 129, 'Sandip-2', 0.00, 0.00, '60285', 'Rifat Ent', '[\"1\",\"2\",\"3\",\"4\",\"5\",\"6\",\"7\",\"8\",\"9\",\"10\",\"11\",\"12\",\"13\"]', '{\"1\":\"1\",\"1\":\"2\",\"2\":\"3\",\"2\":\"4\",\"3\":\"5\",\"3\":\"6\",\"3\":\"7\",\"3\":\"8\",\"3\":\"9\",\"4\":\"10\",\"4\":\"11\",\"4\":\"12\",\"5\":\"13\",\"5\":\"14\",\"5\":\"15\",\"6\":\"16\",\"6\":\"17\",\"6\":\"18\",\"6\":\"19\",\"7\":\"20\",\"8\":\"21\",\"9\":\"22\",\"10\":\"23\",\"10\":\"24\",\"10\":\"25\",\"11\":\"26\",\"11\":\"27\",\"12\":\"28\",\"12\":\"29\",\"13\":\"30\",\"13\":\"31\"}', NULL, '2018-05-30 14:46:17', NULL, '2018-06-04 15:09:17', NULL, NULL),
(316, 12, 48, 130, 'Hathazari', 0.00, 0.00, '60370', 'Alompur Enterprise', '[\"1\",\"2\",\"3\",\"4\",\"5\",\"6\",\"7\",\"8\",\"9\",\"10\",\"11\",\"12\",\"13\"]', '{\"1\":\"1\",\"1\":\"2\",\"2\":\"3\",\"2\":\"4\",\"3\":\"5\",\"3\":\"6\",\"3\":\"7\",\"3\":\"8\",\"3\":\"9\",\"4\":\"10\",\"4\":\"11\",\"4\":\"12\",\"5\":\"13\",\"5\":\"14\",\"5\":\"15\",\"6\":\"16\",\"6\":\"17\",\"6\":\"18\",\"6\":\"19\",\"7\":\"20\",\"8\":\"21\",\"9\":\"22\",\"10\":\"23\",\"10\":\"24\",\"10\":\"25\",\"11\":\"26\",\"11\":\"27\",\"12\":\"28\",\"12\":\"29\",\"13\":\"30\",\"13\":\"31\"}', NULL, '2018-05-30 14:46:17', NULL, '2018-06-04 15:09:17', NULL, NULL),
(317, 12, 48, 130, 'Ranirhat', 0.00, 0.00, '60365', 'Adiba Chy.Enterprise', '[\"1\",\"2\",\"3\",\"4\",\"5\",\"6\",\"7\",\"8\",\"9\",\"10\",\"11\",\"12\",\"13\"]', '{\"1\":\"1\",\"1\":\"2\",\"2\":\"3\",\"2\":\"4\",\"3\":\"5\",\"3\":\"6\",\"3\":\"7\",\"3\":\"8\",\"3\":\"9\",\"4\":\"10\",\"4\":\"11\",\"4\":\"12\",\"5\":\"13\",\"5\":\"14\",\"5\":\"15\",\"6\":\"16\",\"6\":\"17\",\"6\":\"18\",\"6\":\"19\",\"7\":\"20\",\"8\":\"21\",\"9\":\"22\",\"10\":\"23\",\"10\":\"24\",\"10\":\"25\",\"11\":\"26\",\"11\":\"27\",\"12\":\"28\",\"12\":\"29\",\"13\":\"30\",\"13\":\"31\"}', NULL, '2018-05-30 14:46:17', NULL, '2018-06-04 15:09:17', NULL, NULL),
(318, 12, 48, 131, 'Oxyzen', 0.00, 0.00, '60345', 'A P Enterprise', '[\"1\",\"2\",\"3\",\"4\",\"5\",\"6\",\"7\",\"8\",\"9\",\"10\",\"11\",\"12\",\"13\"]', '{\"1\":\"1\",\"1\":\"2\",\"2\":\"3\",\"2\":\"4\",\"3\":\"5\",\"3\":\"6\",\"3\":\"7\",\"3\":\"8\",\"3\":\"9\",\"4\":\"10\",\"4\":\"11\",\"4\":\"12\",\"5\":\"13\",\"5\":\"14\",\"5\":\"15\",\"6\":\"16\",\"6\":\"17\",\"6\":\"18\",\"6\":\"19\",\"7\":\"20\",\"8\":\"21\",\"9\":\"22\",\"10\":\"23\",\"10\":\"24\",\"10\":\"25\",\"11\":\"26\",\"11\":\"27\",\"12\":\"28\",\"12\":\"29\",\"13\":\"30\",\"13\":\"31\"}', NULL, '2018-05-30 14:46:17', NULL, '2018-06-04 15:09:18', NULL, NULL),
(319, 12, 48, 132, 'Chandragona', 0.00, 0.00, '60350', 'S A Chy.Enterprise', '[\"1\",\"2\",\"3\",\"4\",\"5\",\"6\",\"7\",\"8\",\"9\",\"10\",\"11\",\"12\",\"13\"]', '{\"1\":\"1\",\"1\":\"2\",\"2\":\"3\",\"2\":\"4\",\"3\":\"5\",\"3\":\"6\",\"3\":\"7\",\"3\":\"8\",\"3\":\"9\",\"4\":\"10\",\"4\":\"11\",\"4\":\"12\",\"5\":\"13\",\"5\":\"14\",\"5\":\"15\",\"6\":\"16\",\"6\":\"17\",\"6\":\"18\",\"6\":\"19\",\"7\":\"20\",\"8\":\"21\",\"9\":\"22\",\"10\":\"23\",\"10\":\"24\",\"10\":\"25\",\"11\":\"26\",\"11\":\"27\",\"12\":\"28\",\"12\":\"29\",\"13\":\"30\",\"13\":\"31\"}', NULL, '2018-05-30 14:46:17', NULL, '2018-06-04 15:09:18', NULL, NULL),
(320, 12, 48, 132, 'Rangamati', 0.00, 0.00, '60360', 'S F Traders', '[\"1\",\"2\",\"3\",\"4\",\"5\",\"6\",\"7\",\"8\",\"9\",\"10\",\"11\",\"12\",\"13\"]', '{\"1\":\"1\",\"1\":\"2\",\"2\":\"3\",\"2\":\"4\",\"3\":\"5\",\"3\":\"6\",\"3\":\"7\",\"3\":\"8\",\"3\":\"9\",\"4\":\"10\",\"4\":\"11\",\"4\":\"12\",\"5\":\"13\",\"5\":\"14\",\"5\":\"15\",\"6\":\"16\",\"6\":\"17\",\"6\":\"18\",\"6\":\"19\",\"7\":\"20\",\"8\":\"21\",\"9\":\"22\",\"10\":\"23\",\"10\":\"24\",\"10\":\"25\",\"11\":\"26\",\"11\":\"27\",\"12\":\"28\",\"12\":\"29\",\"13\":\"30\",\"13\":\"31\"}', NULL, '2018-05-30 14:46:17', NULL, '2018-06-04 15:09:18', NULL, NULL),
(321, 12, 48, 133, 'Noapara', 0.00, 0.00, '60355', 'Bagdad Enterprise', '[\"1\",\"2\",\"3\",\"4\",\"5\",\"6\",\"7\",\"8\",\"9\",\"10\",\"11\",\"12\",\"13\"]', '{\"1\":\"1\",\"1\":\"2\",\"2\":\"3\",\"2\":\"4\",\"3\":\"5\",\"3\":\"6\",\"3\":\"7\",\"3\":\"8\",\"3\":\"9\",\"4\":\"10\",\"4\":\"11\",\"4\":\"12\",\"5\":\"13\",\"5\":\"14\",\"5\":\"15\",\"6\":\"16\",\"6\":\"17\",\"6\":\"18\",\"6\":\"19\",\"7\":\"20\",\"8\":\"21\",\"9\":\"22\",\"10\":\"23\",\"10\":\"24\",\"10\":\"25\",\"11\":\"26\",\"11\":\"27\",\"12\":\"28\",\"12\":\"29\",\"13\":\"30\",\"13\":\"31\"}', NULL, '2018-05-30 14:46:17', NULL, '2018-06-04 15:09:18', NULL, NULL),
(322, 12, 48, 133, 'Mohora', 0.00, 0.00, '60245', 'Modina Traders', '[\"1\",\"2\",\"3\",\"4\",\"5\",\"6\",\"7\",\"8\",\"9\",\"10\",\"11\",\"12\",\"13\"]', '{\"1\":\"1\",\"1\":\"2\",\"2\":\"3\",\"2\":\"4\",\"3\":\"5\",\"3\":\"6\",\"3\":\"7\",\"3\":\"8\",\"3\":\"9\",\"4\":\"10\",\"4\":\"11\",\"4\":\"12\",\"5\":\"13\",\"5\":\"14\",\"5\":\"15\",\"6\":\"16\",\"6\":\"17\",\"6\":\"18\",\"6\":\"19\",\"7\":\"20\",\"8\":\"21\",\"9\":\"22\",\"10\":\"23\",\"10\":\"24\",\"10\":\"25\",\"11\":\"26\",\"11\":\"27\",\"12\":\"28\",\"12\":\"29\",\"13\":\"30\",\"13\":\"31\"}', NULL, '2018-05-30 14:46:17', NULL, '2018-06-04 15:09:18', NULL, NULL),
(323, 12, 49, 134, 'Cox\'s Bazar', 0.00, 0.00, '60410', 'Hazi Kashem & Son\'s', '[\"1\",\"2\",\"3\",\"4\",\"5\",\"6\",\"7\",\"8\",\"9\",\"10\",\"11\",\"12\",\"13\"]', '{\"1\":\"1\",\"1\":\"2\",\"2\":\"3\",\"2\":\"4\",\"3\":\"5\",\"3\":\"6\",\"3\":\"7\",\"3\":\"8\",\"3\":\"9\",\"4\":\"10\",\"4\":\"11\",\"4\":\"12\",\"5\":\"13\",\"5\":\"14\",\"5\":\"15\",\"6\":\"16\",\"6\":\"17\",\"6\":\"18\",\"6\":\"19\",\"7\":\"20\",\"8\":\"21\",\"9\":\"22\",\"10\":\"23\",\"10\":\"24\",\"10\":\"25\",\"11\":\"26\",\"11\":\"27\",\"12\":\"28\",\"12\":\"29\",\"13\":\"30\",\"13\":\"31\"}', NULL, '2018-05-30 14:46:17', NULL, '2018-06-04 15:09:18', NULL, NULL),
(324, 12, 49, 135, 'Taknaf', 0.00, 0.00, '60425', 'Giash Uddin & Brother\'s', '[\"1\",\"2\",\"3\",\"4\",\"5\",\"6\",\"7\",\"8\",\"9\",\"10\",\"11\",\"12\",\"13\"]', '{\"1\":\"1\",\"1\":\"2\",\"2\":\"3\",\"2\":\"4\",\"3\":\"5\",\"3\":\"6\",\"3\":\"7\",\"3\":\"8\",\"3\":\"9\",\"4\":\"10\",\"4\":\"11\",\"4\":\"12\",\"5\":\"13\",\"5\":\"14\",\"5\":\"15\",\"6\":\"16\",\"6\":\"17\",\"6\":\"18\",\"6\":\"19\",\"7\":\"20\",\"8\":\"21\",\"9\":\"22\",\"10\":\"23\",\"10\":\"24\",\"10\":\"25\",\"11\":\"26\",\"11\":\"27\",\"12\":\"28\",\"12\":\"29\",\"13\":\"30\",\"13\":\"31\"}', NULL, '2018-05-30 14:46:17', NULL, '2018-06-04 15:09:18', NULL, NULL),
(325, 12, 49, 136, 'Ramu', 0.00, 0.00, '60415', 'Nazir Store', '[\"1\",\"2\",\"3\",\"4\",\"5\",\"6\",\"7\",\"8\",\"9\",\"10\",\"11\",\"12\",\"13\"]', '{\"1\":\"1\",\"1\":\"2\",\"2\":\"3\",\"2\":\"4\",\"3\":\"5\",\"3\":\"6\",\"3\":\"7\",\"3\":\"8\",\"3\":\"9\",\"4\":\"10\",\"4\":\"11\",\"4\":\"12\",\"5\":\"13\",\"5\":\"14\",\"5\":\"15\",\"6\":\"16\",\"6\":\"17\",\"6\":\"18\",\"6\":\"19\",\"7\":\"20\",\"8\":\"21\",\"9\":\"22\",\"10\":\"23\",\"10\":\"24\",\"10\":\"25\",\"11\":\"26\",\"11\":\"27\",\"12\":\"28\",\"12\":\"29\",\"13\":\"30\",\"13\":\"31\"}', NULL, '2018-05-30 14:46:17', NULL, '2018-06-04 15:09:18', NULL, NULL),
(326, 12, 49, 136, 'Eidgaon', 0.00, 0.00, '60420', 'Anwar & Brother\'s', '[\"1\",\"2\",\"3\",\"4\",\"5\",\"6\",\"7\",\"8\",\"9\",\"10\",\"11\",\"12\",\"13\"]', '{\"1\":\"1\",\"1\":\"2\",\"2\":\"3\",\"2\":\"4\",\"3\":\"5\",\"3\":\"6\",\"3\":\"7\",\"3\":\"8\",\"3\":\"9\",\"4\":\"10\",\"4\":\"11\",\"4\":\"12\",\"5\":\"13\",\"5\":\"14\",\"5\":\"15\",\"6\":\"16\",\"6\":\"17\",\"6\":\"18\",\"6\":\"19\",\"7\":\"20\",\"8\":\"21\",\"9\":\"22\",\"10\":\"23\",\"10\":\"24\",\"10\":\"25\",\"11\":\"26\",\"11\":\"27\",\"12\":\"28\",\"12\":\"29\",\"13\":\"30\",\"13\":\"31\"}', NULL, '2018-05-30 14:46:17', NULL, '2018-06-04 15:09:18', NULL, NULL),
(327, 12, 49, 136, 'Lama', 0.00, 0.00, '60460', 'Juwel & Brother\'s', '[\"1\",\"2\",\"3\",\"4\",\"5\",\"6\",\"7\",\"8\",\"9\",\"10\",\"11\",\"12\",\"13\"]', '{\"1\":\"1\",\"1\":\"2\",\"2\":\"3\",\"2\":\"4\",\"3\":\"5\",\"3\":\"6\",\"3\":\"7\",\"3\":\"8\",\"3\":\"9\",\"4\":\"10\",\"4\":\"11\",\"4\":\"12\",\"5\":\"13\",\"5\":\"14\",\"5\":\"15\",\"6\":\"16\",\"6\":\"17\",\"6\":\"18\",\"6\":\"19\",\"7\":\"20\",\"8\":\"21\",\"9\":\"22\",\"10\":\"23\",\"10\":\"24\",\"10\":\"25\",\"11\":\"26\",\"11\":\"27\",\"12\":\"28\",\"12\":\"29\",\"13\":\"30\",\"13\":\"31\"}', NULL, '2018-05-30 14:46:17', NULL, '2018-06-04 15:09:18', NULL, NULL),
(328, 12, 49, 136, 'Alikodom', 0.00, 0.00, '60465', 'Nasir Store', '[\"1\",\"2\",\"3\",\"4\",\"5\",\"6\",\"7\",\"8\",\"9\",\"10\",\"11\",\"12\",\"13\"]', '{\"1\":\"1\",\"1\":\"2\",\"2\":\"3\",\"2\":\"4\",\"3\":\"5\",\"3\":\"6\",\"3\":\"7\",\"3\":\"8\",\"3\":\"9\",\"4\":\"10\",\"4\":\"11\",\"4\":\"12\",\"5\":\"13\",\"5\":\"14\",\"5\":\"15\",\"6\":\"16\",\"6\":\"17\",\"6\":\"18\",\"6\":\"19\",\"7\":\"20\",\"8\":\"21\",\"9\":\"22\",\"10\":\"23\",\"10\":\"24\",\"10\":\"25\",\"11\":\"26\",\"11\":\"27\",\"12\":\"28\",\"12\":\"29\",\"13\":\"30\",\"13\":\"31\"}', NULL, '2018-05-30 14:46:17', NULL, '2018-06-04 15:09:18', NULL, NULL),
(329, 12, 49, 137, 'Chokoria', 0.00, 0.00, '60450', 'Modina Store', '[\"1\",\"2\",\"3\",\"4\",\"5\",\"6\",\"7\",\"8\",\"9\",\"10\",\"11\",\"12\",\"13\"]', '{\"1\":\"1\",\"1\":\"2\",\"2\":\"3\",\"2\":\"4\",\"3\":\"5\",\"3\":\"6\",\"3\":\"7\",\"3\":\"8\",\"3\":\"9\",\"4\":\"10\",\"4\":\"11\",\"4\":\"12\",\"5\":\"13\",\"5\":\"14\",\"5\":\"15\",\"6\":\"16\",\"6\":\"17\",\"6\":\"18\",\"6\":\"19\",\"7\":\"20\",\"8\":\"21\",\"9\":\"22\",\"10\":\"23\",\"10\":\"24\",\"10\":\"25\",\"11\":\"26\",\"11\":\"27\",\"12\":\"28\",\"12\":\"29\",\"13\":\"30\",\"13\":\"31\"}', NULL, '2018-05-30 14:46:17', NULL, '2018-06-04 15:09:18', NULL, NULL),
(330, 12, 49, 138, 'Moheskhali', 0.00, 0.00, '60455', 'Progoti Store', '[\"1\",\"2\",\"3\",\"4\",\"5\",\"6\",\"7\",\"8\",\"9\",\"10\",\"11\",\"12\",\"13\"]', '{\"1\":\"1\",\"1\":\"2\",\"2\":\"3\",\"2\":\"4\",\"3\":\"5\",\"3\":\"6\",\"3\":\"7\",\"3\":\"8\",\"3\":\"9\",\"4\":\"10\",\"4\":\"11\",\"4\":\"12\",\"5\":\"13\",\"5\":\"14\",\"5\":\"15\",\"6\":\"16\",\"6\":\"17\",\"6\":\"18\",\"6\":\"19\",\"7\":\"20\",\"8\":\"21\",\"9\":\"22\",\"10\":\"23\",\"10\":\"24\",\"10\":\"25\",\"11\":\"26\",\"11\":\"27\",\"12\":\"28\",\"12\":\"29\",\"13\":\"30\",\"13\":\"31\"}', NULL, '2018-05-30 14:46:17', NULL, '2018-06-04 15:09:18', NULL, NULL),
(331, 12, 49, 138, 'Kutubdia', 0.00, 0.00, '60470', 'Kashem Store', '[\"1\",\"2\",\"3\",\"4\",\"5\",\"6\",\"7\",\"8\",\"9\",\"10\",\"11\",\"12\",\"13\"]', '{\"1\":\"1\",\"1\":\"2\",\"2\":\"3\",\"2\":\"4\",\"3\":\"5\",\"3\":\"6\",\"3\":\"7\",\"3\":\"8\",\"3\":\"9\",\"4\":\"10\",\"4\":\"11\",\"4\":\"12\",\"5\":\"13\",\"5\":\"14\",\"5\":\"15\",\"6\":\"16\",\"6\":\"17\",\"6\":\"18\",\"6\":\"19\",\"7\":\"20\",\"8\":\"21\",\"9\":\"22\",\"10\":\"23\",\"10\":\"24\",\"10\":\"25\",\"11\":\"26\",\"11\":\"27\",\"12\":\"28\",\"12\":\"29\",\"13\":\"30\",\"13\":\"31\"}', NULL, '2018-05-30 14:46:17', NULL, '2018-06-04 15:09:19', NULL, NULL),
(332, 12, 50, 139, 'Amirabad', 0.00, 0.00, '60430', 'Alomgir & Brother\'s', '[\"1\",\"2\",\"3\",\"4\",\"5\",\"6\",\"7\",\"8\",\"9\",\"10\",\"11\",\"12\",\"13\"]', '{\"1\":\"1\",\"1\":\"2\",\"2\":\"3\",\"2\":\"4\",\"3\":\"5\",\"3\":\"6\",\"3\":\"7\",\"3\":\"8\",\"3\":\"9\",\"4\":\"10\",\"4\":\"11\",\"4\":\"12\",\"5\":\"13\",\"5\":\"14\",\"5\":\"15\",\"6\":\"16\",\"6\":\"17\",\"6\":\"18\",\"6\":\"19\",\"7\":\"20\",\"8\":\"21\",\"9\":\"22\",\"10\":\"23\",\"10\":\"24\",\"10\":\"25\",\"11\":\"26\",\"11\":\"27\",\"12\":\"28\",\"12\":\"29\",\"13\":\"30\",\"13\":\"31\"}', NULL, '2018-05-30 14:46:17', NULL, '2018-06-04 15:09:19', NULL, NULL),
(333, 12, 50, 139, 'Bandorban', 0.00, 0.00, '60445', 'Abu Taher & Brother\'s', '[\"1\",\"2\",\"3\",\"4\",\"5\",\"6\",\"7\",\"8\",\"9\",\"10\",\"11\",\"12\",\"13\"]', '{\"1\":\"1\",\"1\":\"2\",\"2\":\"3\",\"2\":\"4\",\"3\":\"5\",\"3\":\"6\",\"3\":\"7\",\"3\":\"8\",\"3\":\"9\",\"4\":\"10\",\"4\":\"11\",\"4\":\"12\",\"5\":\"13\",\"5\":\"14\",\"5\":\"15\",\"6\":\"16\",\"6\":\"17\",\"6\":\"18\",\"6\":\"19\",\"7\":\"20\",\"8\":\"21\",\"9\":\"22\",\"10\":\"23\",\"10\":\"24\",\"10\":\"25\",\"11\":\"26\",\"11\":\"27\",\"12\":\"28\",\"12\":\"29\",\"13\":\"30\",\"13\":\"31\"}', NULL, '2018-05-30 14:46:17', NULL, '2018-06-04 15:09:19', NULL, NULL),
(334, 12, 50, 140, 'Banskhali', 0.00, 0.00, '60440', 'Nasir Enterprise', '[\"1\",\"2\",\"3\",\"4\",\"5\",\"6\",\"7\",\"8\",\"9\",\"10\",\"11\",\"12\",\"13\"]', '{\"1\":\"1\",\"1\":\"2\",\"2\":\"3\",\"2\":\"4\",\"3\":\"5\",\"3\":\"6\",\"3\":\"7\",\"3\":\"8\",\"3\":\"9\",\"4\":\"10\",\"4\":\"11\",\"4\":\"12\",\"5\":\"13\",\"5\":\"14\",\"5\":\"15\",\"6\":\"16\",\"6\":\"17\",\"6\":\"18\",\"6\":\"19\",\"7\":\"20\",\"8\":\"21\",\"9\":\"22\",\"10\":\"23\",\"10\":\"24\",\"10\":\"25\",\"11\":\"26\",\"11\":\"27\",\"12\":\"28\",\"12\":\"29\",\"13\":\"30\",\"13\":\"31\"}', NULL, '2018-05-30 14:46:17', NULL, '2018-06-04 15:09:19', NULL, NULL),
(335, 12, 50, 140, 'Satkania/ Keranir Hat', 0.00, 0.00, '60435', 'J M Traders', '[\"1\",\"2\",\"3\",\"4\",\"5\",\"6\",\"7\",\"8\",\"9\",\"10\",\"11\",\"12\",\"13\"]', '{\"1\":\"1\",\"1\":\"2\",\"2\":\"3\",\"2\":\"4\",\"3\":\"5\",\"3\":\"6\",\"3\":\"7\",\"3\":\"8\",\"3\":\"9\",\"4\":\"10\",\"4\":\"11\",\"4\":\"12\",\"5\":\"13\",\"5\":\"14\",\"5\":\"15\",\"6\":\"16\",\"6\":\"17\",\"6\":\"18\",\"6\":\"19\",\"7\":\"20\",\"8\":\"21\",\"9\":\"22\",\"10\":\"23\",\"10\":\"24\",\"10\":\"25\",\"11\":\"26\",\"11\":\"27\",\"12\":\"28\",\"12\":\"29\",\"13\":\"30\",\"13\":\"31\"}', NULL, '2018-05-30 14:46:17', NULL, '2018-06-04 15:09:19', NULL, NULL),
(336, 12, 50, 141, 'Patiya', 0.00, 0.00, '60330', 'Shahi Trader\'s', '[\"1\",\"2\",\"3\",\"4\",\"5\",\"6\",\"7\",\"8\",\"9\",\"10\",\"11\",\"12\",\"13\"]', '{\"1\":\"1\",\"1\":\"2\",\"2\":\"3\",\"2\":\"4\",\"3\":\"5\",\"3\":\"6\",\"3\":\"7\",\"3\":\"8\",\"3\":\"9\",\"4\":\"10\",\"4\":\"11\",\"4\":\"12\",\"5\":\"13\",\"5\":\"14\",\"5\":\"15\",\"6\":\"16\",\"6\":\"17\",\"6\":\"18\",\"6\":\"19\",\"7\":\"20\",\"8\":\"21\",\"9\":\"22\",\"10\":\"23\",\"10\":\"24\",\"10\":\"25\",\"11\":\"26\",\"11\":\"27\",\"12\":\"28\",\"12\":\"29\",\"13\":\"30\",\"13\":\"31\"}', NULL, '2018-05-30 14:46:17', NULL, '2018-06-04 15:09:19', NULL, NULL),
(337, 12, 50, 141, 'Chandanish', 0.00, 0.00, '60335', 'Mostofa Trader\'s', '[\"1\",\"2\",\"3\",\"4\",\"5\",\"6\",\"7\",\"8\",\"9\",\"10\",\"11\",\"12\",\"13\"]', '{\"1\":\"1\",\"1\":\"2\",\"2\":\"3\",\"2\":\"4\",\"3\":\"5\",\"3\":\"6\",\"3\":\"7\",\"3\":\"8\",\"3\":\"9\",\"4\":\"10\",\"4\":\"11\",\"4\":\"12\",\"5\":\"13\",\"5\":\"14\",\"5\":\"15\",\"6\":\"16\",\"6\":\"17\",\"6\":\"18\",\"6\":\"19\",\"7\":\"20\",\"8\":\"21\",\"9\":\"22\",\"10\":\"23\",\"10\":\"24\",\"10\":\"25\",\"11\":\"26\",\"11\":\"27\",\"12\":\"28\",\"12\":\"29\",\"13\":\"30\",\"13\":\"31\"}', NULL, '2018-05-30 14:46:17', NULL, '2018-06-04 15:09:19', NULL, NULL),
(338, 12, 50, 142, 'Anowara', 0.00, 0.00, '60325', 'Muhin Enterprise', '[\"1\",\"2\",\"3\",\"4\",\"5\",\"6\",\"7\",\"8\",\"9\",\"10\",\"11\",\"12\",\"13\"]', '{\"1\":\"1\",\"1\":\"2\",\"2\":\"3\",\"2\":\"4\",\"3\":\"5\",\"3\":\"6\",\"3\":\"7\",\"3\":\"8\",\"3\":\"9\",\"4\":\"10\",\"4\":\"11\",\"4\":\"12\",\"5\":\"13\",\"5\":\"14\",\"5\":\"15\",\"6\":\"16\",\"6\":\"17\",\"6\":\"18\",\"6\":\"19\",\"7\":\"20\",\"8\":\"21\",\"9\":\"22\",\"10\":\"23\",\"10\":\"24\",\"10\":\"25\",\"11\":\"26\",\"11\":\"27\",\"12\":\"28\",\"12\":\"29\",\"13\":\"30\",\"13\":\"31\"}', NULL, '2018-05-30 14:46:17', NULL, '2018-06-04 15:09:19', NULL, NULL),
(339, 12, 50, 142, 'Boalkhali', 0.00, 0.00, '60340', 'Hazi Monir Trading', '[\"1\",\"2\",\"3\",\"4\",\"5\",\"6\",\"7\",\"8\",\"9\",\"10\",\"11\",\"12\",\"13\"]', '{\"1\":\"1\",\"1\":\"2\",\"2\":\"3\",\"2\":\"4\",\"3\":\"5\",\"3\":\"6\",\"3\":\"7\",\"3\":\"8\",\"3\":\"9\",\"4\":\"10\",\"4\":\"11\",\"4\":\"12\",\"5\":\"13\",\"5\":\"14\",\"5\":\"15\",\"6\":\"16\",\"6\":\"17\",\"6\":\"18\",\"6\":\"19\",\"7\":\"20\",\"8\":\"21\",\"9\":\"22\",\"10\":\"23\",\"10\":\"24\",\"10\":\"25\",\"11\":\"26\",\"11\":\"27\",\"12\":\"28\",\"12\":\"29\",\"13\":\"30\",\"13\":\"31\"}', NULL, '2018-05-30 14:46:17', NULL, '2018-06-04 15:09:19', NULL, NULL);

-- --------------------------------------------------------

--
-- Table structure for table `districts`
--

DROP TABLE IF EXISTS `districts`;
CREATE TABLE IF NOT EXISTS `districts` (
  `id` int(10) UNSIGNED NOT NULL AUTO_INCREMENT,
  `created_at` timestamp NULL DEFAULT NULL,
  `updated_at` timestamp NULL DEFAULT NULL,
  `name` varchar(255) COLLATE utf8mb4_unicode_ci DEFAULT NULL,
  `divisions_id` int(10) UNSIGNED DEFAULT NULL,
  `description` varchar(1000) COLLATE utf8mb4_unicode_ci DEFAULT NULL,
  `created_by` int(10) UNSIGNED DEFAULT NULL,
  `updated_by` int(10) UNSIGNED DEFAULT NULL,
  `is_active` tinyint(1) DEFAULT NULL,
  `countries_id` int(10) UNSIGNED DEFAULT NULL,
  PRIMARY KEY (`id`),
  KEY `districts_divisions_id_index` (`divisions_id`),
  KEY `districts_created_by_index` (`created_by`),
  KEY `districts_updated_by_index` (`updated_by`),
  KEY `districts_countries_id_index` (`countries_id`)
) ENGINE=InnoDB DEFAULT CHARSET=utf8mb4 COLLATE=utf8mb4_unicode_ci;

-- --------------------------------------------------------

--
-- Table structure for table `divisions`
--

DROP TABLE IF EXISTS `divisions`;
CREATE TABLE IF NOT EXISTS `divisions` (
  `id` int(10) UNSIGNED NOT NULL AUTO_INCREMENT,
  `created_at` timestamp NULL DEFAULT NULL,
  `updated_at` timestamp NULL DEFAULT NULL,
  `name` varchar(255) COLLATE utf8mb4_unicode_ci DEFAULT NULL,
  `countries_id` int(10) UNSIGNED DEFAULT NULL,
  `description` varchar(1000) COLLATE utf8mb4_unicode_ci DEFAULT NULL,
  `created_by` int(10) UNSIGNED DEFAULT NULL,
  `updated_by` int(10) UNSIGNED DEFAULT NULL,
  `is_active` tinyint(1) DEFAULT NULL,
  PRIMARY KEY (`id`),
  KEY `divisions_countries_id_index` (`countries_id`),
  KEY `divisions_created_by_index` (`created_by`),
  KEY `divisions_updated_by_index` (`updated_by`)
) ENGINE=InnoDB DEFAULT CHARSET=utf8mb4 COLLATE=utf8mb4_unicode_ci;

-- --------------------------------------------------------

--
-- Table structure for table `doc`
--

DROP TABLE IF EXISTS `doc`;
CREATE TABLE IF NOT EXISTS `doc` (
  `doc_id` int(11) NOT NULL AUTO_INCREMENT,
  `doc_brief` varchar(250) DEFAULT NULL,
  `doc_details` longtext,
  `created_by` int(10) DEFAULT NULL,
  `created` timestamp NULL DEFAULT CURRENT_TIMESTAMP,
  `updated_by` int(10) DEFAULT NULL,
  `updated` datetime DEFAULT NULL,
  `status` enum('Active','Inactive') DEFAULT 'Active',
  PRIMARY KEY (`doc_id`)
) ENGINE=InnoDB AUTO_INCREMENT=8 DEFAULT CHARSET=utf8;

--
-- Dumping data for table `doc`
--

INSERT INTO `doc` (`doc_id`, `doc_brief`, `doc_details`, `created_by`, `created`, `updated_by`, `updated`, `status`) VALUES
(1, 'Debug  Tool', '<p>Use&nbsp;<span style=\"color:#FF0000;\"><strong>dd($data, true/false)&nbsp;</strong></span>to preview data for debugging</p>\r\n\r\n<p><strong>$data </strong>&nbsp; &nbsp;: &nbsp; &nbsp;Array / String<br />\r\n<strong>true</strong>&nbsp; &nbsp; &nbsp; &nbsp;: &nbsp; &nbsp; Exit after printing<br />\r\n<strong>false</strong>&nbsp; &nbsp; &nbsp; : &nbsp; &nbsp; Continue after printing</p>\r\n', NULL, '2017-09-18 12:33:33', NULL, '2017-09-18 18:38:02', 'Active'),
(3, 'Master Entry', '', NULL, '2017-09-18 12:28:41', NULL, '2017-09-18 18:38:00', 'Active'),
(5, 'Flashdata', '<ul>\r\n	<li>Call a object function only for display flashdata on popup</li>\r\n	<li>use parameter for displaying theme anda message</li>\r\n</ul>\r\n\r\n<pre class=\"prettyprint\">\r\n<strong>$this-&gt;setFlashData(THEME_NAME, MESSAGE);\r\n</strong>\r\n// THEME_NAME : danger/info/success\r\n// MESSAGE    : Action has been executed Successfully\r\n</pre>\r\n', NULL, '2017-09-18 12:01:30', NULL, '2017-09-18 18:12:48', 'Active'),
(6, 'Confirm Dialogue', '<ul>\r\n	<li>Use only for href link to use confirm action</li>\r\n</ul>\r\n\r\n<pre class=\"prettyprint\">\r\n<strong>&lt;a class=&quot;<span style=\"color:#FF0000;\">confirm-link</span>&quot; href=&quot;GIVEN_LINK&quot;&gt;&lt;i class=&quot;fa fa-close&quot;&gt;&lt;/i&gt;&lt;/a&gt;\r\n</strong>\r\n// confirm-link is for confirm dialogue\r\n// GIVEN_LINK : action url\r\n</pre>\r\n', NULL, '2017-09-18 12:05:41', NULL, '2017-09-18 18:06:51', 'Active'),
(7, 'Dynamic Label Change', '<ul>\r\n	<li>After double click label can be changed if user wants</li>\r\n	<li>Use this kind of text to change the text</li>\r\n	<li>usnig &nbsp;&quot;<strong>labelchange</strong>&quot; class&nbsp;</li>\r\n</ul>\r\n\r\n<pre class=\"prettyprint\">\r\n&lt;span class=&quot;<strong>labelchange</strong>&quot; id=&quot;<span style=\"color:#FF0000;\">&lt;?= $base_name; ?&gt;</span>&quot;&gt;\r\n        <span style=\"color:#FF0000;\">&lt;?= defined($base_name) ? constant($base_name) : $base_name; ?&gt; </span>\r\n&lt;/span&gt;</pre>\r\n\r\n<p>&nbsp;</p>\r\n', NULL, '2017-09-18 12:19:39', NULL, NULL, 'Active');

-- --------------------------------------------------------

--
-- Table structure for table `documentation`
--

DROP TABLE IF EXISTS `documentation`;
CREATE TABLE IF NOT EXISTS `documentation` (
  `doc_id` int(10) NOT NULL AUTO_INCREMENT,
  `doc_title` varchar(255) NOT NULL DEFAULT '',
  `doc_subtitle` varchar(255) DEFAULT NULL,
  `doc_type` enum('User Manual','Documentation') NOT NULL DEFAULT 'User Manual',
  `doc_details` text COMMENT 'Full Description of that particular document.',
  `version` varchar(20) DEFAULT NULL COMMENT 'Version Details. Most latest one will show. Older version will show upon user request.',
  `relate_url` varchar(255) DEFAULT NULL COMMENT 'Sometime we need to know the url for which the document is prepared for.',
  `hashTag` text COMMENT 'Comma separated Keywords for tagging. it will help user to find any think by searching option.',
  `created` timestamp NULL DEFAULT CURRENT_TIMESTAMP,
  `created_by` int(10) NOT NULL COMMENT 'Who write this document.',
  `updated` timestamp NULL DEFAULT NULL ON UPDATE CURRENT_TIMESTAMP,
  `updated_by` int(10) DEFAULT NULL,
  `status` enum('Active','Inactive') DEFAULT 'Active',
  PRIMARY KEY (`doc_id`)
) ENGINE=InnoDB DEFAULT CHARSET=utf8;

-- --------------------------------------------------------

--
-- Table structure for table `documentation_fig`
--

DROP TABLE IF EXISTS `documentation_fig`;
CREATE TABLE IF NOT EXISTS `documentation_fig` (
  `doc_id` int(10) NOT NULL,
  `title` varchar(100) NOT NULL,
  `hover_text` text COMMENT 'If user like to show anything on hover ',
  `file_type` enum('Screen Shot','Figure','Chart','Word','Excel','PDF') DEFAULT 'PDF',
  `file_location` varchar(200) DEFAULT NULL,
  `uploaded` timestamp NULL DEFAULT CURRENT_TIMESTAMP,
  `uploaded_by` int(10) DEFAULT NULL,
  KEY `fk_doc_id` (`doc_id`)
) ENGINE=InnoDB DEFAULT CHARSET=utf8;

-- --------------------------------------------------------

--
-- Table structure for table `dropdown`
--

DROP TABLE IF EXISTS `dropdown`;
CREATE TABLE IF NOT EXISTS `dropdown` (
  `dropdown_id` int(10) NOT NULL AUTO_INCREMENT,
  `dropdown_slug` varchar(50) DEFAULT NULL,
  `sqltext` text,
  `value_field` varchar(50) DEFAULT NULL,
  `option_field` varchar(100) DEFAULT NULL,
  `multiple` tinyint(1) DEFAULT '0',
  `dropdown_name` varchar(100) NOT NULL DEFAULT '0',
  `description` text NOT NULL,
  `created_by` int(10) DEFAULT NULL,
  `created` timestamp NOT NULL DEFAULT CURRENT_TIMESTAMP,
  `updated_by` int(10) DEFAULT NULL,
  `updated` datetime DEFAULT NULL,
  `status` enum('Active','Inactive') DEFAULT 'Active',
  PRIMARY KEY (`dropdown_id`),
  UNIQUE KEY `dropdownslug` (`dropdown_slug`) USING BTREE
) ENGINE=InnoDB AUTO_INCREMENT=10 DEFAULT CHARSET=utf8;

--
-- Dumping data for table `dropdown`
--

INSERT INTO `dropdown` (`dropdown_id`, `dropdown_slug`, `sqltext`, `value_field`, `option_field`, `multiple`, `dropdown_name`, `description`, `created_by`, `created`, `updated_by`, `updated`, `status`) VALUES
(1, 'user_level', 'SELECT user_level_id, user_level_name FROM user_level', 'user_level_id', 'user_level_name', 0, 'user_level_id', '', NULL, '2017-09-19 12:11:23', 1, '2017-10-09 16:19:10', 'Active'),
(6, 'user_type', 'SELECT user_type_id, user_type_name FROM user_type', 'user_type_id', 'user_type_name', 0, 'user_type_id', '', 1, '2017-10-07 09:02:07', NULL, NULL, 'Active'),
(7, 'dropdown_id', 'SELECT dropdown_id, dropdown_slug FROM dropdown', 'dropdown_id', 'dropdown_slug', 0, 'dropdown_id', '', 1, '2017-10-09 06:07:13', NULL, NULL, 'Active'),
(8, 'dropdown_slug', 'SELECT dropdown_slug FROM dropdown', 'dropdown_slug', 'dropdown_slug', 0, 'dropdown_slug', '', 1, '2017-10-09 10:19:04', NULL, NULL, 'Active'),
(9, 'search_panel', 'SELECT search_panel_slug, search_panel_name FROM search_panel', 'search_panel_slug', 'search_panel_name', 0, 'search_panel_name', '', 1, '2017-10-15 08:53:19', 1, '2017-10-15 14:54:18', 'Active');

-- --------------------------------------------------------

--
-- Table structure for table `dynmc_form`
--

DROP TABLE IF EXISTS `dynmc_form`;
CREATE TABLE IF NOT EXISTS `dynmc_form` (
  `dynmc_form_id` int(5) NOT NULL AUTO_INCREMENT,
  `form_name` varchar(100) NOT NULL COMMENT 'A Name to recognise the form easily',
  `form_type_id` int(3) NOT NULL COMMENT 'Must be under a group of form type.',
  `form_title` varchar(100) NOT NULL COMMENT 'Must have a title of each form',
  `form_subtitle` varchar(255) DEFAULT NULL,
  `form_target` varchar(40) NOT NULL DEFAULT '_Self' COMMENT '_blank,_parent,_top',
  `content_type` varchar(255) DEFAULT NULL,
  `sub_form_of` int(5) DEFAULT NULL COMMENT 'if Null that means it is the main form',
  `submit_method` varchar(10) DEFAULT NULL COMMENT 'POST or GET Method',
  `nb_column` int(2) NOT NULL DEFAULT '1' COMMENT 'Number of column to show the form item. at least 1 column by default.',
  PRIMARY KEY (`dynmc_form_id`),
  KEY `fk_dft_id` (`form_type_id`)
) ENGINE=InnoDB AUTO_INCREMENT=2 DEFAULT CHARSET=utf8;

--
-- Dumping data for table `dynmc_form`
--

INSERT INTO `dynmc_form` (`dynmc_form_id`, `form_name`, `form_type_id`, `form_title`, `form_subtitle`, `form_target`, `content_type`, `sub_form_of`, `submit_method`, `nb_column`) VALUES
(1, 'Purchase for IT Store', 2, 'Purchase for IT Store', 'This form will use by IT Store manager to create a requisition to purchase some product for the store.', '_Self', NULL, NULL, 'post', 2);

-- --------------------------------------------------------

--
-- Table structure for table `dynmc_form_details`
--

DROP TABLE IF EXISTS `dynmc_form_details`;
CREATE TABLE IF NOT EXISTS `dynmc_form_details` (
  `dynmc_form_id` int(5) NOT NULL,
  `field_label` varchar(100) NOT NULL COMMENT 'id and label together is a unique field. Label text could be different.',
  `label_text` varchar(100) NOT NULL COMMENT 'initially field_label and label_text will same value. later usre can change from the interface.',
  `tab_index` int(2) NOT NULL DEFAULT '0' COMMENT 'This value will confirm the position of the field in the form.',
  `tag_id` varchar(100) DEFAULT NULL COMMENT 'HTML Tag ID',
  `tag_name` varchar(100) DEFAULT NULL COMMENT 'HTML Tag Name',
  `tag_class` varchar(255) DEFAULT NULL COMMENT 'able to take multi class with blank space',
  `tag_type_id` int(3) NOT NULL COMMENT 'HTML Tag type. Master data from dynmc_form_tag_type table',
  `default_value_data_source` text COMMENT 'It will be a SQL with single Value. if multiple then concate all column',
  `is_required` tinyint(1) NOT NULL DEFAULT '0',
  `additional_attr` text COMMENT 'Sometime HTML Tag need some extra user define attribute.',
  UNIQUE KEY `uk_field_label` (`dynmc_form_id`,`field_label`) USING BTREE,
  KEY `fk_dftt_id` (`tag_type_id`)
) ENGINE=InnoDB DEFAULT CHARSET=utf8;

-- --------------------------------------------------------

--
-- Table structure for table `dynmc_form_tag_type`
--

DROP TABLE IF EXISTS `dynmc_form_tag_type`;
CREATE TABLE IF NOT EXISTS `dynmc_form_tag_type` (
  `dynmc_form_tag_type_id` int(3) NOT NULL AUTO_INCREMENT,
  `dynmc_form_tag_type_name` varchar(100) NOT NULL,
  `description` text,
  `form_type_tag_group_id` int(3) DEFAULT NULL COMMENT 'If NULL then consider as Group Name.',
  `created_by` int(10) DEFAULT '1',
  `created` timestamp NOT NULL DEFAULT CURRENT_TIMESTAMP,
  `updated_by` int(10) DEFAULT '1',
  `updated` timestamp NULL DEFAULT NULL ON UPDATE CURRENT_TIMESTAMP,
  `status` enum('Active','Inactive') DEFAULT 'Active',
  PRIMARY KEY (`dynmc_form_tag_type_id`)
) ENGINE=InnoDB AUTO_INCREMENT=19 DEFAULT CHARSET=utf8;

--
-- Dumping data for table `dynmc_form_tag_type`
--

INSERT INTO `dynmc_form_tag_type` (`dynmc_form_tag_type_id`, `dynmc_form_tag_type_name`, `description`, `form_type_tag_group_id`, `created_by`, `created`, `updated_by`, `updated`, `status`) VALUES
(1, 'Textbox', 'All Kind of Text input field', NULL, 1, '2018-02-10 07:57:30', 1, '2018-02-10 12:24:24', 'Active'),
(2, 'Text', NULL, 1, 1, '2018-02-10 07:58:20', 1, '2018-02-10 12:24:24', 'Active'),
(3, 'Number', NULL, 1, 1, '2018-02-10 07:58:28', 1, '2018-02-10 12:24:24', 'Active'),
(4, 'Amount', NULL, 1, 1, '2018-02-10 07:58:35', 1, '2018-02-10 12:24:24', 'Active'),
(5, 'Email', NULL, 1, 1, '2018-02-10 07:58:46', 1, '2018-02-10 12:24:24', 'Active'),
(6, 'Phone', NULL, 1, 1, '2018-02-10 07:59:20', 1, '2018-02-10 12:24:24', 'Active'),
(7, 'Text Area', 'All Kind of Text Area', NULL, 1, '2018-02-10 07:59:43', 1, '2018-02-10 12:24:24', 'Active'),
(8, 'Plain Text no Edit', NULL, 7, 1, '2018-02-10 07:59:55', 1, '2018-02-10 12:24:24', 'Active'),
(9, 'Plain Text with Editor', NULL, 7, 1, '2018-02-10 08:00:11', 1, '2018-02-10 12:24:24', 'Active'),
(10, 'Date', NULL, NULL, 1, '2018-02-10 08:00:20', 1, '2018-02-10 12:24:24', 'Active'),
(11, 'Single Date', NULL, 10, 1, '2018-02-10 08:00:31', 1, '2018-02-10 12:24:24', 'Active'),
(12, 'Date Range', NULL, 10, 1, '2018-02-10 08:00:40', 1, '2018-02-10 12:24:24', 'Active'),
(13, 'Single DateTime', NULL, 10, 1, '2018-02-10 08:00:52', 1, '2018-02-10 12:24:24', 'Active'),
(14, 'DateTime Range', NULL, 10, 1, '2018-02-10 08:01:03', 1, '2018-02-10 12:24:24', 'Active'),
(15, 'Hidden', NULL, 1, 1, '2018-02-10 08:01:24', 1, '2018-02-10 12:24:24', 'Active'),
(16, 'Single Time', NULL, 10, 1, '2018-02-10 08:01:30', 1, '2018-02-10 12:24:24', 'Active'),
(17, 'Time Range', NULL, 10, 1, '2018-02-10 08:02:14', 1, '2018-02-10 12:24:24', 'Active'),
(18, 'Password', NULL, 1, 1, '2018-02-10 12:23:21', 1, NULL, 'Active');

-- --------------------------------------------------------

--
-- Table structure for table `dynmc_form_type`
--

DROP TABLE IF EXISTS `dynmc_form_type`;
CREATE TABLE IF NOT EXISTS `dynmc_form_type` (
  `dynmc_form_type_id` int(3) NOT NULL AUTO_INCREMENT,
  `dynmc_form_type_name` varchar(100) NOT NULL,
  `description` text,
  `form_type_group_id` int(3) DEFAULT NULL COMMENT 'If NULL then consider as Group Name.',
  `created_by` int(10) DEFAULT '1',
  `created` timestamp NOT NULL DEFAULT CURRENT_TIMESTAMP,
  `updated_by` int(10) DEFAULT '1',
  `updated` timestamp NULL DEFAULT NULL ON UPDATE CURRENT_TIMESTAMP,
  `status` enum('Active','Inactive') DEFAULT 'Active',
  PRIMARY KEY (`dynmc_form_type_id`)
) ENGINE=InnoDB AUTO_INCREMENT=4 DEFAULT CHARSET=utf8 COMMENT='This is the table use as Master Data. All types of form should listed here. For Example : Purchase Requistion, Sales Requisition and so on. There is an option for grouping. So Purchase will be a group then Product Purchase, Service Purchase will under that group.';

--
-- Dumping data for table `dynmc_form_type`
--

INSERT INTO `dynmc_form_type` (`dynmc_form_type_id`, `dynmc_form_type_name`, `description`, `form_type_group_id`, `created_by`, `created`, `updated_by`, `updated`, `status`) VALUES
(1, 'Purchase Requisition', 'All Purchase Requistion Type form will manage here', NULL, 1, '2018-02-10 12:59:05', 1, NULL, 'Active'),
(2, 'Purchase for Store', NULL, 1, 1, '2018-02-10 13:00:12', 1, NULL, 'Active'),
(3, 'Purchase Raw Material', NULL, 1, 1, '2018-02-10 13:00:35', 1, NULL, 'Active');

-- --------------------------------------------------------

--
-- Table structure for table `file_uploads`
--

DROP TABLE IF EXISTS `file_uploads`;
CREATE TABLE IF NOT EXISTS `file_uploads` (
  `id` int(10) UNSIGNED NOT NULL AUTO_INCREMENT,
  `created_at` timestamp NULL DEFAULT NULL,
  `updated_at` timestamp NULL DEFAULT NULL,
  `images` varchar(255) COLLATE utf8mb4_unicode_ci DEFAULT NULL,
  PRIMARY KEY (`id`)
) ENGINE=InnoDB AUTO_INCREMENT=2 DEFAULT CHARSET=utf8mb4 COLLATE=utf8mb4_unicode_ci;

--
-- Dumping data for table `file_uploads`
--

INSERT INTO `file_uploads` (`id`, `created_at`, `updated_at`, `images`) VALUES
(1, '2018-05-27 21:25:51', '2018-05-27 21:25:51', 'uploads/qAS6ySN3COIWlRjOYuiDLjnoYJB1O7P9VU5LTyGA.png');

-- --------------------------------------------------------

--
-- Table structure for table `flights`
--

DROP TABLE IF EXISTS `flights`;
CREATE TABLE IF NOT EXISTS `flights` (
  `id` int(10) UNSIGNED NOT NULL AUTO_INCREMENT,
  `name` varchar(100) COLLATE utf8mb4_unicode_ci NOT NULL,
  `created_at` timestamp NULL DEFAULT NULL,
  `updated_at` timestamp NULL DEFAULT NULL,
  `created_by` int(10) NOT NULL,
  `updated_by` int(10) DEFAULT NULL,
  `details` text COLLATE utf8mb4_unicode_ci COMMENT 'Sometime we need to describe the value of this master data',
  `is_active` tinyint(1) NOT NULL DEFAULT '1',
  PRIMARY KEY (`id`)
) ENGINE=InnoDB DEFAULT CHARSET=utf8mb4 COLLATE=utf8mb4_unicode_ci;

-- --------------------------------------------------------

--
-- Table structure for table `forms`
--

DROP TABLE IF EXISTS `forms`;
CREATE TABLE IF NOT EXISTS `forms` (
  `id` int(10) UNSIGNED NOT NULL AUTO_INCREMENT,
  `name` varchar(100) COLLATE utf8mb4_unicode_ci NOT NULL COMMENT 'Value should not contain any space',
  `form_title` varchar(100) COLLATE utf8mb4_unicode_ci NOT NULL COMMENT 'Title of the Form that will apear at the top of that form',
  `form_subtitle` varchar(255) COLLATE utf8mb4_unicode_ci DEFAULT NULL,
  `form_target` varchar(40) COLLATE utf8mb4_unicode_ci DEFAULT '_self',
  `encType` varchar(20) COLLATE utf8mb4_unicode_ci DEFAULT NULL,
  `sub_form_of` int(10) DEFAULT NULL COMMENT 'NULL is define that this is the parent form',
  `is_innerForm` tinyint(1) NOT NULL DEFAULT '0' COMMENT 'if 1 then all the items may append using ADD MORE Button',
  `method` varchar(10) COLLATE utf8mb4_unicode_ci NOT NULL DEFAULT 'POST' COMMENT 'POST or GET',
  `number_of_col` int(2) NOT NULL DEFAULT '1',
  `form_id` varchar(50) COLLATE utf8mb4_unicode_ci DEFAULT NULL,
  `form_class` varchar(100) COLLATE utf8mb4_unicode_ci DEFAULT NULL,
  `additional_attr` text COLLATE utf8mb4_unicode_ci COMMENT 'Additional attribute like data-type , style etc',
  `created_at` timestamp NULL DEFAULT NULL,
  `updated_at` timestamp NULL DEFAULT NULL,
  `created_by` int(10) NOT NULL,
  `updated_by` int(10) DEFAULT NULL,
  `details` text COLLATE utf8mb4_unicode_ci COMMENT 'Sometime we need to describe the value of this master data',
  `submit_for` varchar(10) COLLATE utf8mb4_unicode_ci DEFAULT 'Save' COMMENT 'Save = submit to store data in datastore; Search = Submit to search something from the datastore',
  `is_active` tinyint(1) NOT NULL DEFAULT '1',
  PRIMARY KEY (`id`)
) ENGINE=InnoDB DEFAULT CHARSET=utf8mb4 COLLATE=utf8mb4_unicode_ci;

-- --------------------------------------------------------

--
-- Table structure for table `form_items`
--

DROP TABLE IF EXISTS `form_items`;
CREATE TABLE IF NOT EXISTS `form_items` (
  `id` int(10) UNSIGNED NOT NULL AUTO_INCREMENT,
  `forms_id` int(10) UNSIGNED NOT NULL,
  `tag` varchar(10) COLLATE utf8mb4_unicode_ci NOT NULL DEFAULT 'input' COMMENT 'Input, Select or Textarea',
  `type` varchar(20) COLLATE utf8mb4_unicode_ci NOT NULL DEFAULT 'text' COMMENT 'date, number, email, password and so on',
  `label` varchar(100) COLLATE utf8mb4_unicode_ci DEFAULT NULL,
  `placeholder` varchar(100) COLLATE utf8mb4_unicode_ci DEFAULT NULL,
  `required` tinyint(1) NOT NULL DEFAULT '0',
  `readonly` tinyint(1) DEFAULT '0',
  `tagClassName` varchar(100) COLLATE utf8mb4_unicode_ci DEFAULT NULL,
  `tagName` varchar(100) COLLATE utf8mb4_unicode_ci DEFAULT NULL,
  `tagId` varchar(100) COLLATE utf8mb4_unicode_ci DEFAULT NULL,
  `additional_attr` text COLLATE utf8mb4_unicode_ci,
  `datasource` varchar(255) COLLATE utf8mb4_unicode_ci DEFAULT NULL COMMENT 'In case of SELECT Tag. it will carry comma separated value. Otherwise data grid information',
  `created_at` timestamp NULL DEFAULT NULL,
  `updated_at` timestamp NULL DEFAULT NULL,
  `created_by` int(10) NOT NULL,
  `updated_by` int(10) DEFAULT NULL,
  `details` text COLLATE utf8mb4_unicode_ci COMMENT 'Sometime we need to describe the value of this master data',
  `is_active` tinyint(1) NOT NULL DEFAULT '1',
  PRIMARY KEY (`id`),
  KEY `fk_fi_forms_id` (`forms_id`)
) ENGINE=InnoDB DEFAULT CHARSET=utf8mb4 COLLATE=utf8mb4_unicode_ci;

-- --------------------------------------------------------

--
-- Table structure for table `grids`
--

DROP TABLE IF EXISTS `grids`;
CREATE TABLE IF NOT EXISTS `grids` (
  `id` int(10) UNSIGNED NOT NULL AUTO_INCREMENT,
  `name` varchar(50) NOT NULL,
  `grid_title` varchar(100) DEFAULT NULL,
  `description` text,
  `theads` text NOT NULL COMMENT 'JSON Format data with necessary information relate with column. Every column information will able to config by this data.\r\n\r\n-> field_name [as it is in query]\r\n-> searchable\r\n-> clickable\r\n-> clickable_url\r\n-> click_target [blank, self, popup]',
  `data_query` text NOT NULL COMMENT 'A DB Query',
  `query_groupby` text,
  `query_orderby` text,
  `query_limit` text,
  `query_having` text,
  `pagination` tinyint(1) NOT NULL DEFAULT '1' COMMENT '1 = TRUE, 0 = FALSE',
  `pagination_rules` varchar(50) NOT NULL DEFAULT '10,25,50,100,All' COMMENT 'Comma Separated Value to define Pagination Rules',
  `excel_export` tinyint(1) NOT NULL DEFAULT '0',
  `pdf_export` tinyint(1) NOT NULL DEFAULT '0',
  `search_panel` tinyint(1) NOT NULL DEFAULT '1' COMMENT '1 = TRUE, 0 = FALSE',
  `search_panel_id` int(10) DEFAULT NULL,
  `search_panel_position` enum('Left','Top') DEFAULT 'Top',
  `created_by` int(10) NOT NULL,
  `grid_template_id` int(10) UNSIGNED NOT NULL,
  `created` timestamp NULL DEFAULT CURRENT_TIMESTAMP,
  `updated_by` int(10) DEFAULT NULL,
  `updated` timestamp NULL DEFAULT NULL ON UPDATE CURRENT_TIMESTAMP,
  `is_active` tinyint(1) NOT NULL DEFAULT '1',
  PRIMARY KEY (`id`)
) ENGINE=InnoDB AUTO_INCREMENT=13 DEFAULT CHARSET=utf8;

--
-- Dumping data for table `grids`
--

INSERT INTO `grids` (`id`, `name`, `grid_title`, `description`, `theads`, `data_query`, `query_groupby`, `query_orderby`, `query_limit`, `query_having`, `pagination`, `pagination_rules`, `excel_export`, `pdf_export`, `search_panel`, `search_panel_id`, `search_panel_position`, `created_by`, `grid_template_id`, `created`, `updated_by`, `updated`, `is_active`) VALUES
(1, 'Purchase List', 'Purchase List', 'All Purchase will show in this grid', 'SL,Purchase Code,Date,Amount,Vendor', 'SELECT purchase_order.purchase_code, purchase_order.order_date, purchase_order.order_value, vendor.vendor_name FROM purchase_order LEFT JOIN vendor ON purchase_order.vendor_id = vendor.vendor_id where 1', NULL, NULL, NULL, NULL, 1, '10,25,50,100,All', 1, 0, 1, 1, 'Top', 1, 0, '2017-01-11 15:59:36', 1, '2017-01-16 19:21:12', 1),
(2, 'LC Settlement', 'LC Settlement', '', 'SL#,LC Number, Indent Number, Account Head,Date, Amount', 'SELECT\r\nproforma_invoice.lc_number,\r\nproforma_invoice.indent_number,\r\nacc_head.acc_head_name,\r\nvoucherdetails.TransactionDate,\r\nvoucherdetails.Debit\r\nFROM\r\nvoucherdetails\r\nINNER JOIN proforma_invoice ON voucherdetails.LcID = proforma_invoice.proforma_invoice_id\r\nLEFT JOIN acc_head ON voucherdetails.AccountName = acc_head.acc_head_id\r\nWHERE 1 HAVING voucherdetails.Debit > 0', NULL, NULL, NULL, NULL, 1, '10,25,50,100,All', 1, 1, 1, 7, 'Top', 1, 0, '2017-02-01 18:51:58', 1, '2017-06-07 08:44:36', 1),
(3, 'Trial Balence', 'Trial Balance', '', 'SL#,Date,Account Head, Debit,Credit', 'SELECT voucherdetails.TransactionDate,acc_head.acc_head_name,voucherdetails.Debit,voucherdetails.Credit FROM voucherdetails LEFT JOIN acc_head ON voucherdetails.AccountName = acc_head.acc_head_id WHERE 1', NULL, NULL, NULL, NULL, 1, '10,25,50,100,All', 1, 1, 1, 7, 'Top', 1, 0, '2017-02-01 19:12:44', 1, '2017-02-02 11:11:11', 1),
(4, 'Accounts Statement', 'Accounts Statement', '', 'SL#,Date,Accounts Head,Debit,Credit', 'SELECT voucherdetails.TransactionDate, acc_head.acc_head_name, voucherdetails.Debit, voucherdetails.Credit FROM voucherdetails LEFT JOIN acc_head ON voucherdetails.AccountName = acc_head.acc_head_id WHERE 1', NULL, NULL, NULL, NULL, 1, '10,25,50,100,All', 1, 1, 1, 6, 'Top', 1, 0, '2017-02-01 19:16:24', 1, '2017-02-02 11:38:25', 1),
(5, 'Purchase History', 'Purchase History', '', 'Purchase Code, Order Date, Order Value,Status', 'SELECT purchase_order.purchase_id,purchase_order.purchase_code, purchase_order.order_date, purchase_order.order_value,status.status_name FROM purchase_order LEFT JOIN status ON purchase_order.status=status.status_id WHERE 1', NULL, NULL, NULL, NULL, 1, '10,25,50,100,All', 1, 1, 1, 8, 'Top', 1, 0, '2017-06-08 06:15:42', 1, '2017-06-10 09:20:42', 1),
(6, '', NULL, NULL, '', '', NULL, NULL, NULL, NULL, 1, '10,25,50,100,All', 0, 0, 1, NULL, 'Top', 0, 0, '2017-06-10 04:16:18', NULL, NULL, 1),
(7, 'Warranty List', 'Warranty List', '', 'Ticket Code,Sales Code,Product Code,Created,Customer Name,Customer Mobile,Problems,Status,Product Receive,Action', 'SELECT ticket.ticket_id,ticket.ticket_code, ticket.sales_code, product.product_code, ticket.created, ticket.customer_name, ticket.customer_mobile, SUBSTR(ticket.problem_details,1,50) as problems, status.status_name,\'receive\',\'edit\',\'view\',\'delete\' FROM ticket LEFT JOIN status ON ticket.service_status = status.status_id LEFT JOIN product ON product.product_id=ticket.product_id', '', '', NULL, NULL, 1, '10,25,50,100,All', 1, 1, 1, 9, 'Top', 1, 1, '2017-06-18 08:40:46', 1, '2018-01-08 06:57:24', 1),
(8, 'Warranty Archive', 'Warranty Archive', '', 'Code, Customer Name, Customer Mobile, Product Problem, Receive Date, Delivery Date, Action', 'SELECT ticket.ticket_id, ticket.ticket_code, ticket.customer_name, ticket.customer_mobile, ticket.problem_details, ticket.created, ticket.updated, \'view\' FROM ticket WHERE ticket.service_status = 74', '', NULL, NULL, NULL, 1, '10,25,50,100,All', 1, 1, 1, 11, 'Top', 1, 0, '2017-07-26 07:00:53', 1, '2017-07-26 08:29:31', 1),
(9, 'Dealer Target List', 'Dealer Target List', '', 'Branch,Target Month,Base Period,Average By,Based On,Action', 'SELECT dealer_target_set.dealer_target_set_id,location.location_name,dealer_target_set.year_month,dealer_target_set.base_period,dealer_target_set.base_by,dealer_target_set.base_on,\'edit\' FROM dealer_target_set LEFT JOIN location ON dealer_target_set.location_id = location.location_id OR dealer_target_set.dealer_id = \'All\'', 'dealer_target_set.location_id', NULL, NULL, NULL, 1, '10,25,50,100,All', 1, 0, 1, 12, 'Top', 1, 0, '2017-08-03 11:02:24', 1, '2017-08-03 11:41:59', 1),
(10, 'Current Stock', 'Current Stock', '', 'Origin,Product Name,Product_code,Available Qty,On Process Qty, Reorder Qty', 'select product.product_details_json,product.product_id,region.region_name,product.product_name,product.product_code,IFNULL(sum(purchase_good_receive.available_quantity),0) as avQty,(SELECT ( Sum(	purchase_order_details.confirm_quantity ) - Sum( purchase_order_details.total_received ) ) AS optotal from (purchase_order_details) INNER JOIN proforma_invoice ON purchase_order_details.proforma_invoice_id = proforma_invoice.proforma_invoice_id WHERE purchase_order_details.product_id = product.product_id AND proforma_invoice.pi_status IN (48, 50)) as onProcessing,product.reorder_qty FROM product left join region on region.region_id=product.region_id left join purchase_good_receive on product.product_id=purchase_good_receive.product_id AND purchase_good_receive.good_receive_status_id=45 where product.status=\'Active\'', 'product.product_id', 'product.product_id', NULL, NULL, 1, '10,25,50,100,All', 1, 1, 1, 13, 'Top', 1, 1, '2017-12-21 12:13:18', 1, '2018-01-21 06:49:22', 1),
(11, 'Receive History', 'Receive History', '', 'Product Name,product Code,Purchase Code,Indent Number,Warehouse,Receive Qty,Available Qty,Receive Date', 'SELECT product.product_code, product.product_name, purchase_order.purchase_code, purchase_good_receive.indent_number, warehouse.warehouse_name,purchase_good_receive.receive_quantity, purchase_good_receive.available_quantity,purchase_good_receive.created FROM purchase_good_receive LEFT JOIN product ON purchase_good_receive.product_id = product.product_id LEFT JOIN purchase_order ON purchase_good_receive.purchase_id = purchase_order.purchase_id LEFT JOIN warehouse ON purchase_good_receive.warehouse_id = warehouse.warehouse_id WHERE purchase_good_receive.good_receive_status_id=45', '', '', NULL, NULL, 1, '10,25,50,100,All', 1, 1, 0, 13, 'Top', 1, 1, '2017-12-23 06:24:31', 1, '2017-12-23 06:45:14', 1),
(12, 'FOB Ordering', 'FOB Ordering', '', 'Fob Name, Details,Status', 'select \'fob\' as table_name, fob.fob_id as primary_id, fob.fob_name, fob.details,fob.status FROM fob order by ordering', '', '', NULL, NULL, 0, '10,25,50,100,All', 1, 1, 0, 14, 'Top', 1, 1, '2017-12-26 08:14:51', 1, '2017-12-27 05:32:32', 1);

-- --------------------------------------------------------

--
-- Table structure for table `grid_templates`
--

DROP TABLE IF EXISTS `grid_templates`;
CREATE TABLE IF NOT EXISTS `grid_templates` (
  `id` int(10) UNSIGNED NOT NULL AUTO_INCREMENT,
  `name` varchar(100) COLLATE utf8mb4_unicode_ci NOT NULL,
  `nb_of_column` int(2) NOT NULL DEFAULT '1' COMMENT 'Bootstrap Column. value must be 1-12',
  `created_at` timestamp NULL DEFAULT NULL,
  `updated_at` timestamp NULL DEFAULT NULL,
  `created_by` int(10) NOT NULL,
  `updated_by` int(10) DEFAULT NULL,
  `details` text COLLATE utf8mb4_unicode_ci COMMENT 'Sometime we need to describe the value of this master data',
  `is_active` tinyint(1) NOT NULL DEFAULT '1',
  PRIMARY KEY (`id`)
) ENGINE=InnoDB DEFAULT CHARSET=utf8mb4 COLLATE=utf8mb4_unicode_ci;

-- --------------------------------------------------------

--
-- Table structure for table `id_manager`
--

DROP TABLE IF EXISTS `id_manager`;
CREATE TABLE IF NOT EXISTS `id_manager` (
  `id_manager_id` int(10) NOT NULL AUTO_INCREMENT,
  `id_manager` varchar(50) NOT NULL COMMENT 'A meaningful name for why this id will manage',
  `pre_fix` varchar(2) DEFAULT NULL,
  `details` text,
  `parent_db_table` varchar(30) NOT NULL COMMENT 'The table name at where the id will actually stored.',
  `primary_key` varchar(100) DEFAULT NULL COMMENT 'The primary key field name of the parent table',
  `parent_db_field` varchar(50) NOT NULL,
  `parent_db_order_value` varchar(50) DEFAULT NULL,
  `parent_db_status` varchar(50) DEFAULT NULL,
  `total_char` int(2) NOT NULL DEFAULT '6' COMMENT 'minimum 6 char where first two is for prefix and rest of char for sequential id',
  `default_char` int(2) NOT NULL DEFAULT '0' COMMENT 'how many char will by default zero after the prefix',
  `actual_id_char` int(2) NOT NULL DEFAULT '4' COMMENT 'by default 4 char if no default char has been set',
  `id_start_from` int(10) NOT NULL DEFAULT '0',
  `created` timestamp NULL DEFAULT CURRENT_TIMESTAMP,
  `created_by` int(10) DEFAULT NULL,
  `updated` timestamp NULL DEFAULT NULL ON UPDATE CURRENT_TIMESTAMP,
  `updated_by` int(10) DEFAULT NULL,
  `postapprove_status` int(11) DEFAULT NULL,
  `postdecline_status` int(11) DEFAULT NULL,
  `NOTIFY_SMS` int(1) NOT NULL DEFAULT '0',
  `NOTIFY_EMAIL` int(1) NOT NULL DEFAULT '0',
  `NOTIFY_SYSTEM` int(1) NOT NULL DEFAULT '1',
  `SMS_SBJ_TEMPLATE` varchar(150) DEFAULT NULL,
  `SMS_BODY_TEMPLATE` varchar(255) DEFAULT NULL,
  `EMAIL_SBJ_TEMPLATE` varchar(150) DEFAULT NULL,
  `EMAIL_BODY_TEMPLATE` text,
  `SYS_SBJ_TEMPLATE` varchar(150) DEFAULT NULL,
  `SYS_BODY_TEMPLATE` text,
  PRIMARY KEY (`id_manager_id`),
  UNIQUE KEY `u_idm_prefix` (`pre_fix`) USING BTREE
) ENGINE=InnoDB AUTO_INCREMENT=14 DEFAULT CHARSET=utf8;

--
-- Dumping data for table `id_manager`
--

INSERT INTO `id_manager` (`id_manager_id`, `id_manager`, `pre_fix`, `details`, `parent_db_table`, `primary_key`, `parent_db_field`, `parent_db_order_value`, `parent_db_status`, `total_char`, `default_char`, `actual_id_char`, `id_start_from`, `created`, `created_by`, `updated`, `updated_by`, `postapprove_status`, `postdecline_status`, `NOTIFY_SMS`, `NOTIFY_EMAIL`, `NOTIFY_SYSTEM`, `SMS_SBJ_TEMPLATE`, `SMS_BODY_TEMPLATE`, `EMAIL_SBJ_TEMPLATE`, `EMAIL_BODY_TEMPLATE`, `SYS_SBJ_TEMPLATE`, `SYS_BODY_TEMPLATE`) VALUES
(1, 'Sales', 'SO', NULL, 'sales_order', 'sales_id', 'sales_code', 'order_value', 'sales_status', 6, 6, 4, 1001, '2016-12-10 13:51:13', NULL, '2018-01-24 13:32:21', NULL, 10, 68, 0, 1, 1, 'title', 'system details', 'title', 'system details', 'title', 'system details'),
(2, 'Purchase', 'PO', NULL, 'purchase_order', 'purchase_id', 'purchase_code', 'order_value', 'status', 6, 6, 4, 1001, '2016-12-10 14:28:12', NULL, '2018-01-24 13:32:21', NULL, 6, 68, 0, 1, 1, 'title', 'system details', 'title', 'system details', 'title', 'system details'),
(3, 'Requisition', 'RQ', NULL, 'stock_requisition', 'stock_requisition_id', 'requisition_code', NULL, 'requisition_status', 6, 6, 4, 1001, '2016-12-10 15:29:31', NULL, '2018-01-24 13:32:21', NULL, 41, 68, 0, 0, 1, NULL, NULL, NULL, NULL, NULL, NULL),
(4, 'Chalan', 'CH', NULL, 'chalan', 'chalan_id', 'chalan_code', NULL, 'chalan_status', 6, 6, 4, 1001, '2016-12-26 15:44:50', NULL, '2018-01-24 13:32:21', NULL, 44, 68, 0, 0, 1, NULL, NULL, NULL, NULL, NULL, NULL),
(5, 'Price List', 'PL', NULL, 'price_list', 'price_list_id', 'price_list_code', NULL, 'price_list_status', 6, 6, 4, 1001, '2016-12-26 19:42:42', NULL, '2018-01-24 13:32:21', NULL, 59, 68, 0, 0, 1, NULL, NULL, NULL, NULL, NULL, NULL),
(6, 'Schedule', 'SD', '', 'delivery_schedule', 'delivery_schedule_id', 'schedule_code', NULL, 'delivery_status', 6, 6, 4, 1001, '2017-01-01 15:59:43', NULL, '2018-01-24 13:32:21', NULL, NULL, 68, 0, 0, 1, NULL, NULL, NULL, NULL, NULL, NULL),
(7, 'Payment Approval Note', 'PA', '', 'payment_approval_note', '', 'payment_approval_code', NULL, 'payment_approval_note_status', 6, 6, 4, 1001, '2017-01-26 17:46:36', NULL, '2018-01-24 13:32:21', NULL, 64, 68, 0, 0, 1, NULL, NULL, NULL, NULL, NULL, NULL),
(8, 'Out Going Cheque', 'CQ', '', '', '', '', NULL, '', 6, 6, 4, 1001, '2017-01-29 20:07:16', NULL, '2018-01-24 13:32:21', NULL, NULL, 68, 0, 0, 1, NULL, NULL, NULL, NULL, NULL, NULL),
(9, 'Voucher', 'VR', '', '', '', '', NULL, '', 6, 6, 4, 1001, '2017-01-30 15:40:15', NULL, '2018-01-24 13:32:21', NULL, NULL, 68, 0, 0, 1, NULL, NULL, NULL, NULL, NULL, NULL),
(10, 'Money Receipt', 'MR', '', '', '', '', NULL, '', 6, 6, 4, 1001, '2017-03-07 15:00:32', NULL, '2018-01-24 13:32:21', NULL, NULL, 68, 0, 0, 1, NULL, NULL, NULL, NULL, NULL, NULL),
(11, 'LC', 'LC', '', 'proforma_invoice', 'proforma_invoice_id', 'lc_code', 'lc_value_bdt', 'pi_status', 6, 6, 4, 1001, '2017-04-08 09:55:34', NULL, '2018-01-24 13:32:21', NULL, 48, 68, 0, 0, 1, NULL, NULL, NULL, NULL, NULL, NULL),
(12, 'Notification', 'NT', NULL, 'notification', '', 'NOTIFICATION_ID', NULL, 'STATUSS', 6, 6, 4, 1001, '2017-05-22 14:55:34', NULL, '2018-01-24 13:32:21', NULL, NULL, NULL, 0, 0, 1, NULL, NULL, NULL, NULL, NULL, NULL),
(13, 'Ticket', 'TK', NULL, 'ticket', 'ticket_id', 'ticket_code', NULL, 'service_status', 6, 6, 4, 1001, '2017-06-18 06:25:17', NULL, '2018-01-24 13:32:21', NULL, NULL, NULL, 0, 0, 1, NULL, NULL, NULL, NULL, NULL, NULL);

-- --------------------------------------------------------

--
-- Table structure for table `label_slug`
--

DROP TABLE IF EXISTS `label_slug`;
CREATE TABLE IF NOT EXISTS `label_slug` (
  `lang_slug` varchar(50) NOT NULL,
  `en_label` varchar(100) DEFAULT NULL,
  `bn_label` varchar(100) DEFAULT NULL,
  PRIMARY KEY (`lang_slug`),
  UNIQUE KEY `slug` (`lang_slug`) USING BTREE
) ENGINE=InnoDB DEFAULT CHARSET=utf8;

--
-- Dumping data for table `label_slug`
--

INSERT INTO `label_slug` (`lang_slug`, `en_label`, `bn_label`) VALUES
('dropdown_manager', 'Dropdown Manager', NULL),
('master_entry_table', 'Master Entry List', NULL),
('user_type', 'Test Slug', NULL),
('user_type_name', 'USER TYPE mm', NULL);

-- --------------------------------------------------------

--
-- Table structure for table `locations`
--

DROP TABLE IF EXISTS `locations`;
CREATE TABLE IF NOT EXISTS `locations` (
  `id` int(10) UNSIGNED NOT NULL AUTO_INCREMENT,
  `name` varchar(100) COLLATE utf8mb4_unicode_ci NOT NULL,
  `created_at` timestamp NULL DEFAULT NULL,
  `updated_at` timestamp NULL DEFAULT NULL,
  `created_by` int(10) NOT NULL,
  `updated_by` int(10) DEFAULT NULL,
  `details` text COLLATE utf8mb4_unicode_ci COMMENT 'Sometime we need to describe the value of this master data',
  `is_active` tinyint(1) NOT NULL DEFAULT '1',
  PRIMARY KEY (`id`)
) ENGINE=InnoDB DEFAULT CHARSET=utf8mb4 COLLATE=utf8mb4_unicode_ci;

-- --------------------------------------------------------

--
-- Table structure for table `master_entry`
--

DROP TABLE IF EXISTS `master_entry`;
CREATE TABLE IF NOT EXISTS `master_entry` (
  `master_entry_table_name` varchar(50) NOT NULL,
  `field_name` varchar(50) NOT NULL,
  `input_type` varchar(30) NOT NULL COMMENT 'ex. text, combo, textarea etc',
  `required_field` varchar(10) NOT NULL,
  `sql` text,
  `comma_separated_value` text,
  `hide_from_grid` tinyint(1) NOT NULL DEFAULT '0',
  `hide_from_input` tinyint(1) NOT NULL,
  `self_filtering` tinyint(1) DEFAULT '0',
  `sorting` int(10) DEFAULT NULL,
  `label_name` varchar(50) NOT NULL,
  `placeholder` varchar(50) DEFAULT NULL,
  `field_key` varchar(10) NOT NULL,
  `created_by` int(10) NOT NULL DEFAULT '0',
  `created` timestamp NULL DEFAULT NULL,
  `updated_by` int(10) DEFAULT NULL,
  `updated` datetime DEFAULT NULL,
  `status` enum('Active','Inactive') DEFAULT 'Active',
  `join_with` varchar(50) DEFAULT NULL,
  `join_with_fk_name` varchar(50) DEFAULT NULL,
  `master_entry_title` varchar(50) DEFAULT NULL,
  `search` tinyint(1) DEFAULT '0',
  UNIQUE KEY `unique_master_entry` (`master_entry_table_name`,`field_name`,`master_entry_title`) USING BTREE,
  KEY `fk_me_title` (`master_entry_title`)
) ENGINE=InnoDB DEFAULT CHARSET=utf8;

--
-- Dumping data for table `master_entry`
--

INSERT INTO `master_entry` (`master_entry_table_name`, `field_name`, `input_type`, `required_field`, `sql`, `comma_separated_value`, `hide_from_grid`, `hide_from_input`, `self_filtering`, `sorting`, `label_name`, `placeholder`, `field_key`, `created_by`, `created`, `updated_by`, `updated`, `status`, `join_with`, `join_with_fk_name`, `master_entry_title`, `search`) VALUES
('module', 'description', 'text', '', '', '', 0, 0, 0, 3, 'DESCRIPTION', 'Type description', '', 0, '2014-12-07 09:18:17', NULL, '2017-09-12 15:41:43', 'Active', NULL, NULL, 'module', 0),
('module', 'home_url', 'var', '', '', '', 1, 0, 0, 2, 'Home Url', 'Home Url', '', 0, '2014-12-07 09:18:17', NULL, '2017-09-11 16:25:57', 'Active', NULL, NULL, 'module', 0),
('module', 'module_icon', 'var', 'required', '', '', 0, 0, 0, 1, 'Module Icon', 'Module Icon', '', 0, '2014-12-07 09:18:17', NULL, '2017-09-11 16:25:57', 'Active', NULL, NULL, 'module', 0),
('module', 'module_name', 'var', 'required', '', '', 0, 0, 0, 0, 'Module Name', 'Type Module Name', 'UNI', 0, '2014-12-07 09:18:17', NULL, '2017-09-11 16:25:53', 'Active', NULL, NULL, 'module', 0),
('module', 'status', 'select', 'required', '', 'Active,Inactive', 0, 0, 0, 4, 'Status', 'Status', '', 0, '2014-12-07 09:18:17', NULL, '2017-09-11 16:25:52', 'Active', NULL, NULL, 'module', 0),
('user_type', 'user_type_name', 'text', 'required', '', '', 0, 0, 1, 0, 'USER TYPE', 'User Type Name', '', 0, '2017-09-10 08:53:21', NULL, '2017-09-17 12:45:27', 'Active', NULL, NULL, 'user_type', 0),
('user_type', 'description', 'textarea', '', '', '', 0, 0, 0, 1, 'Description', 'Description', '', 0, '2017-09-10 08:53:21', NULL, '2017-09-12 15:01:56', 'Active', NULL, NULL, 'user_type', 0),
('user_type', 'status', 'select', '', '', 'Active,Inactive', 0, 0, 0, 2, 'Status', 'Status', '', 0, '2017-09-10 08:53:21', NULL, '2017-09-12 13:23:25', 'Active', NULL, NULL, 'user_type', 0),
('user_level', 'user_level_name', 'text', 'required', '', '', 0, 0, 0, NULL, 'USER LEVEL NAME', 'Type user level name', 'UNI', 0, '2017-09-21 04:21:00', NULL, NULL, 'Active', NULL, NULL, 'user_level', 0),
('user_level', 'description', 'text', '', '', '', 0, 0, 0, NULL, 'DESCRIPTION', 'Type description', '', 0, '2017-09-21 04:21:00', NULL, NULL, 'Active', NULL, NULL, 'user_level', 0),
('user_level', 'status', 'select', 'required', '', 'Active', 0, 0, 0, NULL, 'STATUS', 'Type status', '', 0, '2017-09-21 04:21:00', NULL, NULL, 'Active', NULL, NULL, 'user_level', 0),
('user_level', 'privilege_edit', 'checkbox', '', '', '', 0, 0, 0, NULL, 'PRIVILEGE EDIT', 'Type privilege edit', '', 0, '2017-09-21 04:21:01', NULL, NULL, 'Active', NULL, NULL, 'user_level', 0),
('user_level', 'privilege_delete', 'checkbox', '', '', '', 0, 0, 0, NULL, 'PRIVILEGE DELETE', 'Type privilege delete', '', 0, '2017-09-21 04:21:01', NULL, NULL, 'Active', NULL, NULL, 'user_level', 0),
('user_level', 'privilege_add', 'checkbox', '', '', '', 0, 0, 0, NULL, 'PRIVILEGE ADD', 'Type privilege add', '', 0, '2017-09-21 04:21:01', NULL, NULL, 'Active', NULL, NULL, 'user_level', 0),
('user_level', 'privilege_view_all', 'checkbox', '', '', '', 0, 0, 0, NULL, 'PRIVILEGE VIEW ALL', 'Type privilege view all', '', 0, '2017-09-21 04:21:01', NULL, NULL, 'Active', NULL, NULL, 'user_level', 0),
('user_level', 'all_privilege', 'checkbox', '', '', '', 0, 0, 0, NULL, 'ALL PRIVILEGE', 'Type all privilege', '', 0, '2017-09-21 04:21:01', NULL, NULL, 'Active', NULL, NULL, 'user_level', 0),
('search_panel', 'search_panel_name', 'text', 'required', '', '', 0, 0, 0, NULL, 'Search Panel Name', 'Search Panel Name', '', 0, '2017-10-08 07:09:39', NULL, NULL, 'Active', NULL, NULL, 'search_panel', 0),
('search_panel', 'search_panel_slug', 'text', 'required', '', '', 0, 0, 0, NULL, 'Search Panel Slug', 'Search Panel Slug', 'UNI', 0, '2017-10-08 07:09:39', NULL, NULL, 'Active', NULL, NULL, 'search_panel', 0),
('search_panel', 'description', 'textarea', 'required', '', '', 0, 0, 0, NULL, 'Description', 'Description', '', 0, '2017-10-08 07:09:39', NULL, NULL, 'Active', NULL, NULL, 'search_panel', 0),
('search_panel', 'status', 'select', '', '', 'Active,Inactive', 0, 0, 0, NULL, 'Status', 'Status', '', 0, '2017-10-08 07:09:39', NULL, NULL, 'Active', NULL, NULL, 'search_panel', 0),
('dropdown', 'dropdown_slug', 'var', 'required', '', '', 0, 0, 0, NULL, 'Dropdown Slug', 'Please enter Dropdown Slug', 'UNI', 0, '2017-10-15 10:35:49', NULL, NULL, 'Active', NULL, NULL, 'dropdown_manager', 0),
('dropdown', 'sqltext', 'textarea', 'required', '', '', 0, 0, 0, NULL, 'Sqltext', 'Sqltext', '', 0, '2017-10-15 10:35:49', NULL, NULL, 'Active', NULL, NULL, 'dropdown_manager', 0),
('dropdown', 'value_field', 'var', 'required', '', '', 0, 0, 0, NULL, 'Value Field', 'Value Field', '', 0, '2017-10-15 10:35:49', NULL, NULL, 'Active', NULL, NULL, 'dropdown_manager', 0),
('dropdown', 'option_field', 'var', 'required', '', '', 0, 0, 0, NULL, 'Option Field', 'Option Field', '', 0, '2017-10-15 10:35:49', NULL, NULL, 'Active', NULL, NULL, 'dropdown_manager', 0),
('dropdown', 'multiple', 'checkbox', '', '', '', 0, 0, 0, NULL, 'Multiple', 'Multiple', '', 0, '2017-10-15 10:35:49', NULL, NULL, 'Active', NULL, NULL, 'dropdown_manager', 0),
('dropdown', 'dropdown_name', 'var', 'required', '', '', 0, 0, 0, NULL, 'Dropdown Name', 'Dropdown Name', '', 0, '2017-10-15 10:35:49', NULL, NULL, 'Active', NULL, NULL, 'dropdown_manager', 0),
('dropdown', 'description', 'textarea', '', '', '', 0, 0, 0, NULL, 'Description', 'Description', '', 0, '2017-10-15 10:35:49', NULL, NULL, 'Active', NULL, NULL, 'dropdown_manager', 0),
('dropdown', 'status', 'select', '', '', 'Active', 0, 0, 0, NULL, 'Status', 'Status', '', 0, '2017-10-15 10:35:49', NULL, NULL, 'Active', NULL, NULL, 'dropdown_manager', 0),
('master_entry_table', 'master_entry_table_name', 'select', 'required', 'select table_name,table_name from information_schema.tables WHERE TABLE_SCHEMA=\"wings_uro_cola\"', '', 0, 0, 0, NULL, 'MASTER ENTRY TABLE NAME', 'Type master entry table name', 'MUL', 0, '2018-05-16 07:09:03', NULL, NULL, 'Active', NULL, NULL, 'master_entry_table', 1),
('master_entry_table', 'table_sql', 'tex', 'required', '', '', 1, 0, 0, NULL, 'TABLE SQL', 'Type table sql', '', 0, '2018-05-16 07:09:03', NULL, NULL, 'Active', NULL, NULL, 'master_entry_table', 0),
('master_entry_table', 'enable_details_view', 'checkbox', '', '', '', 1, 0, 0, NULL, 'ENABLE DETAILS VIEW ?', 'Type enable details view', '', 0, '2018-05-16 07:09:03', NULL, NULL, 'Active', NULL, NULL, 'master_entry_table', 0),
('master_entry_table', 'disable_modal', 'checkbox', '', '', '', 0, 0, 0, NULL, 'Disable Modal', 'Disable Modal', '', 0, '2018-05-16 07:09:03', NULL, NULL, 'Active', NULL, NULL, 'master_entry_table', 0),
('master_entry_table', 'template_details_view', 'text', '', '', '', 0, 0, 0, NULL, 'Details View Link', 'Link after base url', '', 0, '2018-05-16 07:09:03', NULL, NULL, 'Active', NULL, NULL, 'master_entry_table', 0),
('master_entry_table', 'details_view_sql', 'textarea', '', '', '', 1, 0, 0, NULL, 'DETAILS VIEW SQL', 'Type details view sql', '', 0, '2018-05-16 07:09:03', NULL, NULL, 'Active', NULL, NULL, 'master_entry_table', 0),
('master_entry_table', 'status', 'select', '', '', 'Active,Inactive', 1, 0, 0, NULL, 'Status', 'Status', '', 0, '2018-05-16 07:09:03', NULL, NULL, 'Active', NULL, NULL, 'master_entry_table', 1),
('master_entry_table', 'master_entry_title', 'var', 'required', '', '', 0, 0, 0, NULL, 'MASTER ENTRY TITLE', 'Use lowercase and no space', 'UNI', 0, '2018-05-16 07:09:03', NULL, NULL, 'Active', NULL, NULL, 'master_entry_table', 0),
('master_entry_table', 'disable_grid_view', 'checkbox', '', '', '', 0, 0, 0, NULL, 'DISABLE GRID VIEW ?', 'Disable Grid View', '', 0, '2018-05-16 07:09:03', NULL, NULL, 'Active', NULL, NULL, 'master_entry_table', 0),
('master_entry_table', 'disable_form_view', 'checkbox', '', '', '', 0, 0, 0, NULL, 'DISABLE FORM VIEW ?', 'Disable Form View', '', 0, '2018-05-16 07:09:03', NULL, NULL, 'Active', NULL, NULL, 'master_entry_table', 0),
('master_entry_table', 'include_search_panel', 'checkbox', '', '', '', 0, 0, 0, NULL, 'INCLUDE SEARCH PANEL ?', 'Include Search Panel', '', 0, '2018-05-16 07:09:03', NULL, NULL, 'Active', NULL, NULL, 'master_entry_table', 0),
('user', 'first_name', 'var', 'required', '', '', 0, 0, 1, NULL, 'First Name', 'First Name', '', 0, '2018-05-16 08:46:35', NULL, NULL, 'Active', NULL, NULL, 'user', 0),
('user', 'last_name', 'var', 'required', '', '', 0, 0, 0, NULL, 'Last Name', 'Last Name', '', 0, '2018-05-16 08:46:35', NULL, NULL, 'Active', NULL, NULL, 'user', 0),
('user', 'email', 'email', 'required', '', '', 0, 0, 0, NULL, 'EMAIL Address', 'Email', 'UNI', 0, '2018-05-16 08:46:35', NULL, NULL, 'Active', NULL, NULL, 'user', 0),
('user', 'contact_number', 'var', 'required', '', '', 0, 0, 0, NULL, 'Contact Number', 'Contact Number', '', 0, '2018-05-16 08:46:35', NULL, NULL, 'Active', NULL, NULL, 'user', 0),
('user', 'username', 'var', 'required', '', '', 0, 0, 0, NULL, 'Username', 'Username', 'UNI', 0, '2018-05-16 08:46:35', NULL, NULL, 'Active', NULL, NULL, 'user', 0),
('user', 'address', 'var', '', '', '', 0, 0, 0, NULL, 'Address', 'Address', '', 0, '2018-05-16 08:46:35', NULL, NULL, 'Active', NULL, NULL, 'user', 0),
('user', 'gender', 'select', 'required', '', 'Male,Female', 0, 0, 0, NULL, 'Gender', 'Gender', '', 0, '2018-05-16 08:46:35', NULL, NULL, 'Active', NULL, NULL, 'user', 0),
('user', 'religion', 'select', 'required', '', 'Muslim,Hindu,Christian,Buddhist', 0, 0, 0, NULL, 'Religion', 'Religion', '', 0, '2018-05-16 08:46:35', NULL, NULL, 'Active', NULL, NULL, 'user', 0),
('user', 'last_login_date_time', 'tim', '', '', '', 0, 0, 0, NULL, 'Last Login Date Time', 'Last Login Date Time', '', 0, '2018-05-16 08:46:35', NULL, NULL, 'Active', NULL, NULL, 'user', 0),
('user', 'default_module_id', 'select', 'required', 'SELECT module_id, module_name FROM module', '', 0, 0, 0, NULL, 'Default Module', 'Default Module', '', 0, '2018-05-16 08:46:35', NULL, NULL, 'Active', NULL, NULL, 'user', 0),
('user', 'default_url', 'var', '', '', '', 0, 0, 0, NULL, 'Default Url', 'Default Url', '', 0, '2018-05-16 08:46:35', NULL, NULL, 'Active', NULL, NULL, 'user', 0);

-- --------------------------------------------------------

--
-- Table structure for table `master_entry_table`
--

DROP TABLE IF EXISTS `master_entry_table`;
CREATE TABLE IF NOT EXISTS `master_entry_table` (
  `master_entry_table_id` int(10) NOT NULL AUTO_INCREMENT,
  `master_entry_table_name` varchar(50) NOT NULL,
  `table_sql` text NOT NULL COMMENT 'possible select query to read this table',
  `form_column` int(1) DEFAULT '1',
  `enable_details_view` tinyint(1) DEFAULT '0',
  `disable_modal` tinyint(1) DEFAULT '0',
  `template_details_view` varchar(50) DEFAULT NULL COMMENT 'the template name of the view which will pop up to show',
  `details_view_sql` text,
  `created_by` int(10) NOT NULL DEFAULT '0',
  `created` timestamp NULL DEFAULT NULL,
  `updated_by` int(10) DEFAULT NULL,
  `updated` datetime DEFAULT NULL,
  `status` enum('Active','Inactive') DEFAULT 'Active',
  `master_entry_title` varchar(50) DEFAULT NULL COMMENT 'Use lower case and no space',
  `where_clause_filter` text,
  `export_excel` tinyint(1) DEFAULT '0',
  `export_pdf` tinyint(1) DEFAULT '0',
  `export_csv` tinyint(1) DEFAULT '0',
  `enable_printing` tinyint(1) DEFAULT '0',
  `file_upload_path` varchar(250) DEFAULT NULL,
  `import_excel` tinyint(1) DEFAULT '0',
  `disable_grid_view` tinyint(1) DEFAULT '0',
  `disable_form_view` tinyint(1) DEFAULT '0',
  `include_search_panel` tinyint(1) DEFAULT '0',
  `disable_action` tinyint(1) DEFAULT '0',
  `disable_edit_icon` tinyint(1) DEFAULT '0',
  `disable_delete_icon` tinyint(1) DEFAULT '0',
  PRIMARY KEY (`master_entry_table_id`),
  UNIQUE KEY `u_master_entry_title` (`master_entry_title`),
  KEY `u_table_name` (`master_entry_table_name`) USING BTREE
) ENGINE=InnoDB AUTO_INCREMENT=8 DEFAULT CHARSET=utf8;

--
-- Dumping data for table `master_entry_table`
--

INSERT INTO `master_entry_table` (`master_entry_table_id`, `master_entry_table_name`, `table_sql`, `form_column`, `enable_details_view`, `disable_modal`, `template_details_view`, `details_view_sql`, `created_by`, `created`, `updated_by`, `updated`, `status`, `master_entry_title`, `where_clause_filter`, `export_excel`, `export_pdf`, `export_csv`, `enable_printing`, `file_upload_path`, `import_excel`, `disable_grid_view`, `disable_form_view`, `include_search_panel`, `disable_action`, `disable_edit_icon`, `disable_delete_icon`) VALUES
(1, 'master_entry_table', 'SELECT master_entry_table_id,master_entry_table_name,table_sql, template_details_view, enable_details_view,disable_modal,master_entry_title,export_pdf,export_csv,export_excel,enable_printing,disable_grid_view,disable_form_view,include_search_panel FROM master_entry_table', 1, 0, 0, '', '', 0, '2014-12-07 09:13:30', 1, '2017-10-16 12:34:14', 'Active', 'master_entry_table', '', 0, 1, 0, 0, '', 0, 0, 0, 1, 0, 0, 0),
(2, 'user_level', 'SELECT user_level.*\r\nFROM user_level WHERE user_level.user_level_id NOT IN (1,12)', 1, 0, 0, '', '', 0, '2014-12-07 09:13:30', 1, '2017-09-10 17:38:24', 'Active', 'user_level', '', 0, 0, 0, 0, '', 0, 0, 0, 0, 0, 0, 0),
(3, 'user_type', 'SELECT user_type.* FROM user_type', 1, 0, 0, '', '', 0, '2014-12-07 09:13:30', 1, '2017-04-09 20:11:53', 'Active', 'user_type', '', 0, 0, 0, 0, '', 0, 0, 0, 0, 0, 0, 0),
(4, 'module', 'SELECT module.module_id, \n	module.module_name, \n	module.module_icon, \n	module.description, \n	module.home_url, \n	module.`status`\nFROM module', 1, 0, 0, '', '', 1, '2014-12-07 09:13:30', NULL, '2017-09-21 11:35:34', 'Active', 'module', '', 0, 0, 0, 0, '', 0, 0, 0, 0, 0, 0, 0),
(5, 'dropdown', 'SELECT * FROM dropdown', 1, 1, 0, 'dropdown_manager/dropdown/dropdown_sample', '', 1, '2017-09-20 12:53:49', 1, '2017-10-07 13:46:11', 'Active', 'dropdown_manager', NULL, 0, 0, 0, 0, NULL, 0, 0, 0, 0, 0, 0, 0),
(6, 'search_panel', 'SELECT * FROM search_panel', 1, 1, 1, 'grid_manager/griding/search_panel_view', '', 1, '2017-10-08 06:32:30', 1, '2017-10-09 18:54:50', 'Active', 'search_panel', NULL, 0, 0, 0, 0, NULL, 0, 0, 0, 1, 0, 0, 0),
(7, 'user', 'SELECT\r\n`user`.*,\r\nmodule.module_name as default_module_name\r\nFROM\r\n`user`\r\nINNER JOIN module ON `user`.default_module_id = module.module_id WHERE user_id <> 1', 1, 1, 0, '', '', 1, '2017-10-15 09:05:39', 1, '2017-10-17 17:58:04', 'Active', 'user', NULL, 0, 0, 0, 0, NULL, 0, 0, 0, 1, 0, 0, 0);

-- --------------------------------------------------------

--
-- Table structure for table `menus`
--

DROP TABLE IF EXISTS `menus`;
CREATE TABLE IF NOT EXISTS `menus` (
  `id` int(10) UNSIGNED NOT NULL AUTO_INCREMENT,
  `name` varchar(100) COLLATE utf8mb4_unicode_ci NOT NULL,
  `menus_description` text COLLATE utf8mb4_unicode_ci,
  `menus_type` varchar(100) COLLATE utf8mb4_unicode_ci NOT NULL,
  `parent_menus_id` int(11) NOT NULL,
  `modules_id` int(11) NOT NULL,
  `icon_class` varchar(100) COLLATE utf8mb4_unicode_ci DEFAULT NULL,
  `menu_url` varchar(100) COLLATE utf8mb4_unicode_ci DEFAULT NULL COMMENT 'value after the base url only',
  `sort_number` int(11) NOT NULL,
  `created_by` int(11) NOT NULL DEFAULT '0',
  `updated_by` int(11) NOT NULL DEFAULT '0',
  `created_at` timestamp NULL DEFAULT NULL,
  `updated_at` timestamp NULL DEFAULT NULL,
  `is_active` tinyint(1) NOT NULL DEFAULT '1',
  PRIMARY KEY (`id`)
) ENGINE=InnoDB AUTO_INCREMENT=37 DEFAULT CHARSET=utf8mb4 COLLATE=utf8mb4_unicode_ci;

--
-- Dumping data for table `menus`
--

INSERT INTO `menus` (`id`, `name`, `menus_description`, `menus_type`, `parent_menus_id`, `modules_id`, `icon_class`, `menu_url`, `sort_number`, `created_by`, `updated_by`, `created_at`, `updated_at`, `is_active`) VALUES
(2, 'Nationally', 'All National', 'Main', 0, 1, 'fa fa-address-card', '#', 1, 1, 0, NULL, NULL, 1),
(3, 'Zone', '#', 'Sub', 2, 1, 'fa fa-list', 'zones', 1, 1, 0, NULL, NULL, 1),
(4, 'Region', '#', 'Sub', 2, 1, 'fa fa-list', 'regions', 2, 1, 0, NULL, NULL, 1),
(5, 'Territories', '#', 'Sub', 2, 1, 'fa fa-list', 'territories', 2, 1, 0, NULL, NULL, 1),
(6, 'Distributor', '#', 'Sub', 2, 1, 'fa fa-list', 'distribution_houses', 2, 1, 0, NULL, NULL, 1),
(7, 'Product Info', 'All product info here', 'Main', 0, 1, 'fa fa-product-hunt', '#', 1, 1, 0, NULL, NULL, 1),
(8, 'Category', '#', 'Sub', 7, 1, 'fa fa-list', 'categories', 1, 1, 0, NULL, NULL, 1),
(9, 'Product Type', '#', 'Sub', 7, 1, 'fa fa-list', 'product_types', 1, 1, 0, NULL, NULL, 0),
(10, 'Product', '#', 'Sub', 7, 1, 'fa fa-list', 'products', 1, 1, 0, NULL, NULL, 1),
(11, 'SKU', '#', 'Sub', 7, 1, 'fa fa-list', 'skues', 1, 1, 0, NULL, NULL, 1),
(12, 'Brand', '#', 'Sub', 7, 1, 'fa fa-list', 'brands', 1, 1, 0, NULL, NULL, 1),
(13, 'SMS', 'All SMS Menu Here', 'Main', 0, 1, 'fa fa-comment', '#', 1, 1, 0, NULL, NULL, 1),
(14, 'SMS Inbox', '#', 'Sub', 13, 1, 'fa fa-list', 'sms_inboxes', 1, 1, 0, NULL, NULL, 1),
(15, 'Settings', '#', 'Main', 0, 1, 'fa fa-cog', '#', 1, 1, 0, NULL, NULL, 1),
(16, 'Ordering Brand&Skue', '#', 'Sub', 15, 1, 'fa fa-list-ol', 'settings/brand_skue', 1, 1, 0, NULL, NULL, 1),
(17, 'Promotion', '#', 'Sub', 15, 1, 'fa fa-plus-square', 'promotions', 1, 1, 0, NULL, NULL, 1),
(18, 'Promotion List', '#', 'Sub', 15, 1, 'fa fa-list', 'promotionsList', 2, 1, 0, NULL, NULL, 1),
(19, 'Target Set', '#', 'Sub', 15, 1, 'fa fa-sliders', 'targetSet/zones', 3, 1, 0, NULL, NULL, 1),
(20, 'Users', 'All USER Related Menu', 'Main', 0, 1, 'fa fa-user', '#', 4, 1, 0, NULL, NULL, 1),
(21, 'User List', '#', 'Sub', 20, 1, 'fa fa-list', 'users', 1, 1, 0, NULL, NULL, 1),
(22, 'Orders', 'All Reports Menu', 'Main', 0, 1, 'fa fa-list', '#', 5, 1, 0, NULL, NULL, 1),
(23, 'Primary', '#', 'Sub', 22, 1, 'fa fa-list', 'order-list/primary', 1, 1, 0, NULL, NULL, 1),
(24, 'Target Set r', '#', 'Sub', 15, 1, 'fa fa-sliders', 'targetSet/regions', 3, 1, 0, '2018-06-25 07:28:42', '2018-06-25 07:28:46', 1),
(25, 'Target Set t', '#', 'Sub', 15, 1, 'fa fa-sliders', 'targetSet/territories', 4, 1, 0, '2018-06-25 07:28:42', '2018-06-25 07:28:46', 1),
(26, 'Target Set a', '#', 'Sub', 15, 1, 'fa fa-sliders', 'targetSet/area', 5, 1, 0, NULL, NULL, 1),
(27, 'Secondary', '#', 'Sub', 22, 1, 'fa fa-sliders', 'order-list/secondary', 2, 1, 0, NULL, NULL, 1),
(28, 'Sales', 'All sales related menu', 'Main', 0, 1, 'fa fa-sellsy', '#', 6, 1, 0, NULL, NULL, 1),
(29, 'Primary Sales', '#', 'Sub', 28, 1, 'fa fa-list', 'order-list/primary', 1, 1, 0, NULL, NULL, 1),
(30, 'Secondary Sale', '#', 'Sub', 28, 1, 'fa fa-list', 'order-list/secondary', 2, 1, 0, NULL, NULL, 1),
(31, 'Promotional Sales', '#', 'Sub', 28, 1, 'fa fa-list', '#', 3, 1, 0, NULL, NULL, 1),
(32, 'Order vs Sales', 'All menu here', 'Main', 0, 1, 'fa fa-angle-double-right', '#', 7, 1, 0, NULL, NULL, 1),
(33, 'Primary Sale', '#', 'Sub', 32, 1, 'fa fa-list', 'order-vs-sale-primary', 1, 1, 0, NULL, NULL, 1),
(34, 'Secondary Sale', '#', 'Sub', 32, 1, 'fa fa-list', 'order-vs-sale-secondary', 2, 1, 0, NULL, NULL, 1),
(35, 'Stocks', NULL, 'Main', 0, 1, 'fa fa-list', '#', 7, 1, 0, NULL, NULL, 1),
(36, 'Current Stock', NULL, 'Sub', 35, 1, 'fa fa-list', 'current-stock', 1, 1, 0, NULL, NULL, 1);

-- --------------------------------------------------------

--
-- Table structure for table `migrations`
--

DROP TABLE IF EXISTS `migrations`;
CREATE TABLE IF NOT EXISTS `migrations` (
  `id` int(10) UNSIGNED NOT NULL AUTO_INCREMENT,
  `migration` varchar(255) COLLATE utf8mb4_unicode_ci NOT NULL,
  `batch` int(11) NOT NULL,
  PRIMARY KEY (`id`)
) ENGINE=InnoDB AUTO_INCREMENT=33 DEFAULT CHARSET=utf8mb4 COLLATE=utf8mb4_unicode_ci;

--
-- Dumping data for table `migrations`
--

INSERT INTO `migrations` (`id`, `migration`, `batch`) VALUES
(1, '2014_10_12_000000_create_users_table', 1),
(2, '2014_10_12_100000_create_password_resets_table', 1),
(3, '2018_05_13_085233_create_product_brands_table', 2),
(4, '2018_05_13_101626_create_product_categories_table', 3),
(5, '2018_05_13_104138_alter_product_brands_table_1', 4),
(6, '2018_05_13_110008_alter_product_categories_table_1', 5),
(7, '2018_05_13_113810_create_products_table', 6),
(8, '2018_05_13_115234_alter_products_table_1', 7),
(9, '2018_05_13_115545_alter_products_table_2', 8),
(10, '2018_05_13_120250_create_countries_table', 9),
(11, '2018_05_13_120339_alter_countries_table_1', 10),
(12, '2018_05_13_120454_create_divisions_table', 11),
(13, '2018_05_13_120828_create_districts_table', 12),
(14, '2018_05_13_120937_alter_districts_table_1', 13),
(15, '2018_05_13_121148_create_upazilas_table', 14),
(16, '2018_05_13_121326_create_unions_table', 15),
(17, '2018_05_06_110955_create_user_levels_table', 16),
(18, '2018_05_06_115449_create_privilege_levels_table', 16),
(19, '2018_05_06_120343_create_privilege_menus_table', 16),
(20, '2018_05_06_120810_create_privilege_modules_table', 16),
(21, '2018_05_07_062039_create_module_table', 16),
(22, '2018_05_07_073353_create_menus_table', 16),
(23, '2018_05_07_100639_create_user_settings_table', 16),
(24, '2018_05_14_052659_alter_products_table_3', 17),
(25, '2018_05_14_053227_alter_products_table_4', 18),
(26, '2018_05_14_092034_rename_user_levels_id_to_user_levels', 19),
(27, '2018_05_22_094815_create_posts_table', 19),
(28, '2018_05_26_083641_create_abcs_table', 20),
(29, '2018_05_26_083034_create_zones_table', 21),
(30, '2018_05_26_084100_alter_zones_table_1', 22),
(31, '2018_05_26_090458_alter_zones_table_1', 23),
(32, '2018_05_28_032246_create_file_uploads_table', 24);

-- --------------------------------------------------------

--
-- Table structure for table `module`
--

DROP TABLE IF EXISTS `module`;
CREATE TABLE IF NOT EXISTS `module` (
  `module_id` int(10) NOT NULL AUTO_INCREMENT,
  `module_name` varchar(50) NOT NULL,
  `module_icon` varchar(100) DEFAULT NULL,
  `description` text,
  `home_url` varchar(100) DEFAULT NULL,
  `created_by` int(10) NOT NULL,
  `created` timestamp NULL DEFAULT CURRENT_TIMESTAMP,
  `updated_by` int(10) DEFAULT NULL,
  `updated` datetime DEFAULT NULL,
  `status` enum('Active','Inactive') NOT NULL DEFAULT 'Active',
  PRIMARY KEY (`module_id`),
  UNIQUE KEY `module_name` (`module_name`) USING HASH
) ENGINE=InnoDB AUTO_INCREMENT=3 DEFAULT CHARSET=utf8;

--
-- Dumping data for table `module`
--

INSERT INTO `module` (`module_id`, `module_name`, `module_icon`, `description`, `home_url`, `created_by`, `created`, `updated_by`, `updated`, `status`) VALUES
(1, 'App Config', 'fa fa-cogs', 'All kind of master entry settings for any module', '', 1, '2014-09-24 11:41:28', 1, '2017-08-30 02:11:50', 'Active'),
(2, 'Admin', 'fa fa-shield', 'A great way to develop CMS easily.', '', 1, '2014-09-24 11:41:26', 1, '2017-08-30 02:11:15', 'Active');

-- --------------------------------------------------------

--
-- Table structure for table `modules`
--

DROP TABLE IF EXISTS `modules`;
CREATE TABLE IF NOT EXISTS `modules` (
  `id` int(10) UNSIGNED NOT NULL AUTO_INCREMENT,
  `name` varchar(100) COLLATE utf8mb4_unicode_ci NOT NULL,
  `modules_icon` varchar(100) COLLATE utf8mb4_unicode_ci NOT NULL,
  `description` text COLLATE utf8mb4_unicode_ci,
  `home_url` varchar(100) COLLATE utf8mb4_unicode_ci NOT NULL COMMENT 'value only after base url. Should not use the full URL',
  `created_by` int(11) NOT NULL DEFAULT '0',
  `updated_by` int(11) NOT NULL DEFAULT '0',
  `created_at` timestamp NULL DEFAULT NULL,
  `updated_at` timestamp NULL DEFAULT NULL,
  `is_active` tinyint(1) NOT NULL DEFAULT '1',
  PRIMARY KEY (`id`)
) ENGINE=InnoDB AUTO_INCREMENT=2 DEFAULT CHARSET=utf8mb4 COLLATE=utf8mb4_unicode_ci;

--
-- Dumping data for table `modules`
--

INSERT INTO `modules` (`id`, `name`, `modules_icon`, `description`, `home_url`, `created_by`, `updated_by`, `created_at`, `updated_at`, `is_active`) VALUES
(1, 'Admin', 'fff', 'na', '/', 0, 0, NULL, NULL, 1);

-- --------------------------------------------------------

--
-- Table structure for table `occupations`
--

DROP TABLE IF EXISTS `occupations`;
CREATE TABLE IF NOT EXISTS `occupations` (
  `id` int(10) UNSIGNED NOT NULL AUTO_INCREMENT,
  `name` varchar(100) COLLATE utf8mb4_unicode_ci NOT NULL,
  `created_at` timestamp NULL DEFAULT NULL,
  `updated_at` timestamp NULL DEFAULT NULL,
  `created_by` int(10) NOT NULL,
  `updated_by` int(10) DEFAULT NULL,
  `details` text COLLATE utf8mb4_unicode_ci COMMENT 'Sometime we need to describe the value of this master data',
  `is_active` tinyint(1) NOT NULL DEFAULT '1',
  PRIMARY KEY (`id`)
) ENGINE=InnoDB DEFAULT CHARSET=utf8mb4 COLLATE=utf8mb4_unicode_ci;

-- --------------------------------------------------------

--
-- Table structure for table `orders`
--

DROP TABLE IF EXISTS `orders`;
CREATE TABLE IF NOT EXISTS `orders` (
  `id` int(11) NOT NULL AUTO_INCREMENT,
  `aso_id` int(11) DEFAULT '0',
  `asm_rsm_id` int(11) DEFAULT '0',
  `dbid` int(11) DEFAULT '0',
  `order_date` date DEFAULT NULL,
  `requester_name` varchar(255) COLLATE utf8_bin DEFAULT NULL,
  `requester_phone` varchar(255) COLLATE utf8_bin DEFAULT NULL,
  `dh_name` varchar(255) COLLATE utf8_bin DEFAULT NULL,
  `dh_phone` varchar(255) COLLATE utf8_bin DEFAULT NULL,
  `tso_name` varchar(255) COLLATE utf8_bin DEFAULT NULL,
  `tso_phone` varchar(255) COLLATE utf8_bin DEFAULT NULL,
  `route_name` varchar(255) COLLATE utf8_bin DEFAULT NULL,
  `total_outlet` int(11) DEFAULT NULL,
  `visited_outlet` int(11) DEFAULT '0',
  `order_type` enum('Primary','Secondary','Promotion','') COLLATE utf8_bin DEFAULT NULL,
  `total_no_of_memo` int(11) DEFAULT NULL,
  `order_total` int(11) NOT NULL,
  `order_da` decimal(10,2) DEFAULT '0.00',
  `order_amount` decimal(10,2) DEFAULT '0.00',
  `current_balance` decimal(10,2) DEFAULT '0.00',
  `created_by` int(11) NOT NULL,
  `created_at` datetime DEFAULT CURRENT_TIMESTAMP,
  `updated_at` datetime DEFAULT CURRENT_TIMESTAMP ON UPDATE CURRENT_TIMESTAMP,
  `rfu1` varchar(255) COLLATE utf8_bin DEFAULT NULL,
  `rfu2` varchar(255) COLLATE utf8_bin DEFAULT NULL,
  `order_status` enum('Pending','Processed','Rejected','Edited') COLLATE utf8_bin DEFAULT 'Pending',
  PRIMARY KEY (`id`)
) ENGINE=InnoDB AUTO_INCREMENT=11 DEFAULT CHARSET=utf8 COLLATE=utf8_bin;

--
-- Dumping data for table `orders`
--

INSERT INTO `orders` (`id`, `aso_id`, `asm_rsm_id`, `dbid`, `order_date`, `requester_name`, `requester_phone`, `dh_name`, `dh_phone`, `tso_name`, `tso_phone`, `route_name`, `total_outlet`, `visited_outlet`, `order_type`, `total_no_of_memo`, `order_total`, `order_da`, `order_amount`, `current_balance`, `created_by`, `created_at`, `updated_at`, `rfu1`, `rfu2`, `order_status`) VALUES
(1, 9, 0, 0, '2018-02-17', 'test', 'testss', 'adsadsad', '019251555', 'asdasd', 'asdsadsd', 'banani', 10, 8, 'Secondary', 8, 1, '0.00', '0.00', '0.00', 1, '2018-06-11 09:02:45', '2018-07-03 14:36:06', NULL, NULL, 'Edited'),
(2, 0, 11, 121, '2018-02-17', 'test', 'testss', 'adsadsad', '019251555', NULL, NULL, NULL, NULL, 0, 'Primary', NULL, 16, '0.00', '0.00', '0.00', 1, '2018-06-11 09:03:48', '2018-07-03 17:58:53', NULL, NULL, 'Pending'),
(3, 10, 0, 0, '2018-02-17', 'test', 'testss', 'adsadsad', '019251555', 'asdasd', 'asdsadsd', 'banani', 10, 8, 'Secondary', 33, 1, '0.00', '0.00', '0.00', 1, '2018-06-11 09:23:46', '2018-07-03 13:59:37', NULL, NULL, 'Processed'),
(5, 11, 0, 0, '2018-02-17', 'test', 'testss', 'adsadsad', '019251555', 'asdasd', 'asdsadsd', 'banani', 10, 8, 'Secondary', 33, 1, '0.00', '0.00', '0.00', 1, '2018-06-23 06:14:57', '2018-07-03 13:59:32', NULL, NULL, 'Processed'),
(7, 13, 12, 0, '2018-02-17', 'test', 'testss', 'adsadsad', '019251555', 'asdasd', 'asdsadsd', 'banani', 10, 8, 'Secondary', 33, 1, '0.00', '0.00', '0.00', 1, '2018-06-23 00:00:00', '2018-07-03 13:59:28', NULL, NULL, 'Processed'),
(8, 12, 0, 0, '2018-02-17', 'test', 'testss', 'adsadsad', 'asdsd', 'asdasd', 'asdsadsd', 'banani', 10, 8, 'Secondary', 33, 1, '0.00', '0.00', '0.00', 1, '2018-07-02 05:20:17', '2018-07-03 13:59:24', NULL, NULL, 'Processed'),
(9, 0, 11, 121, '2018-02-17', 'test', 'testss', NULL, NULL, NULL, NULL, NULL, NULL, 0, 'Primary', NULL, 16, '0.00', '0.00', '0.00', 1, '2018-07-02 05:20:32', '2018-07-03 17:08:41', NULL, NULL, 'Processed'),
(10, 11, 0, 0, '2018-02-18', 'test', 'testss', 'adsadsad', 'asdsd', 'asdasd', 'asdsadsd', 'banani', 10, 8, 'Secondary', 33, 1, '0.00', '0.00', '0.00', 1, '2018-07-02 05:20:50', '2018-07-03 13:59:16', NULL, NULL, 'Processed');

-- --------------------------------------------------------

--
-- Table structure for table `order_details`
--

DROP TABLE IF EXISTS `order_details`;
CREATE TABLE IF NOT EXISTS `order_details` (
  `id` int(11) NOT NULL AUTO_INCREMENT,
  `orders_id` int(11) NOT NULL,
  `short_name` varchar(255) COLLATE utf8_bin NOT NULL,
  `quantity` decimal(6,2) NOT NULL,
  `price` decimal(11,2) DEFAULT NULL,
  `created_by` int(11) NOT NULL,
  `created_at` datetime DEFAULT CURRENT_TIMESTAMP,
  `updated_at` datetime DEFAULT CURRENT_TIMESTAMP ON UPDATE CURRENT_TIMESTAMP,
  `rfu2` varchar(255) COLLATE utf8_bin DEFAULT NULL,
  PRIMARY KEY (`id`),
  KEY `order_details_fk0` (`orders_id`)
) ENGINE=InnoDB AUTO_INCREMENT=321 DEFAULT CHARSET=utf8 COLLATE=utf8_bin;

--
-- Dumping data for table `order_details`
--

INSERT INTO `order_details` (`id`, `orders_id`, `short_name`, `quantity`, `price`, `created_by`, `created_at`, `updated_at`, `rfu2`) VALUES
(1, 1, 'tp', '0.00', NULL, 1, '2018-06-11 15:02:45', '2018-06-11 15:02:45', NULL),
(2, 1, 'tc', '10.00', NULL, 1, '2018-06-11 15:02:45', '2018-07-03 14:36:06', NULL),
(3, 1, 'bhp', '0.00', NULL, 1, '2018-06-11 15:02:45', '2018-06-11 15:02:45', NULL),
(4, 1, 'bhc', '0.00', NULL, 1, '2018-06-11 15:02:45', '2018-06-11 15:02:45', NULL),
(5, 1, 'fp', '0.00', NULL, 1, '2018-06-11 15:02:45', '2018-06-11 15:02:45', NULL),
(6, 1, 'fc', '0.00', NULL, 1, '2018-06-11 15:02:45', '2018-06-11 15:02:45', NULL),
(7, 1, 'f(h)', '0.00', NULL, 1, '2018-06-11 15:02:45', '2018-06-11 15:02:45', NULL),
(8, 1, 'f(1)', '0.00', NULL, 1, '2018-06-11 15:02:45', '2018-06-11 15:02:45', NULL),
(9, 1, 'f(2)', '0.00', NULL, 1, '2018-06-11 15:02:45', '2018-06-11 15:02:45', NULL),
(10, 1, 'ucp', '0.00', NULL, 1, '2018-06-11 15:02:45', '2018-06-11 15:02:45', NULL),
(11, 1, 'ucc', '0.00', NULL, 1, '2018-06-11 15:02:45', '2018-06-11 15:02:45', NULL),
(12, 1, 'uc(h)', '0.00', NULL, 1, '2018-06-11 15:02:45', '2018-06-11 15:02:45', NULL),
(13, 1, 'ulp', '0.00', NULL, 1, '2018-06-11 15:02:45', '2018-06-11 15:02:45', NULL),
(14, 1, 'ulc', '0.00', NULL, 1, '2018-06-11 15:02:45', '2018-06-11 15:02:45', NULL),
(15, 1, 'ul(h)', '0.00', NULL, 1, '2018-06-11 15:02:45', '2018-06-11 15:02:45', NULL),
(16, 1, 'uop', '0.00', NULL, 1, '2018-06-11 15:02:45', '2018-06-11 15:02:45', NULL),
(17, 1, 'uoc', '0.00', NULL, 1, '2018-06-11 15:02:45', '2018-06-11 15:02:45', NULL),
(18, 1, 'uo(h)', '0.00', NULL, 1, '2018-06-11 15:02:45', '2018-06-11 15:02:45', NULL),
(19, 1, 'uo(1)', '0.00', NULL, 1, '2018-06-11 15:02:45', '2018-06-11 15:02:45', NULL),
(20, 1, 'uz', '0.00', NULL, 1, '2018-06-11 15:02:45', '2018-06-11 15:02:45', NULL),
(21, 1, 'ornj', '0.00', NULL, 1, '2018-06-11 15:02:45', '2018-06-11 15:02:45', NULL),
(22, 1, 'lmnj', '0.00', NULL, 1, '2018-06-11 15:02:45', '2018-06-11 15:02:45', NULL),
(23, 1, 'm', '0.00', NULL, 1, '2018-06-11 15:02:45', '2018-06-11 15:02:45', NULL),
(24, 1, 'm(h)', '0.00', NULL, 1, '2018-06-11 15:02:45', '2018-06-11 15:02:45', NULL),
(25, 1, 'm(1)', '0.00', NULL, 1, '2018-06-11 15:02:45', '2018-06-11 15:02:45', NULL),
(26, 1, 'mkp', '0.00', NULL, 1, '2018-06-11 15:02:45', '2018-06-11 15:02:45', NULL),
(27, 1, 'mkt', '0.00', NULL, 1, '2018-06-11 15:02:45', '2018-06-11 15:02:45', NULL),
(28, 1, 'mk(h)', '0.00', NULL, 1, '2018-06-11 15:02:45', '2018-06-11 15:02:45', NULL),
(29, 1, 'lyp', '0.00', NULL, 1, '2018-06-11 15:02:45', '2018-06-11 15:02:45', NULL),
(30, 1, 'lyc', '0.00', NULL, 1, '2018-06-11 15:02:45', '2018-06-11 15:02:45', NULL),
(31, 1, 'a(h)', '0.00', NULL, 1, '2018-06-11 15:02:45', '2018-06-11 15:02:45', NULL),
(32, 1, 'a(1.5)', '0.00', NULL, 1, '2018-06-11 15:02:45', '2018-06-11 15:02:45', NULL),
(33, 2, 'tp', '1.00', NULL, 1, '2018-06-11 15:03:48', '2018-06-11 15:03:48', NULL),
(34, 2, 'tc', '0.00', NULL, 1, '2018-06-11 15:03:48', '2018-06-11 15:03:48', NULL),
(35, 2, 'bhp', '0.00', NULL, 1, '2018-06-11 15:03:48', '2018-06-11 15:03:48', NULL),
(36, 2, 'bhc', '0.00', NULL, 1, '2018-06-11 15:03:48', '2018-06-11 15:03:48', NULL),
(37, 2, 'fp', '0.00', NULL, 1, '2018-06-11 15:03:48', '2018-06-11 15:03:48', NULL),
(38, 2, 'fc', '0.00', NULL, 1, '2018-06-11 15:03:48', '2018-06-11 15:03:48', NULL),
(39, 2, 'f(h)', '3.00', NULL, 1, '2018-06-11 15:03:48', '2018-06-11 15:03:48', NULL),
(40, 2, 'f(1)', '0.00', NULL, 1, '2018-06-11 15:03:48', '2018-06-11 15:03:48', NULL),
(41, 2, 'f(2)', '0.00', NULL, 1, '2018-06-11 15:03:48', '2018-06-11 15:03:48', NULL),
(42, 2, 'ucp', '0.00', NULL, 1, '2018-06-11 15:03:48', '2018-06-11 15:03:48', NULL),
(43, 2, 'ucc', '12.00', NULL, 1, '2018-06-11 15:03:48', '2018-06-11 15:03:48', NULL),
(44, 2, 'uc(h)', '0.00', NULL, 1, '2018-06-11 15:03:48', '2018-06-11 15:03:48', NULL),
(45, 2, 'ulp', '0.00', NULL, 1, '2018-06-11 15:03:48', '2018-06-11 15:03:48', NULL),
(46, 2, 'ulc', '0.00', NULL, 1, '2018-06-11 15:03:48', '2018-06-11 15:03:48', NULL),
(47, 2, 'ul(h)', '0.00', NULL, 1, '2018-06-11 15:03:48', '2018-06-11 15:03:48', NULL),
(48, 2, 'uop', '0.00', NULL, 1, '2018-06-11 15:03:48', '2018-06-11 15:03:48', NULL),
(49, 2, 'uoc', '0.00', NULL, 1, '2018-06-11 15:03:48', '2018-06-11 15:03:48', NULL),
(50, 2, 'uo(h)', '0.00', NULL, 1, '2018-06-11 15:03:48', '2018-06-11 15:03:48', NULL),
(51, 2, 'uo(1)', '0.00', NULL, 1, '2018-06-11 15:03:48', '2018-06-11 15:03:48', NULL),
(52, 2, 'uz', '0.00', NULL, 1, '2018-06-11 15:03:48', '2018-06-11 15:03:48', NULL),
(53, 2, 'ornj', '0.00', NULL, 1, '2018-06-11 15:03:48', '2018-06-11 15:03:48', NULL),
(54, 2, 'lmnj', '0.00', NULL, 1, '2018-06-11 15:03:48', '2018-06-11 15:03:48', NULL),
(55, 2, 'm', '0.00', NULL, 1, '2018-06-11 15:03:48', '2018-06-11 15:03:48', NULL),
(56, 2, 'm(h)', '0.00', NULL, 1, '2018-06-11 15:03:48', '2018-06-11 15:03:48', NULL),
(57, 2, 'm(1)', '0.00', NULL, 1, '2018-06-11 15:03:48', '2018-06-11 15:03:48', NULL),
(58, 2, 'mkp', '0.00', NULL, 1, '2018-06-11 15:03:48', '2018-06-11 15:03:48', NULL),
(59, 2, 'mkt', '0.00', NULL, 1, '2018-06-11 15:03:48', '2018-06-11 15:03:48', NULL),
(60, 2, 'mk(h)', '0.00', NULL, 1, '2018-06-11 15:03:48', '2018-06-11 15:03:48', NULL),
(61, 2, 'lyp', '0.00', NULL, 1, '2018-06-11 15:03:48', '2018-06-11 15:03:48', NULL),
(62, 2, 'lyc', '0.00', NULL, 1, '2018-06-11 15:03:48', '2018-06-11 15:03:48', NULL),
(63, 2, 'a(h)', '0.00', NULL, 1, '2018-06-11 15:03:48', '2018-06-11 15:03:48', NULL),
(64, 2, 'a(1.5)', '0.00', NULL, 1, '2018-06-11 15:03:48', '2018-06-11 15:03:48', NULL),
(65, 3, 'tp', '0.00', NULL, 1, '2018-06-11 15:23:46', '2018-06-11 15:23:46', NULL),
(66, 3, 'tc', '1.00', NULL, 1, '2018-06-11 15:23:46', '2018-06-11 15:23:46', NULL),
(67, 3, 'bhp', '0.00', NULL, 1, '2018-06-11 15:23:46', '2018-06-11 15:23:46', NULL),
(68, 3, 'bhc', '0.00', NULL, 1, '2018-06-11 15:23:46', '2018-06-11 15:23:46', NULL),
(69, 3, 'fp', '0.00', NULL, 1, '2018-06-11 15:23:46', '2018-06-11 15:23:46', NULL),
(70, 3, 'fc', '0.00', NULL, 1, '2018-06-11 15:23:46', '2018-06-11 15:23:46', NULL),
(71, 3, 'f(h)', '0.00', NULL, 1, '2018-06-11 15:23:46', '2018-06-11 15:23:46', NULL),
(72, 3, 'f(1)', '0.00', NULL, 1, '2018-06-11 15:23:46', '2018-06-11 15:23:46', NULL),
(73, 3, 'f(2)', '0.00', NULL, 1, '2018-06-11 15:23:46', '2018-06-11 15:23:46', NULL),
(74, 3, 'ucp', '0.00', NULL, 1, '2018-06-11 15:23:46', '2018-06-11 15:23:46', NULL),
(75, 3, 'ucc', '0.00', NULL, 1, '2018-06-11 15:23:46', '2018-06-11 15:23:46', NULL),
(76, 3, 'uc(h)', '0.00', NULL, 1, '2018-06-11 15:23:46', '2018-06-11 15:23:46', NULL),
(77, 3, 'ulp', '0.00', NULL, 1, '2018-06-11 15:23:46', '2018-06-11 15:23:46', NULL),
(78, 3, 'ulc', '0.00', NULL, 1, '2018-06-11 15:23:46', '2018-06-11 15:23:46', NULL),
(79, 3, 'ul(h)', '0.00', NULL, 1, '2018-06-11 15:23:46', '2018-06-11 15:23:46', NULL),
(80, 3, 'uop', '0.00', NULL, 1, '2018-06-11 15:23:46', '2018-06-11 15:23:46', NULL),
(81, 3, 'uoc', '0.00', NULL, 1, '2018-06-11 15:23:46', '2018-06-11 15:23:46', NULL),
(82, 3, 'uo(h)', '0.00', NULL, 1, '2018-06-11 15:23:46', '2018-06-11 15:23:46', NULL),
(83, 3, 'uo(1)', '0.00', NULL, 1, '2018-06-11 15:23:46', '2018-06-11 15:23:46', NULL),
(84, 3, 'uz', '0.00', NULL, 1, '2018-06-11 15:23:46', '2018-06-11 15:23:46', NULL),
(85, 3, 'ornj', '0.00', NULL, 1, '2018-06-11 15:23:46', '2018-06-11 15:23:46', NULL),
(86, 3, 'lmnj', '0.00', NULL, 1, '2018-06-11 15:23:46', '2018-06-11 15:23:46', NULL),
(87, 3, 'm', '0.00', NULL, 1, '2018-06-11 15:23:46', '2018-06-11 15:23:46', NULL),
(88, 3, 'm(h)', '0.00', NULL, 1, '2018-06-11 15:23:46', '2018-06-11 15:23:46', NULL),
(89, 3, 'm(1)', '0.00', NULL, 1, '2018-06-11 15:23:46', '2018-06-11 15:23:46', NULL),
(90, 3, 'mkp', '0.00', NULL, 1, '2018-06-11 15:23:46', '2018-06-11 15:23:46', NULL),
(91, 3, 'mkt', '0.00', NULL, 1, '2018-06-11 15:23:46', '2018-06-11 15:23:46', NULL),
(92, 3, 'mk(h)', '0.00', NULL, 1, '2018-06-11 15:23:46', '2018-06-11 15:23:46', NULL),
(93, 3, 'lyp', '0.00', NULL, 1, '2018-06-11 15:23:46', '2018-06-11 15:23:46', NULL),
(94, 3, 'lyc', '0.00', NULL, 1, '2018-06-11 15:23:46', '2018-06-11 15:23:46', NULL),
(95, 3, 'a(h)', '0.00', NULL, 1, '2018-06-11 15:23:46', '2018-06-11 15:23:46', NULL),
(96, 3, 'a(1.5)', '0.00', NULL, 1, '2018-06-11 15:23:46', '2018-06-11 15:23:46', NULL),
(97, 4, 'tp', '1.00', NULL, 1, '2018-06-11 15:27:07', '2018-06-11 15:27:07', NULL),
(98, 4, 'tc', '0.00', NULL, 1, '2018-06-11 15:27:07', '2018-06-11 15:27:07', NULL),
(99, 4, 'bhp', '0.00', NULL, 1, '2018-06-11 15:27:07', '2018-06-11 15:27:07', NULL),
(100, 4, 'bhc', '0.00', NULL, 1, '2018-06-11 15:27:07', '2018-06-11 15:27:07', NULL),
(101, 4, 'fp', '0.00', NULL, 1, '2018-06-11 15:27:07', '2018-06-11 15:27:07', NULL),
(102, 4, 'fc', '0.00', NULL, 1, '2018-06-11 15:27:07', '2018-06-11 15:27:07', NULL),
(103, 4, 'f(h)', '3.00', NULL, 1, '2018-06-11 15:27:07', '2018-06-11 15:27:07', NULL),
(104, 4, 'f(1)', '0.00', NULL, 1, '2018-06-11 15:27:07', '2018-06-11 15:27:07', NULL),
(105, 4, 'f(2)', '0.00', NULL, 1, '2018-06-11 15:27:07', '2018-06-11 15:27:07', NULL),
(106, 4, 'ucp', '0.00', NULL, 1, '2018-06-11 15:27:07', '2018-06-11 15:27:07', NULL),
(107, 4, 'ucc', '12.00', NULL, 1, '2018-06-11 15:27:07', '2018-06-11 15:27:07', NULL),
(108, 4, 'uc(h)', '0.00', NULL, 1, '2018-06-11 15:27:07', '2018-06-11 15:27:07', NULL),
(109, 4, 'ulp', '0.00', NULL, 1, '2018-06-11 15:27:07', '2018-06-11 15:27:07', NULL),
(110, 4, 'ulc', '0.00', NULL, 1, '2018-06-11 15:27:07', '2018-06-11 15:27:07', NULL),
(111, 4, 'ul(h)', '0.00', NULL, 1, '2018-06-11 15:27:07', '2018-06-11 15:27:07', NULL),
(112, 4, 'uop', '0.00', NULL, 1, '2018-06-11 15:27:07', '2018-06-11 15:27:07', NULL),
(113, 4, 'uoc', '0.00', NULL, 1, '2018-06-11 15:27:07', '2018-06-11 15:27:07', NULL),
(114, 4, 'uo(h)', '0.00', NULL, 1, '2018-06-11 15:27:07', '2018-06-11 15:27:07', NULL),
(115, 4, 'uo(1)', '0.00', NULL, 1, '2018-06-11 15:27:07', '2018-06-11 15:27:07', NULL),
(116, 4, 'uz', '0.00', NULL, 1, '2018-06-11 15:27:07', '2018-06-11 15:27:07', NULL),
(117, 4, 'ornj', '0.00', NULL, 1, '2018-06-11 15:27:07', '2018-06-11 15:27:07', NULL),
(118, 4, 'lmnj', '0.00', NULL, 1, '2018-06-11 15:27:07', '2018-06-11 15:27:07', NULL),
(119, 4, 'm', '0.00', NULL, 1, '2018-06-11 15:27:07', '2018-06-11 15:27:07', NULL),
(120, 4, 'm(h)', '0.00', NULL, 1, '2018-06-11 15:27:07', '2018-06-11 15:27:07', NULL),
(121, 4, 'm(1)', '0.00', NULL, 1, '2018-06-11 15:27:07', '2018-06-11 15:27:07', NULL),
(122, 4, 'mkp', '0.00', NULL, 1, '2018-06-11 15:27:07', '2018-06-11 15:27:07', NULL),
(123, 4, 'mkt', '0.00', NULL, 1, '2018-06-11 15:27:07', '2018-06-11 15:27:07', NULL),
(124, 4, 'mk(h)', '0.00', NULL, 1, '2018-06-11 15:27:07', '2018-06-11 15:27:07', NULL),
(125, 4, 'lyp', '0.00', NULL, 1, '2018-06-11 15:27:07', '2018-06-11 15:27:07', NULL),
(126, 4, 'lyc', '0.00', NULL, 1, '2018-06-11 15:27:07', '2018-06-11 15:27:07', NULL),
(127, 4, 'a(h)', '0.00', NULL, 1, '2018-06-11 15:27:07', '2018-06-11 15:27:07', NULL),
(128, 4, 'a(1.5)', '0.00', NULL, 1, '2018-06-11 15:27:07', '2018-06-11 15:27:07', NULL),
(129, 5, 'tp', '0.00', NULL, 1, '2018-06-23 12:14:57', '2018-06-23 12:14:57', NULL),
(130, 5, 'tc', '1.00', NULL, 1, '2018-06-23 12:14:57', '2018-06-23 12:14:57', NULL),
(131, 5, 'bhp', '0.00', NULL, 1, '2018-06-23 12:14:57', '2018-06-23 12:14:57', NULL),
(132, 5, 'bhc', '0.00', NULL, 1, '2018-06-23 12:14:57', '2018-06-23 12:14:57', NULL),
(133, 5, 'fp', '0.00', NULL, 1, '2018-06-23 12:14:57', '2018-06-23 12:14:57', NULL),
(134, 5, 'fc', '0.00', NULL, 1, '2018-06-23 12:14:57', '2018-06-23 12:14:57', NULL),
(135, 5, 'f(h)', '0.00', NULL, 1, '2018-06-23 12:14:57', '2018-06-23 12:14:57', NULL),
(136, 5, 'f(1)', '0.00', NULL, 1, '2018-06-23 12:14:57', '2018-06-23 12:14:57', NULL),
(137, 5, 'f(2)', '0.00', NULL, 1, '2018-06-23 12:14:57', '2018-06-23 12:14:57', NULL),
(138, 5, 'ucp', '0.00', NULL, 1, '2018-06-23 12:14:57', '2018-06-23 12:14:57', NULL),
(139, 5, 'ucc', '0.00', NULL, 1, '2018-06-23 12:14:57', '2018-06-23 12:14:57', NULL),
(140, 5, 'uc(h)', '0.00', NULL, 1, '2018-06-23 12:14:57', '2018-06-23 12:14:57', NULL),
(141, 5, 'ulp', '0.00', NULL, 1, '2018-06-23 12:14:57', '2018-06-23 12:14:57', NULL),
(142, 5, 'ulc', '0.00', NULL, 1, '2018-06-23 12:14:57', '2018-06-23 12:14:57', NULL),
(143, 5, 'ul(h)', '0.00', NULL, 1, '2018-06-23 12:14:57', '2018-06-23 12:14:57', NULL),
(144, 5, 'uop', '0.00', NULL, 1, '2018-06-23 12:14:57', '2018-06-23 12:14:57', NULL),
(145, 5, 'uoc', '0.00', NULL, 1, '2018-06-23 12:14:57', '2018-06-23 12:14:57', NULL),
(146, 5, 'uo(h)', '0.00', NULL, 1, '2018-06-23 12:14:57', '2018-06-23 12:14:57', NULL),
(147, 5, 'uo(1)', '0.00', NULL, 1, '2018-06-23 12:14:57', '2018-06-23 12:14:57', NULL),
(148, 5, 'uz', '0.00', NULL, 1, '2018-06-23 12:14:57', '2018-06-23 12:14:57', NULL),
(149, 5, 'ornj', '0.00', NULL, 1, '2018-06-23 12:14:57', '2018-06-23 12:14:57', NULL),
(150, 5, 'lmnj', '0.00', NULL, 1, '2018-06-23 12:14:57', '2018-06-23 12:14:57', NULL),
(151, 5, 'm', '0.00', NULL, 1, '2018-06-23 12:14:57', '2018-06-23 12:14:57', NULL),
(152, 5, 'm(h)', '0.00', NULL, 1, '2018-06-23 12:14:57', '2018-06-23 12:14:57', NULL),
(153, 5, 'm(1)', '0.00', NULL, 1, '2018-06-23 12:14:57', '2018-06-23 12:14:57', NULL),
(154, 5, 'mkp', '0.00', NULL, 1, '2018-06-23 12:14:57', '2018-06-23 12:14:57', NULL),
(155, 5, 'mkt', '0.00', NULL, 1, '2018-06-23 12:14:57', '2018-06-23 12:14:57', NULL),
(156, 5, 'mk(h)', '0.00', NULL, 1, '2018-06-23 12:14:57', '2018-06-23 12:14:57', NULL),
(157, 5, 'lyp', '0.00', NULL, 1, '2018-06-23 12:14:57', '2018-06-23 12:14:57', NULL),
(158, 5, 'lyc', '0.00', NULL, 1, '2018-06-23 12:14:57', '2018-06-23 12:14:57', NULL),
(159, 5, 'a(h)', '0.00', NULL, 1, '2018-06-23 12:14:57', '2018-06-23 12:14:57', NULL),
(160, 5, 'a(1.5)', '0.00', NULL, 1, '2018-06-23 12:14:57', '2018-06-23 12:14:57', NULL),
(161, 6, 'tp', '1.00', NULL, 1, '2018-06-23 12:23:13', '2018-06-23 12:23:13', NULL),
(162, 6, 'tc', '0.00', NULL, 1, '2018-06-23 12:23:13', '2018-06-23 12:23:13', NULL),
(163, 6, 'bhp', '0.00', NULL, 1, '2018-06-23 12:23:13', '2018-06-23 12:23:13', NULL),
(164, 6, 'bhc', '0.00', NULL, 1, '2018-06-23 12:23:13', '2018-06-23 12:23:13', NULL),
(165, 6, 'fp', '0.00', NULL, 1, '2018-06-23 12:23:13', '2018-06-23 12:23:13', NULL),
(166, 6, 'fc', '0.00', NULL, 1, '2018-06-23 12:23:13', '2018-06-23 12:23:13', NULL),
(167, 6, 'f(h)', '3.00', NULL, 1, '2018-06-23 12:23:13', '2018-06-23 12:23:13', NULL),
(168, 6, 'f(1)', '0.00', NULL, 1, '2018-06-23 12:23:13', '2018-06-23 12:23:13', NULL),
(169, 6, 'f(2)', '0.00', NULL, 1, '2018-06-23 12:23:13', '2018-06-23 12:23:13', NULL),
(170, 6, 'ucp', '0.00', NULL, 1, '2018-06-23 12:23:13', '2018-06-23 12:23:13', NULL),
(171, 6, 'ucc', '12.00', NULL, 1, '2018-06-23 12:23:13', '2018-06-23 12:23:13', NULL),
(172, 6, 'uc(h)', '0.00', NULL, 1, '2018-06-23 12:23:13', '2018-06-23 12:23:13', NULL),
(173, 6, 'ulp', '0.00', NULL, 1, '2018-06-23 12:23:13', '2018-06-23 12:23:13', NULL),
(174, 6, 'ulc', '0.00', NULL, 1, '2018-06-23 12:23:13', '2018-06-23 12:23:13', NULL),
(175, 6, 'ul(h)', '0.00', NULL, 1, '2018-06-23 12:23:13', '2018-06-23 12:23:13', NULL),
(176, 6, 'uop', '0.00', NULL, 1, '2018-06-23 12:23:13', '2018-06-23 12:23:13', NULL),
(177, 6, 'uoc', '0.00', NULL, 1, '2018-06-23 12:23:13', '2018-06-23 12:23:13', NULL),
(178, 6, 'uo(h)', '0.00', NULL, 1, '2018-06-23 12:23:13', '2018-06-23 12:23:13', NULL),
(179, 6, 'uo(1)', '0.00', NULL, 1, '2018-06-23 12:23:13', '2018-06-23 12:23:13', NULL),
(180, 6, 'uz', '0.00', NULL, 1, '2018-06-23 12:23:13', '2018-06-23 12:23:13', NULL),
(181, 6, 'ornj', '0.00', NULL, 1, '2018-06-23 12:23:13', '2018-06-23 12:23:13', NULL),
(182, 6, 'lmnj', '0.00', NULL, 1, '2018-06-23 12:23:13', '2018-06-23 12:23:13', NULL),
(183, 6, 'm', '0.00', NULL, 1, '2018-06-23 12:23:13', '2018-06-23 12:23:13', NULL),
(184, 6, 'm(h)', '0.00', NULL, 1, '2018-06-23 12:23:13', '2018-06-23 12:23:13', NULL),
(185, 6, 'm(1)', '0.00', NULL, 1, '2018-06-23 12:23:13', '2018-06-23 12:23:13', NULL),
(186, 6, 'mkp', '0.00', NULL, 1, '2018-06-23 12:23:13', '2018-06-23 12:23:13', NULL),
(187, 6, 'mkt', '0.00', NULL, 1, '2018-06-23 12:23:13', '2018-06-23 12:23:13', NULL),
(188, 6, 'mk(h)', '0.00', NULL, 1, '2018-06-23 12:23:13', '2018-06-23 12:23:13', NULL),
(189, 6, 'lyp', '0.00', NULL, 1, '2018-06-23 12:23:13', '2018-06-23 12:23:13', NULL),
(190, 6, 'lyc', '0.00', NULL, 1, '2018-06-23 12:23:13', '2018-06-23 12:23:13', NULL),
(191, 6, 'a(h)', '0.00', NULL, 1, '2018-06-23 12:23:13', '2018-06-23 12:23:13', NULL),
(192, 6, 'a(1.5)', '0.00', NULL, 1, '2018-06-23 12:23:13', '2018-06-23 12:23:13', NULL),
(193, 7, 'tp', '0.00', NULL, 1, '2018-06-23 15:38:28', '2018-06-23 15:38:28', NULL),
(194, 7, 'tc', '1.00', NULL, 1, '2018-06-23 15:38:28', '2018-06-23 15:38:28', NULL),
(195, 7, 'bhp', '0.00', NULL, 1, '2018-06-23 15:38:28', '2018-06-23 15:38:28', NULL),
(196, 7, 'bhc', '0.00', NULL, 1, '2018-06-23 15:38:28', '2018-06-23 15:38:28', NULL),
(197, 7, 'fp', '0.00', NULL, 1, '2018-06-23 15:38:28', '2018-06-23 15:38:28', NULL),
(198, 7, 'fc', '0.00', NULL, 1, '2018-06-23 15:38:28', '2018-06-23 15:38:28', NULL),
(199, 7, 'f(h)', '0.00', NULL, 1, '2018-06-23 15:38:28', '2018-06-23 15:38:28', NULL),
(200, 7, 'f(1)', '0.00', NULL, 1, '2018-06-23 15:38:28', '2018-06-23 15:38:28', NULL),
(201, 7, 'f(2)', '0.00', NULL, 1, '2018-06-23 15:38:28', '2018-06-23 15:38:28', NULL),
(202, 7, 'ucp', '0.00', NULL, 1, '2018-06-23 15:38:28', '2018-06-23 15:38:28', NULL),
(203, 7, 'ucc', '0.00', NULL, 1, '2018-06-23 15:38:28', '2018-06-23 15:38:28', NULL),
(204, 7, 'uc(h)', '0.00', NULL, 1, '2018-06-23 15:38:28', '2018-06-23 15:38:28', NULL),
(205, 7, 'ulp', '0.00', NULL, 1, '2018-06-23 15:38:28', '2018-06-23 15:38:28', NULL),
(206, 7, 'ulc', '0.00', NULL, 1, '2018-06-23 15:38:28', '2018-06-23 15:38:28', NULL),
(207, 7, 'ul(h)', '0.00', NULL, 1, '2018-06-23 15:38:28', '2018-06-23 15:38:28', NULL),
(208, 7, 'uop', '0.00', NULL, 1, '2018-06-23 15:38:28', '2018-06-23 15:38:28', NULL),
(209, 7, 'uoc', '0.00', NULL, 1, '2018-06-23 15:38:28', '2018-06-23 15:38:28', NULL),
(210, 7, 'uo(h)', '0.00', NULL, 1, '2018-06-23 15:38:28', '2018-06-23 15:38:28', NULL),
(211, 7, 'uo(1)', '0.00', NULL, 1, '2018-06-23 15:38:28', '2018-06-23 15:38:28', NULL),
(212, 7, 'uz', '0.00', NULL, 1, '2018-06-23 15:38:28', '2018-06-23 15:38:28', NULL),
(213, 7, 'ornj', '0.00', NULL, 1, '2018-06-23 15:38:28', '2018-06-23 15:38:28', NULL),
(214, 7, 'lmnj', '0.00', NULL, 1, '2018-06-23 15:38:28', '2018-06-23 15:38:28', NULL),
(215, 7, 'm', '0.00', NULL, 1, '2018-06-23 15:38:28', '2018-06-23 15:38:28', NULL),
(216, 7, 'm(h)', '0.00', NULL, 1, '2018-06-23 15:38:28', '2018-06-23 15:38:28', NULL),
(217, 7, 'm(1)', '0.00', NULL, 1, '2018-06-23 15:38:28', '2018-06-23 15:38:28', NULL),
(218, 7, 'mkp', '0.00', NULL, 1, '2018-06-23 15:38:28', '2018-06-23 15:38:28', NULL),
(219, 7, 'mkt', '0.00', NULL, 1, '2018-06-23 15:38:28', '2018-06-23 15:38:28', NULL),
(220, 7, 'mk(h)', '0.00', NULL, 1, '2018-06-23 15:38:28', '2018-06-23 15:38:28', NULL),
(221, 7, 'lyp', '0.00', NULL, 1, '2018-06-23 15:38:28', '2018-06-23 15:38:28', NULL),
(222, 7, 'lyc', '0.00', NULL, 1, '2018-06-23 15:38:28', '2018-06-23 15:38:28', NULL),
(223, 7, 'a(h)', '0.00', NULL, 1, '2018-06-23 15:38:28', '2018-06-23 15:38:28', NULL),
(224, 7, 'a(1.5)', '0.00', NULL, 1, '2018-06-23 15:38:28', '2018-06-23 15:38:28', NULL),
(225, 8, 'tp', '0.00', NULL, 1, '2018-07-02 11:20:17', '2018-07-02 11:20:17', NULL),
(226, 8, 'tc', '1.00', NULL, 1, '2018-07-02 11:20:17', '2018-07-02 11:20:17', NULL),
(227, 8, 'bhp', '0.00', NULL, 1, '2018-07-02 11:20:17', '2018-07-02 11:20:17', NULL),
(228, 8, 'bhc', '0.00', NULL, 1, '2018-07-02 11:20:17', '2018-07-02 11:20:17', NULL),
(229, 8, 'fp', '0.00', NULL, 1, '2018-07-02 11:20:17', '2018-07-02 11:20:17', NULL),
(230, 8, 'fc', '0.00', NULL, 1, '2018-07-02 11:20:17', '2018-07-02 11:20:17', NULL),
(231, 8, 'f(h)', '0.00', NULL, 1, '2018-07-02 11:20:17', '2018-07-02 11:20:17', NULL),
(232, 8, 'f(1)', '0.00', NULL, 1, '2018-07-02 11:20:17', '2018-07-02 11:20:17', NULL),
(233, 8, 'f(2)', '0.00', NULL, 1, '2018-07-02 11:20:17', '2018-07-02 11:20:17', NULL),
(234, 8, 'ucp', '0.00', NULL, 1, '2018-07-02 11:20:17', '2018-07-02 11:20:17', NULL),
(235, 8, 'ucc', '0.00', NULL, 1, '2018-07-02 11:20:17', '2018-07-02 11:20:17', NULL),
(236, 8, 'uc(h)', '0.00', NULL, 1, '2018-07-02 11:20:17', '2018-07-02 11:20:17', NULL),
(237, 8, 'ulp', '0.00', NULL, 1, '2018-07-02 11:20:17', '2018-07-02 11:20:17', NULL),
(238, 8, 'ulc', '0.00', NULL, 1, '2018-07-02 11:20:17', '2018-07-02 11:20:17', NULL),
(239, 8, 'ul(h)', '0.00', NULL, 1, '2018-07-02 11:20:17', '2018-07-02 11:20:17', NULL),
(240, 8, 'uop', '0.00', NULL, 1, '2018-07-02 11:20:17', '2018-07-02 11:20:17', NULL),
(241, 8, 'uoc', '0.00', NULL, 1, '2018-07-02 11:20:17', '2018-07-02 11:20:17', NULL),
(242, 8, 'uo(h)', '0.00', NULL, 1, '2018-07-02 11:20:17', '2018-07-02 11:20:17', NULL),
(243, 8, 'uo(1)', '0.00', NULL, 1, '2018-07-02 11:20:17', '2018-07-02 11:20:17', NULL),
(244, 8, 'uz', '0.00', NULL, 1, '2018-07-02 11:20:17', '2018-07-02 11:20:17', NULL),
(245, 8, 'ornj', '0.00', NULL, 1, '2018-07-02 11:20:17', '2018-07-02 11:20:17', NULL),
(246, 8, 'lmnj', '0.00', NULL, 1, '2018-07-02 11:20:17', '2018-07-02 11:20:17', NULL),
(247, 8, 'm', '0.00', NULL, 1, '2018-07-02 11:20:17', '2018-07-02 11:20:17', NULL),
(248, 8, 'm(h)', '0.00', NULL, 1, '2018-07-02 11:20:17', '2018-07-02 11:20:17', NULL),
(249, 8, 'm(1)', '0.00', NULL, 1, '2018-07-02 11:20:17', '2018-07-02 11:20:17', NULL),
(250, 8, 'mkp', '0.00', NULL, 1, '2018-07-02 11:20:17', '2018-07-02 11:20:17', NULL),
(251, 8, 'mkt', '0.00', NULL, 1, '2018-07-02 11:20:17', '2018-07-02 11:20:17', NULL),
(252, 8, 'mk(h)', '0.00', NULL, 1, '2018-07-02 11:20:17', '2018-07-02 11:20:17', NULL),
(253, 8, 'lyp', '0.00', NULL, 1, '2018-07-02 11:20:17', '2018-07-02 11:20:17', NULL),
(254, 8, 'lyc', '0.00', NULL, 1, '2018-07-02 11:20:17', '2018-07-02 11:20:17', NULL),
(255, 8, 'a(h)', '0.00', NULL, 1, '2018-07-02 11:20:17', '2018-07-02 11:20:17', NULL),
(256, 8, 'a(1.5)', '0.00', NULL, 1, '2018-07-02 11:20:17', '2018-07-02 11:20:17', NULL),
(257, 9, 'tp', '1.00', NULL, 1, '2018-07-02 11:20:32', '2018-07-02 11:20:32', NULL),
(258, 9, 'tc', '0.00', NULL, 1, '2018-07-02 11:20:32', '2018-07-02 11:20:32', NULL),
(259, 9, 'bhp', '0.00', NULL, 1, '2018-07-02 11:20:32', '2018-07-02 11:20:32', NULL),
(260, 9, 'bhc', '0.00', NULL, 1, '2018-07-02 11:20:32', '2018-07-02 11:20:32', NULL),
(261, 9, 'fp', '0.00', NULL, 1, '2018-07-02 11:20:32', '2018-07-02 11:20:32', NULL),
(262, 9, 'fc', '0.00', NULL, 1, '2018-07-02 11:20:32', '2018-07-02 11:20:32', NULL),
(263, 9, 'f(h)', '3.00', NULL, 1, '2018-07-02 11:20:32', '2018-07-02 11:20:32', NULL),
(264, 9, 'f(1)', '0.00', NULL, 1, '2018-07-02 11:20:32', '2018-07-02 11:20:32', NULL),
(265, 9, 'f(2)', '0.00', NULL, 1, '2018-07-02 11:20:32', '2018-07-02 11:20:32', NULL),
(266, 9, 'ucp', '0.00', NULL, 1, '2018-07-02 11:20:32', '2018-07-02 11:20:32', NULL),
(267, 9, 'ucc', '12.00', NULL, 1, '2018-07-02 11:20:32', '2018-07-02 11:20:32', NULL),
(268, 9, 'uc(h)', '0.00', NULL, 1, '2018-07-02 11:20:32', '2018-07-02 11:20:32', NULL),
(269, 9, 'ulp', '0.00', NULL, 1, '2018-07-02 11:20:32', '2018-07-02 11:20:32', NULL),
(270, 9, 'ulc', '0.00', NULL, 1, '2018-07-02 11:20:32', '2018-07-02 11:20:32', NULL),
(271, 9, 'ul(h)', '0.00', NULL, 1, '2018-07-02 11:20:32', '2018-07-02 11:20:32', NULL),
(272, 9, 'uop', '0.00', NULL, 1, '2018-07-02 11:20:32', '2018-07-02 11:20:32', NULL),
(273, 9, 'uoc', '0.00', NULL, 1, '2018-07-02 11:20:32', '2018-07-02 11:20:32', NULL),
(274, 9, 'uo(h)', '0.00', NULL, 1, '2018-07-02 11:20:32', '2018-07-02 11:20:32', NULL),
(275, 9, 'uo(1)', '0.00', NULL, 1, '2018-07-02 11:20:32', '2018-07-02 11:20:32', NULL),
(276, 9, 'uz', '0.00', NULL, 1, '2018-07-02 11:20:32', '2018-07-02 11:20:32', NULL),
(277, 9, 'ornj', '0.00', NULL, 1, '2018-07-02 11:20:32', '2018-07-02 11:20:32', NULL),
(278, 9, 'lmnj', '0.00', NULL, 1, '2018-07-02 11:20:32', '2018-07-02 11:20:32', NULL),
(279, 9, 'm', '0.00', NULL, 1, '2018-07-02 11:20:32', '2018-07-02 11:20:32', NULL),
(280, 9, 'm(h)', '0.00', NULL, 1, '2018-07-02 11:20:32', '2018-07-02 11:20:32', NULL),
(281, 9, 'm(1)', '0.00', NULL, 1, '2018-07-02 11:20:32', '2018-07-02 11:20:32', NULL),
(282, 9, 'mkp', '0.00', NULL, 1, '2018-07-02 11:20:32', '2018-07-02 11:20:32', NULL),
(283, 9, 'mkt', '0.00', NULL, 1, '2018-07-02 11:20:32', '2018-07-02 11:20:32', NULL),
(284, 9, 'mk(h)', '0.00', NULL, 1, '2018-07-02 11:20:32', '2018-07-02 11:20:32', NULL),
(285, 9, 'lyp', '0.00', NULL, 1, '2018-07-02 11:20:32', '2018-07-02 11:20:32', NULL),
(286, 9, 'lyc', '0.00', NULL, 1, '2018-07-02 11:20:32', '2018-07-02 11:20:32', NULL),
(287, 9, 'a(h)', '0.00', NULL, 1, '2018-07-02 11:20:32', '2018-07-02 11:20:32', NULL),
(288, 9, 'a(1.5)', '0.00', NULL, 1, '2018-07-02 11:20:32', '2018-07-02 11:20:32', NULL),
(289, 10, 'tp', '0.00', NULL, 1, '2018-07-02 11:20:50', '2018-07-02 11:20:50', NULL),
(290, 10, 'tc', '1.00', NULL, 1, '2018-07-02 11:20:50', '2018-07-02 11:20:50', NULL),
(291, 10, 'bhp', '0.00', NULL, 1, '2018-07-02 11:20:50', '2018-07-02 11:20:50', NULL),
(292, 10, 'bhc', '0.00', NULL, 1, '2018-07-02 11:20:50', '2018-07-02 11:20:50', NULL),
(293, 10, 'fp', '0.00', NULL, 1, '2018-07-02 11:20:50', '2018-07-02 11:20:50', NULL),
(294, 10, 'fc', '0.00', NULL, 1, '2018-07-02 11:20:50', '2018-07-02 11:20:50', NULL),
(295, 10, 'f(h)', '0.00', NULL, 1, '2018-07-02 11:20:50', '2018-07-02 11:20:50', NULL),
(296, 10, 'f(1)', '0.00', NULL, 1, '2018-07-02 11:20:50', '2018-07-02 11:20:50', NULL),
(297, 10, 'f(2)', '0.00', NULL, 1, '2018-07-02 11:20:50', '2018-07-02 11:20:50', NULL),
(298, 10, 'ucp', '0.00', NULL, 1, '2018-07-02 11:20:50', '2018-07-02 11:20:50', NULL),
(299, 10, 'ucc', '0.00', NULL, 1, '2018-07-02 11:20:50', '2018-07-02 11:20:50', NULL),
(300, 10, 'uc(h)', '0.00', NULL, 1, '2018-07-02 11:20:50', '2018-07-02 11:20:50', NULL),
(301, 10, 'ulp', '0.00', NULL, 1, '2018-07-02 11:20:50', '2018-07-02 11:20:50', NULL),
(302, 10, 'ulc', '0.00', NULL, 1, '2018-07-02 11:20:50', '2018-07-02 11:20:50', NULL),
(303, 10, 'ul(h)', '0.00', NULL, 1, '2018-07-02 11:20:50', '2018-07-02 11:20:50', NULL),
(304, 10, 'uop', '0.00', NULL, 1, '2018-07-02 11:20:50', '2018-07-02 11:20:50', NULL),
(305, 10, 'uoc', '0.00', NULL, 1, '2018-07-02 11:20:50', '2018-07-02 11:20:50', NULL),
(306, 10, 'uo(h)', '0.00', NULL, 1, '2018-07-02 11:20:50', '2018-07-02 11:20:50', NULL),
(307, 10, 'uo(1)', '0.00', NULL, 1, '2018-07-02 11:20:50', '2018-07-02 11:20:50', NULL),
(308, 10, 'uz', '0.00', NULL, 1, '2018-07-02 11:20:50', '2018-07-02 11:20:50', NULL),
(309, 10, 'ornj', '0.00', NULL, 1, '2018-07-02 11:20:50', '2018-07-02 11:20:50', NULL),
(310, 10, 'lmnj', '0.00', NULL, 1, '2018-07-02 11:20:50', '2018-07-02 11:20:50', NULL),
(311, 10, 'm', '0.00', NULL, 1, '2018-07-02 11:20:50', '2018-07-02 11:20:50', NULL),
(312, 10, 'm(h)', '0.00', NULL, 1, '2018-07-02 11:20:50', '2018-07-02 11:20:50', NULL),
(313, 10, 'm(1)', '0.00', NULL, 1, '2018-07-02 11:20:50', '2018-07-02 11:20:50', NULL),
(314, 10, 'mkp', '0.00', NULL, 1, '2018-07-02 11:20:50', '2018-07-02 11:20:50', NULL),
(315, 10, 'mkt', '0.00', NULL, 1, '2018-07-02 11:20:50', '2018-07-02 11:20:50', NULL),
(316, 10, 'mk(h)', '0.00', NULL, 1, '2018-07-02 11:20:50', '2018-07-02 11:20:50', NULL),
(317, 10, 'lyp', '0.00', NULL, 1, '2018-07-02 11:20:50', '2018-07-02 11:20:50', NULL),
(318, 10, 'lyc', '0.00', NULL, 1, '2018-07-02 11:20:50', '2018-07-02 11:20:50', NULL),
(319, 10, 'a(h)', '0.00', NULL, 1, '2018-07-02 11:20:50', '2018-07-02 11:20:50', NULL),
(320, 10, 'a(1.5)', '0.00', NULL, 1, '2018-07-02 11:20:50', '2018-07-02 11:20:50', NULL);

-- --------------------------------------------------------

--
-- Table structure for table `password_resets`
--

DROP TABLE IF EXISTS `password_resets`;
CREATE TABLE IF NOT EXISTS `password_resets` (
  `email` varchar(255) NOT NULL,
  `token` varchar(255) NOT NULL,
  `created_at` timestamp NULL DEFAULT NULL,
  KEY `password_resets_email_index` (`email`)
) ENGINE=InnoDB DEFAULT CHARSET=utf8;

-- --------------------------------------------------------

--
-- Table structure for table `post1s`
--

DROP TABLE IF EXISTS `post1s`;
CREATE TABLE IF NOT EXISTS `post1s` (
  `id` bigint(20) NOT NULL AUTO_INCREMENT,
  `sms_inbox_name` varchar(100) DEFAULT NULL,
  `created_by` int(10) DEFAULT NULL,
  `created_at` timestamp NULL DEFAULT CURRENT_TIMESTAMP,
  `updated_at` timestamp NULL DEFAULT CURRENT_TIMESTAMP ON UPDATE CURRENT_TIMESTAMP,
  `updated_by` int(10) DEFAULT NULL,
  `is_active` tinyint(1) DEFAULT '1',
  PRIMARY KEY (`id`)
) ENGINE=InnoDB AUTO_INCREMENT=5 DEFAULT CHARSET=utf8;

--
-- Dumping data for table `post1s`
--

INSERT INTO `post1s` (`id`, `sms_inbox_name`, `created_by`, `created_at`, `updated_at`, `updated_by`, `is_active`) VALUES
(4, 'asdf', 1, '2018-05-28 02:39:16', '2018-05-28 02:39:16', 1, 1);

-- --------------------------------------------------------

--
-- Table structure for table `posts`
--

DROP TABLE IF EXISTS `posts`;
CREATE TABLE IF NOT EXISTS `posts` (
  `id` int(10) UNSIGNED NOT NULL AUTO_INCREMENT,
  `created_at` timestamp NULL DEFAULT NULL,
  `updated_at` timestamp NULL DEFAULT NULL,
  `name` varchar(255) COLLATE utf8mb4_unicode_ci DEFAULT NULL,
  `description` varchar(1000) COLLATE utf8mb4_unicode_ci DEFAULT NULL,
  `is_active` tinyint(1) DEFAULT NULL,
  PRIMARY KEY (`id`)
) ENGINE=InnoDB AUTO_INCREMENT=3 DEFAULT CHARSET=utf8mb4 COLLATE=utf8mb4_unicode_ci;

--
-- Dumping data for table `posts`
--

INSERT INTO `posts` (`id`, `created_at`, `updated_at`, `name`, `description`, `is_active`) VALUES
(1, '2018-05-24 04:31:51', '2018-05-24 04:31:51', 'dfs', 'sdf', 1),
(2, '2018-05-26 02:17:02', '2018-05-26 02:17:19', 'Jakir', 'sdf', 1);

-- --------------------------------------------------------

--
-- Table structure for table `privilege_level`
--

DROP TABLE IF EXISTS `privilege_level`;
CREATE TABLE IF NOT EXISTS `privilege_level` (
  `user_id` int(10) DEFAULT NULL,
  `user_level_id` int(10) DEFAULT NULL,
  UNIQUE KEY `u_entry` (`user_id`,`user_level_id`) USING BTREE
) ENGINE=InnoDB DEFAULT CHARSET=utf8;

--
-- Dumping data for table `privilege_level`
--

INSERT INTO `privilege_level` (`user_id`, `user_level_id`) VALUES
(2, 1);

-- --------------------------------------------------------

--
-- Table structure for table `privilege_levels`
--

DROP TABLE IF EXISTS `privilege_levels`;
CREATE TABLE IF NOT EXISTS `privilege_levels` (
  `users_id` int(11) DEFAULT NULL,
  `user_levels_id` int(11) DEFAULT NULL,
  `created_at` timestamp NULL DEFAULT NULL,
  `updated_at` timestamp NULL DEFAULT NULL,
  UNIQUE KEY `privilege_levels_user_id_user_level_id_unique` (`users_id`,`user_levels_id`)
) ENGINE=InnoDB DEFAULT CHARSET=utf8mb4 COLLATE=utf8mb4_unicode_ci;

--
-- Dumping data for table `privilege_levels`
--

INSERT INTO `privilege_levels` (`users_id`, `user_levels_id`, `created_at`, `updated_at`) VALUES
(1, 1, NULL, NULL);

-- --------------------------------------------------------

--
-- Table structure for table `privilege_menu`
--

DROP TABLE IF EXISTS `privilege_menu`;
CREATE TABLE IF NOT EXISTS `privilege_menu` (
  `menu_id` int(10) NOT NULL,
  `user_level_id` int(10) DEFAULT NULL,
  UNIQUE KEY `u_privilege_menu` (`menu_id`,`user_level_id`) USING BTREE
) ENGINE=InnoDB DEFAULT CHARSET=utf8;

-- --------------------------------------------------------

--
-- Table structure for table `privilege_menus`
--

DROP TABLE IF EXISTS `privilege_menus`;
CREATE TABLE IF NOT EXISTS `privilege_menus` (
  `menus_id` int(10) UNSIGNED NOT NULL AUTO_INCREMENT,
  `user_levels_id` int(11) DEFAULT NULL,
  `users_id` int(11) DEFAULT NULL,
  `created_at` timestamp NULL DEFAULT NULL,
  `updated_at` timestamp NULL DEFAULT NULL,
  PRIMARY KEY (`menus_id`),
  UNIQUE KEY `privilege_menus_menu_id_user_level_id_unique` (`menus_id`,`user_levels_id`)
) ENGINE=InnoDB AUTO_INCREMENT=37 DEFAULT CHARSET=utf8mb4 COLLATE=utf8mb4_unicode_ci;

--
-- Dumping data for table `privilege_menus`
--

INSERT INTO `privilege_menus` (`menus_id`, `user_levels_id`, `users_id`, `created_at`, `updated_at`) VALUES
(1, 1, NULL, NULL, NULL),
(2, 1, NULL, NULL, NULL),
(3, 1, NULL, NULL, NULL),
(4, 1, NULL, NULL, NULL),
(5, 1, NULL, NULL, NULL),
(6, 1, NULL, NULL, NULL),
(7, 1, NULL, NULL, NULL),
(8, 1, NULL, NULL, NULL),
(9, 1, NULL, NULL, NULL),
(10, 1, NULL, NULL, NULL),
(11, 1, NULL, NULL, NULL),
(12, 1, NULL, NULL, NULL),
(13, 1, NULL, NULL, NULL),
(14, 1, NULL, NULL, NULL),
(15, 1, NULL, NULL, NULL),
(16, 1, NULL, NULL, NULL),
(17, 1, NULL, NULL, NULL),
(18, 1, NULL, NULL, NULL),
(19, 1, NULL, NULL, NULL),
(20, 1, NULL, NULL, NULL),
(21, 1, NULL, NULL, NULL),
(22, 1, NULL, NULL, NULL),
(23, 1, NULL, NULL, NULL),
(24, 1, NULL, NULL, NULL),
(25, 1, NULL, NULL, NULL),
(26, 1, NULL, NULL, NULL),
(27, 1, NULL, NULL, NULL),
(28, 1, NULL, NULL, NULL),
(29, 1, NULL, NULL, NULL),
(30, 1, NULL, NULL, NULL),
(31, 1, NULL, NULL, NULL),
(32, 1, NULL, NULL, NULL),
(33, 1, NULL, NULL, NULL),
(34, 1, NULL, NULL, NULL),
(35, 1, NULL, NULL, NULL),
(36, 1, NULL, NULL, NULL);

-- --------------------------------------------------------

--
-- Table structure for table `privilege_module`
--

DROP TABLE IF EXISTS `privilege_module`;
CREATE TABLE IF NOT EXISTS `privilege_module` (
  `user_id` int(10) NOT NULL,
  `user_module_id` int(10) NOT NULL
) ENGINE=InnoDB DEFAULT CHARSET=utf8;

--
-- Dumping data for table `privilege_module`
--

INSERT INTO `privilege_module` (`user_id`, `user_module_id`) VALUES
(2, 2);

-- --------------------------------------------------------

--
-- Table structure for table `privilege_modules`
--

DROP TABLE IF EXISTS `privilege_modules`;
CREATE TABLE IF NOT EXISTS `privilege_modules` (
  `users_id` int(11) NOT NULL DEFAULT '0',
  `modules_id` int(11) NOT NULL,
  `created_at` timestamp NULL DEFAULT NULL,
  `updated_at` timestamp NULL DEFAULT NULL,
  `user_levels_id` int(11) DEFAULT NULL
) ENGINE=InnoDB DEFAULT CHARSET=utf8mb4 COLLATE=utf8mb4_unicode_ci;

--
-- Dumping data for table `privilege_modules`
--

INSERT INTO `privilege_modules` (`users_id`, `modules_id`, `created_at`, `updated_at`, `user_levels_id`) VALUES
(1, 1, NULL, NULL, 1);

-- --------------------------------------------------------

--
-- Table structure for table `privilege_user`
--

DROP TABLE IF EXISTS `privilege_user`;
CREATE TABLE IF NOT EXISTS `privilege_user` (
  `user_id` int(11) DEFAULT NULL,
  `priv_menu` int(11) DEFAULT NULL,
  `ex_priv_menu` int(11) DEFAULT NULL,
  KEY `u_entry` (`user_id`) USING BTREE
) ENGINE=InnoDB DEFAULT CHARSET=utf8;

-- --------------------------------------------------------

--
-- Table structure for table `products`
--

DROP TABLE IF EXISTS `products`;
CREATE TABLE IF NOT EXISTS `products` (
  `id` int(11) NOT NULL AUTO_INCREMENT,
  `product_name` varchar(255) DEFAULT NULL,
  `key_word` varchar(255) DEFAULT NULL,
  `brands_id` int(11) NOT NULL,
  `skues_id` int(11) NOT NULL,
  `price` decimal(11,2) DEFAULT NULL,
  `quantity` int(10) DEFAULT NULL,
  `description` text,
  `pack_size` varchar(50) DEFAULT NULL,
  `rfu1` varchar(255) CHARACTER SET utf8mb4 COLLATE utf8mb4_unicode_ci DEFAULT NULL,
  `rfu2` varchar(255) CHARACTER SET utf8mb4 COLLATE utf8mb4_unicode_ci DEFAULT NULL,
  `created_at` timestamp NULL DEFAULT NULL,
  `created_by` int(10) UNSIGNED DEFAULT NULL,
  `updated_by` int(10) UNSIGNED DEFAULT NULL,
  `updated_at` timestamp NULL DEFAULT NULL,
  `is_active` tinyint(1) DEFAULT '1',
  PRIMARY KEY (`id`),
  UNIQUE KEY `keyCodeUnique` (`key_word`)
) ENGINE=InnoDB AUTO_INCREMENT=32 DEFAULT CHARSET=latin1;

--
-- Dumping data for table `products`
--

INSERT INTO `products` (`id`, `product_name`, `key_word`, `brands_id`, `skues_id`, `price`, `quantity`, `description`, `pack_size`, `rfu1`, `rfu2`, `created_at`, `created_by`, `updated_by`, `updated_at`, `is_active`) VALUES
(1, NULL, '1-1', 1, 1, '0.00', 0, NULL, '1  24', NULL, NULL, NULL, NULL, NULL, NULL, 1),
(2, NULL, '1-2', 1, 2, '0.00', 0, NULL, '1  24', NULL, NULL, NULL, NULL, NULL, NULL, 1),
(3, NULL, '2-1', 2, 1, '3.00', 0, NULL, '1  24', NULL, NULL, NULL, NULL, NULL, NULL, 1),
(4, NULL, '2-2', 2, 2, '2.00', 0, NULL, '1  24', NULL, NULL, NULL, NULL, NULL, NULL, 1),
(5, NULL, '3-1', 3, 1, '0.00', 0, NULL, '1  24', NULL, NULL, NULL, NULL, NULL, NULL, 1),
(6, NULL, '3-2', 3, 2, '0.00', 0, NULL, '1  24', NULL, NULL, NULL, NULL, NULL, NULL, 1),
(7, NULL, '3-7', 3, 7, '0.00', 0, NULL, '1  24', NULL, NULL, NULL, NULL, NULL, NULL, 1),
(8, NULL, '3-8', 3, 8, '0.00', 0, NULL, '1  12', NULL, NULL, NULL, NULL, NULL, NULL, 1),
(9, NULL, '3-9', 3, 9, '0.00', 0, NULL, '1  6', NULL, NULL, NULL, NULL, NULL, NULL, 1),
(10, NULL, '4-1', 4, 1, '0.00', 0, NULL, '1  24', NULL, NULL, NULL, NULL, NULL, NULL, 1),
(11, NULL, '4-2', 4, 2, '0.00', 0, NULL, '1  24', NULL, NULL, NULL, NULL, NULL, NULL, 1),
(12, NULL, '4-7', 4, 7, '0.00', 0, NULL, '1  24', NULL, NULL, NULL, NULL, NULL, NULL, 1),
(13, NULL, '5-1', 5, 1, '0.00', 0, NULL, '1  24', NULL, NULL, NULL, NULL, NULL, NULL, 1),
(14, NULL, '5-2', 5, 2, '0.00', 0, NULL, '1  24', NULL, NULL, NULL, NULL, NULL, NULL, 1),
(15, NULL, '5-7', 5, 7, '0.00', 0, NULL, '1  24', NULL, NULL, NULL, NULL, NULL, NULL, 1),
(16, NULL, '6-1', 6, 1, '0.00', 0, NULL, '1  24', NULL, NULL, NULL, NULL, NULL, NULL, 1),
(17, NULL, '6-2', 6, 2, '0.00', 0, NULL, '1  24', NULL, NULL, NULL, NULL, NULL, NULL, 1),
(18, NULL, '6-7', 6, 7, '0.00', 0, NULL, '1  24', NULL, NULL, NULL, NULL, NULL, NULL, 1),
(19, NULL, '6-19', 6, 19, '0.00', 0, NULL, '1  12', NULL, NULL, NULL, NULL, NULL, NULL, 1),
(20, NULL, '7-1', 7, 1, '0.00', 0, NULL, '1  24', NULL, NULL, NULL, NULL, NULL, NULL, 1),
(21, NULL, '8-1', 8, 1, '0.00', 0, NULL, '1  24', NULL, NULL, NULL, NULL, NULL, NULL, 1),
(22, NULL, '9-1', 9, 1, '0.00', 0, NULL, '1  24', NULL, NULL, NULL, NULL, NULL, NULL, 1),
(23, NULL, '10-23', 10, 23, '0.00', 0, NULL, '1  24', NULL, NULL, NULL, NULL, NULL, NULL, 1),
(24, NULL, '10-7', 10, 7, '0.00', 0, NULL, '1  24', NULL, NULL, NULL, NULL, NULL, NULL, 1),
(25, NULL, '10-19', 10, 19, '0.00', 0, NULL, '1  12', NULL, NULL, NULL, NULL, NULL, NULL, 1),
(26, NULL, '11-1', 11, 1, '0.00', 0, NULL, '1  24', NULL, NULL, NULL, NULL, NULL, NULL, 1),
(27, NULL, '11-27', 11, 27, '0.00', 0, NULL, '1  36', NULL, NULL, NULL, NULL, NULL, NULL, 1),
(28, NULL, '12-28', 12, 28, '0.00', 0, NULL, '1  24', NULL, NULL, NULL, NULL, NULL, NULL, 1),
(29, NULL, '12-2', 12, 2, '0.00', 0, NULL, '1  24', NULL, NULL, NULL, NULL, NULL, NULL, 1),
(30, NULL, '13-30', 13, 30, '0.00', 0, NULL, '1  24', NULL, NULL, NULL, NULL, NULL, NULL, 1),
(31, NULL, '13-31', 13, 31, '0.00', 0, NULL, '1  9', NULL, NULL, NULL, NULL, NULL, NULL, 1);

-- --------------------------------------------------------

--
-- Table structure for table `product_brands`
--

DROP TABLE IF EXISTS `product_brands`;
CREATE TABLE IF NOT EXISTS `product_brands` (
  `id` int(10) UNSIGNED NOT NULL AUTO_INCREMENT,
  `created_at` timestamp NULL DEFAULT NULL,
  `updated_at` timestamp NULL DEFAULT NULL,
  `name` varchar(255) COLLATE utf8mb4_unicode_ci DEFAULT NULL,
  `description` varchar(1000) COLLATE utf8mb4_unicode_ci DEFAULT NULL,
  `created_by` int(10) UNSIGNED DEFAULT NULL,
  `updated_by` int(10) UNSIGNED DEFAULT NULL,
  `is_active` tinyint(1) DEFAULT NULL,
  PRIMARY KEY (`id`),
  KEY `product_brands_created_by_index` (`created_by`),
  KEY `product_brands_updated_by_index` (`updated_by`)
) ENGINE=InnoDB AUTO_INCREMENT=6 DEFAULT CHARSET=utf8mb4 COLLATE=utf8mb4_unicode_ci;

--
-- Dumping data for table `product_brands`
--

INSERT INTO `product_brands` (`id`, `created_at`, `updated_at`, `name`, `description`, `created_by`, `updated_by`, `is_active`) VALUES
(1, '2018-05-13 03:26:11', '2018-05-13 03:26:11', 'Sony Rangs', 'sdfsdfsdf', NULL, 1, 1),
(2, '2018-05-13 04:01:40', '2018-05-13 04:10:09', 'Pran RFL', 'sdfsdfs', NULL, NULL, 1),
(3, '2018-05-13 04:40:32', '2018-05-13 04:40:32', 'fsdfsdf', 'sdfsfsdf', NULL, 1, 1),
(4, '2018-05-13 05:25:00', '2018-05-13 05:25:00', 'New Brand', 'NA', NULL, NULL, 1),
(5, '2018-05-13 05:30:11', '2018-05-13 05:30:11', 'mukul', 'sdfsdfsdf', NULL, NULL, 1);

-- --------------------------------------------------------

--
-- Table structure for table `product_categories`
--

DROP TABLE IF EXISTS `product_categories`;
CREATE TABLE IF NOT EXISTS `product_categories` (
  `id` int(10) UNSIGNED NOT NULL AUTO_INCREMENT,
  `created_at` timestamp NULL DEFAULT NULL,
  `updated_at` timestamp NULL DEFAULT NULL,
  `name` varchar(255) COLLATE utf8mb4_unicode_ci DEFAULT NULL,
  `product_brands_id` int(10) UNSIGNED DEFAULT NULL,
  `description` varchar(1000) COLLATE utf8mb4_unicode_ci DEFAULT NULL,
  `created_by` int(10) UNSIGNED DEFAULT NULL,
  `updated_by` int(10) UNSIGNED DEFAULT NULL,
  `is_active` tinyint(1) DEFAULT NULL,
  PRIMARY KEY (`id`),
  KEY `product_categories_product_brands_id_index` (`product_brands_id`),
  KEY `product_categories_created_by_index` (`created_by`),
  KEY `product_categories_updated_by_index` (`updated_by`)
) ENGINE=InnoDB AUTO_INCREMENT=2 DEFAULT CHARSET=utf8mb4 COLLATE=utf8mb4_unicode_ci;

--
-- Dumping data for table `product_categories`
--

INSERT INTO `product_categories` (`id`, `created_at`, `updated_at`, `name`, `product_brands_id`, `description`, `created_by`, `updated_by`, `is_active`) VALUES
(1, '2018-05-13 04:59:14', '2018-05-13 05:01:04', 'Electronics', 1, 'dfdfdfdf', 2, 2, 1);

-- --------------------------------------------------------

--
-- Table structure for table `product_types`
--

DROP TABLE IF EXISTS `product_types`;
CREATE TABLE IF NOT EXISTS `product_types` (
  `id` int(10) NOT NULL AUTO_INCREMENT,
  `category_name` varchar(255) NOT NULL,
  `rfu1` varchar(255) CHARACTER SET utf8mb4 COLLATE utf8mb4_unicode_ci DEFAULT NULL,
  `rfu2` varchar(255) CHARACTER SET utf8mb4 COLLATE utf8mb4_unicode_ci DEFAULT NULL,
  `created_at` timestamp NULL DEFAULT NULL,
  `created_by` int(10) UNSIGNED DEFAULT NULL,
  `updated_by` int(10) UNSIGNED DEFAULT NULL,
  `updated_at` timestamp NULL DEFAULT NULL,
  `is_active` tinyint(1) DEFAULT '1',
  PRIMARY KEY (`id`)
) ENGINE=InnoDB AUTO_INCREMENT=2 DEFAULT CHARSET=latin1;

--
-- Dumping data for table `product_types`
--

INSERT INTO `product_types` (`id`, `category_name`, `rfu1`, `rfu2`, `created_at`, `created_by`, `updated_by`, `updated_at`, `is_active`) VALUES
(1, 'test', NULL, NULL, '2018-05-27 02:29:16', 1, NULL, '2018-05-27 02:29:16', 1);

-- --------------------------------------------------------

--
-- Table structure for table `promotional_package`
--

DROP TABLE IF EXISTS `promotional_package`;
CREATE TABLE IF NOT EXISTS `promotional_package` (
  `id` int(11) NOT NULL AUTO_INCREMENT,
  `package_name` varchar(50) NOT NULL DEFAULT '0',
  `package_start` datetime NOT NULL,
  `package_end` datetime NOT NULL,
  `package_details` text NOT NULL,
  `package_free_item` text NOT NULL,
  `created_by` int(11) NOT NULL DEFAULT '0',
  `created_at` datetime DEFAULT CURRENT_TIMESTAMP,
  `updated_at` datetime DEFAULT CURRENT_TIMESTAMP,
  `rfu1` varchar(50) DEFAULT NULL,
  `rfu2` varchar(50) DEFAULT NULL,
  `is_active` tinyint(1) DEFAULT '0',
  PRIMARY KEY (`id`)
) ENGINE=InnoDB AUTO_INCREMENT=5 DEFAULT CHARSET=latin1;

--
-- Dumping data for table `promotional_package`
--

INSERT INTO `promotional_package` (`id`, `package_name`, `package_start`, `package_end`, `package_details`, `package_free_item`, `created_by`, `created_at`, `updated_at`, `rfu1`, `rfu2`, `is_active`) VALUES
(3, 'test', '2018-06-05 00:00:00', '2018-06-30 00:00:00', '{\"4\":\"1\"}', '{\"4\":\"1\"}', 1, '2018-06-05 14:47:34', '2018-06-05 14:47:34', NULL, NULL, 1),
(4, 'test 2', '2018-06-01 00:00:00', '2018-06-30 00:00:00', '{\"3\":\"3\",\"8\":\"4\",\"10\":\"3\",\"24\":\"3\"}', '{\"3\":\"1\",\"4\":\"2\"}', 1, '2018-06-05 15:44:56', '2018-06-05 15:44:56', NULL, NULL, 1);

-- --------------------------------------------------------

--
-- Table structure for table `regions`
--

DROP TABLE IF EXISTS `regions`;
CREATE TABLE IF NOT EXISTS `regions` (
  `id` int(11) NOT NULL AUTO_INCREMENT,
  `region_name` varchar(255) NOT NULL,
  `ordering` int(11) DEFAULT NULL,
  `created_by` int(11) NOT NULL,
  `created_at` datetime DEFAULT CURRENT_TIMESTAMP,
  `updated_by` int(11) DEFAULT NULL,
  `updated_at` datetime DEFAULT CURRENT_TIMESTAMP ON UPDATE CURRENT_TIMESTAMP,
  `rfu1` varchar(255) DEFAULT NULL,
  `rfu2` varchar(255) DEFAULT NULL,
  PRIMARY KEY (`id`)
) ENGINE=InnoDB AUTO_INCREMENT=51 DEFAULT CHARSET=latin1;

--
-- Dumping data for table `regions`
--

INSERT INTO `regions` (`id`, `region_name`, `ordering`, `created_by`, `created_at`, `updated_by`, `updated_at`, `rfu1`, `rfu2`) VALUES
(1, 'Dinajpur', 1, 1, '2018-05-30 14:08:38', NULL, '2018-05-30 14:08:38', NULL, NULL),
(2, 'Rangpur', 2, 1, '2018-05-30 14:08:38', NULL, '2018-05-30 14:08:38', NULL, NULL),
(3, 'Gobindogonj', 3, 1, '2018-05-30 14:08:38', NULL, '2018-05-30 14:08:38', NULL, NULL),
(4, 'Bogura', 4, 1, '2018-05-30 14:08:38', NULL, '2018-05-30 14:08:38', NULL, NULL),
(5, 'Rajshahi', 5, 1, '2018-05-30 14:08:38', NULL, '2018-05-30 14:08:38', NULL, NULL),
(6, 'Naogoan ', 6, 1, '2018-05-30 14:08:38', NULL, '2018-05-30 14:08:38', NULL, NULL),
(7, 'Pabna', 7, 1, '2018-05-30 14:08:38', NULL, '2018-05-30 14:08:38', NULL, NULL),
(8, 'Sirajgonj ', 8, 1, '2018-05-30 14:08:38', NULL, '2018-05-30 14:08:38', NULL, NULL),
(9, 'Kushtia', 9, 1, '2018-05-30 14:08:38', NULL, '2018-05-30 14:08:38', NULL, NULL),
(10, 'Jhenaidah', 10, 1, '2018-05-30 14:08:38', NULL, '2018-05-30 14:08:38', NULL, NULL),
(11, 'Jessore', 11, 1, '2018-05-30 14:08:38', NULL, '2018-05-30 14:08:38', NULL, NULL),
(12, 'Khulna', 12, 1, '2018-05-30 14:08:38', NULL, '2018-05-30 14:08:38', NULL, NULL),
(13, 'Satkhira', 13, 1, '2018-05-30 14:08:38', NULL, '2018-05-30 14:08:38', NULL, NULL),
(14, 'Bagerhat', 14, 1, '2018-05-30 14:08:38', NULL, '2018-05-30 14:08:38', NULL, NULL),
(15, 'Mymensingh', 15, 1, '2018-05-30 14:08:38', NULL, '2018-05-30 14:08:38', NULL, NULL),
(16, 'Jamalpur', 16, 1, '2018-05-30 14:08:38', NULL, '2018-05-30 14:08:38', NULL, NULL),
(17, ' Kishorgonj ', 17, 1, '2018-05-30 14:08:38', NULL, '2018-05-30 14:08:38', NULL, NULL),
(18, 'Dhaka- (Tongi)', 18, 1, '2018-05-30 14:08:38', NULL, '2018-05-30 14:08:38', NULL, NULL),
(19, 'Dhaka-  (Gazipur)', 19, 1, '2018-05-30 14:08:38', NULL, '2018-05-30 14:08:38', NULL, NULL),
(20, 'Dhaka- (Narshingdi)', 20, 1, '2018-05-30 14:08:38', NULL, '2018-05-30 14:08:38', NULL, NULL),
(21, 'Dhaka- (Gulshan)', 21, 1, '2018-05-30 14:08:38', NULL, '2018-05-30 14:08:38', NULL, NULL),
(22, 'Dhaka - (Lalbag)', 22, 1, '2018-05-30 14:08:38', NULL, '2018-05-30 14:08:38', NULL, NULL),
(23, 'Dhaka -(Jatrabari)', 23, 1, '2018-05-30 14:08:38', NULL, '2018-05-30 14:08:38', NULL, NULL),
(24, 'Dhaka - (Narayangonj)', 24, 1, '2018-05-30 14:08:38', NULL, '2018-05-30 14:08:38', NULL, NULL),
(25, 'Dhaka - (Zinzira)', 25, 1, '2018-05-30 14:08:38', NULL, '2018-05-30 14:08:38', NULL, NULL),
(26, 'Dhaka Tangail', 26, 1, '2018-05-30 14:08:38', NULL, '2018-05-30 14:08:38', NULL, NULL),
(27, 'Dhaka Savar', 27, 1, '2018-05-30 14:08:38', NULL, '2018-05-30 14:08:38', NULL, NULL),
(28, 'Dhaka Mirpur', 28, 1, '2018-05-30 14:08:38', NULL, '2018-05-30 14:08:38', NULL, NULL),
(29, 'Faridpur', 29, 1, '2018-05-30 14:08:38', NULL, '2018-05-30 14:08:38', NULL, NULL),
(30, 'Madaripur', 30, 1, '2018-05-30 14:08:38', NULL, '2018-05-30 14:08:38', NULL, NULL),
(31, 'Barishal', 31, 1, '2018-05-30 14:08:38', NULL, '2018-05-30 14:08:38', NULL, NULL),
(32, 'Bhola', 32, 1, '2018-05-30 14:08:38', NULL, '2018-05-30 14:08:38', NULL, NULL),
(33, 'Patuakhali', 33, 1, '2018-05-30 14:08:38', NULL, '2018-05-30 14:08:38', NULL, NULL),
(34, 'Sylhet -1', 34, 1, '2018-05-30 14:08:38', NULL, '2018-05-30 14:08:38', NULL, NULL),
(35, 'Sylhet -2', 35, 1, '2018-05-30 14:08:38', NULL, '2018-05-30 14:08:38', NULL, NULL),
(36, 'Sylhet -3', 36, 1, '2018-05-30 14:08:38', NULL, '2018-05-30 14:08:38', NULL, NULL),
(37, 'Moulovibazar', 37, 1, '2018-05-30 14:08:38', NULL, '2018-05-30 14:08:38', NULL, NULL),
(38, 'B-Baria', 38, 1, '2018-05-30 14:08:38', NULL, '2018-05-30 14:08:38', NULL, NULL),
(39, 'Comilla-1', 39, 1, '2018-05-30 14:08:38', NULL, '2018-05-30 14:08:38', NULL, NULL),
(40, 'Comilla-2', 40, 1, '2018-05-30 14:08:38', NULL, '2018-05-30 14:08:38', NULL, NULL),
(41, 'Chandpur', 41, 1, '2018-05-30 14:08:38', NULL, '2018-05-30 14:08:38', NULL, NULL),
(42, 'Noakhali - 1', 42, 1, '2018-05-30 14:08:38', NULL, '2018-05-30 14:08:38', NULL, NULL),
(43, 'Noakhali - 2', 43, 1, '2018-05-30 14:08:38', NULL, '2018-05-30 14:08:38', NULL, NULL),
(44, 'Feni', 44, 1, '2018-05-30 14:08:38', NULL, '2018-05-30 14:08:38', NULL, NULL),
(45, 'Khagrachari', 45, 1, '2018-05-30 14:08:38', NULL, '2018-05-30 14:08:38', NULL, NULL),
(46, 'CTG-1', 46, 1, '2018-05-30 14:08:38', NULL, '2018-05-30 14:08:38', NULL, NULL),
(47, 'CTG-2', 47, 1, '2018-05-30 14:08:38', NULL, '2018-05-30 14:08:38', NULL, NULL),
(48, 'Ctg-3', 48, 1, '2018-05-30 14:08:38', NULL, '2018-05-30 14:08:38', NULL, NULL),
(49, 'Cox\'s Bazar-1', 49, 1, '2018-05-30 14:08:38', NULL, '2018-05-30 14:08:38', NULL, NULL),
(50, 'Cox\'s Bazar-2', 50, 1, '2018-05-30 14:08:38', NULL, '2018-05-30 14:08:38', NULL, NULL);

-- --------------------------------------------------------

--
-- Table structure for table `routes`
--

DROP TABLE IF EXISTS `routes`;
CREATE TABLE IF NOT EXISTS `routes` (
  `id` int(10) NOT NULL AUTO_INCREMENT,
  `distribution_houses_id` int(10) DEFAULT NULL,
  `section_id` int(10) DEFAULT NULL,
  `routes_name` varchar(255) DEFAULT NULL,
  `description` varchar(255) DEFAULT NULL,
  `so_aso_user_id` int(10) DEFAULT NULL,
  `frequency` varchar(255) DEFAULT NULL,
  `no_of_outlets` int(10) DEFAULT NULL,
  `rfu1` varchar(255) DEFAULT NULL,
  `rfu2` varchar(255) DEFAULT NULL,
  `created_by` int(10) DEFAULT NULL,
  `created_at` timestamp NULL DEFAULT CURRENT_TIMESTAMP,
  `updated_by` int(10) DEFAULT NULL,
  `updated_at` timestamp NULL DEFAULT CURRENT_TIMESTAMP ON UPDATE CURRENT_TIMESTAMP,
  `is_active` tinyint(1) DEFAULT '1',
  PRIMARY KEY (`id`)
) ENGINE=InnoDB DEFAULT CHARSET=latin1;

-- --------------------------------------------------------

--
-- Table structure for table `sales`
--

DROP TABLE IF EXISTS `sales`;
CREATE TABLE IF NOT EXISTS `sales` (
  `id` int(11) NOT NULL AUTO_INCREMENT,
  `aso_id` int(11) NOT NULL DEFAULT '0',
  `asm_rsm_id` int(11) NOT NULL DEFAULT '0',
  `order_date` date DEFAULT NULL,
  `sale_date` date NOT NULL,
  `sender_name` varchar(255) COLLATE utf8_bin DEFAULT NULL,
  `sender_phone` varchar(255) COLLATE utf8_bin DEFAULT NULL,
  `dh_name` varchar(255) COLLATE utf8_bin DEFAULT NULL,
  `dh_phone` varchar(50) COLLATE utf8_bin DEFAULT NULL,
  `tso_name` varchar(255) COLLATE utf8_bin DEFAULT NULL,
  `tso_phone` varchar(50) COLLATE utf8_bin DEFAULT NULL,
  `sale_route` varchar(255) COLLATE utf8_bin DEFAULT NULL,
  `sale_type` enum('Primary','Secondary','Promotional','') COLLATE utf8_bin NOT NULL,
  `sale_total` int(11) NOT NULL DEFAULT '0',
  `created_by` int(11) NOT NULL,
  `created_at` datetime DEFAULT CURRENT_TIMESTAMP,
  `updated_at` datetime DEFAULT CURRENT_TIMESTAMP ON UPDATE CURRENT_TIMESTAMP,
  `rfu1` varchar(255) COLLATE utf8_bin DEFAULT NULL,
  `rfu2` varchar(255) COLLATE utf8_bin DEFAULT NULL,
  PRIMARY KEY (`id`)
) ENGINE=InnoDB AUTO_INCREMENT=6 DEFAULT CHARSET=utf8 COLLATE=utf8_bin;

--
-- Dumping data for table `sales`
--

INSERT INTO `sales` (`id`, `aso_id`, `asm_rsm_id`, `order_date`, `sale_date`, `sender_name`, `sender_phone`, `dh_name`, `dh_phone`, `tso_name`, `tso_phone`, `sale_route`, `sale_type`, `sale_total`, `created_by`, `created_at`, `updated_at`, `rfu1`, `rfu2`) VALUES
(1, 0, 11, '2018-02-17', '2018-07-01', 'test', 'testss', 'adsadsad', '019251555', NULL, NULL, NULL, 'Primary', 16, 1, '2018-07-01 19:04:45', '2018-07-01 19:04:45', NULL, NULL),
(2, 0, 0, NULL, '2019-01-01', 'test', 'testss', 'adsadsad', 'asdsd', 'asdasd', 'asdsadsd', 'banani', 'Promotional', 0, 1, '2018-07-02 05:24:07', '2018-07-02 05:24:07', NULL, NULL),
(3, 0, 11, '2018-02-17', '2018-07-03', 'test', 'testss', NULL, NULL, NULL, NULL, NULL, 'Primary', 15, 1, '2018-07-03 11:47:44', '2018-07-03 11:47:44', NULL, NULL),
(4, 0, 11, '2018-02-17', '2018-07-03', 'test', 'testss', 'adsadsad', '019251555', NULL, NULL, NULL, 'Primary', 15, 1, '2018-07-03 15:34:19', '2018-07-03 15:34:19', NULL, NULL),
(5, 0, 11, '2018-02-17', '2018-07-03', 'test', 'testss', NULL, NULL, NULL, NULL, NULL, 'Primary', 16, 1, '2018-07-03 17:08:40', '2018-07-03 17:08:40', NULL, NULL);

-- --------------------------------------------------------

--
-- Table structure for table `sale_details`
--

DROP TABLE IF EXISTS `sale_details`;
CREATE TABLE IF NOT EXISTS `sale_details` (
  `id` int(11) NOT NULL AUTO_INCREMENT,
  `sales_id` int(11) NOT NULL,
  `short_name` varchar(255) COLLATE utf8_bin DEFAULT NULL,
  `quantity` decimal(6,2) NOT NULL,
  `price` decimal(11,2) DEFAULT NULL,
  `no_of_memo` int(11) NOT NULL DEFAULT '0',
  `created_by` int(11) NOT NULL,
  `created_at` datetime DEFAULT CURRENT_TIMESTAMP,
  `updated_at` datetime DEFAULT CURRENT_TIMESTAMP ON UPDATE CURRENT_TIMESTAMP,
  PRIMARY KEY (`id`),
  KEY `delivery_details_fk0` (`sales_id`)
) ENGINE=InnoDB AUTO_INCREMENT=67 DEFAULT CHARSET=utf8 COLLATE=utf8_bin;

--
-- Dumping data for table `sale_details`
--

INSERT INTO `sale_details` (`id`, `sales_id`, `short_name`, `quantity`, `price`, `no_of_memo`, `created_by`, `created_at`, `updated_at`) VALUES
(1, 1, 'tp', '1.00', NULL, 0, 1, '2018-07-01 19:04:45', '2018-07-01 19:04:45'),
(2, 1, 'f(h)', '3.00', NULL, 0, 1, '2018-07-01 19:04:45', '2018-07-01 19:04:45'),
(3, 1, 'ucc', '12.00', NULL, 0, 1, '2018-07-01 19:04:45', '2018-07-01 19:04:45'),
(4, 2, 'package1', '1.00', NULL, 0, 1, '2018-07-02 11:24:07', '2018-07-02 11:24:07'),
(5, 2, 'pakcage2', '12.00', NULL, 13, 1, '2018-07-02 11:24:07', '2018-07-02 11:24:07'),
(6, 3, 'tp', '1.00', NULL, 0, 1, '2018-07-03 11:47:44', '2018-07-03 11:47:44'),
(7, 3, 'f(h)', '2.00', NULL, 0, 1, '2018-07-03 11:47:44', '2018-07-03 11:47:44'),
(8, 3, 'ucc', '12.00', NULL, 0, 1, '2018-07-03 11:47:44', '2018-07-03 11:47:44'),
(9, 4, 'tp', '1.00', NULL, 0, 1, '2018-07-03 15:34:19', '2018-07-03 15:34:19'),
(10, 4, 'tc', '0.00', NULL, 0, 1, '2018-07-03 15:34:19', '2018-07-03 15:34:19'),
(11, 4, 'fp', '0.00', NULL, 0, 1, '2018-07-03 15:34:19', '2018-07-03 15:34:19'),
(12, 4, 'f(2)', '0.00', NULL, 0, 1, '2018-07-03 15:34:19', '2018-07-03 15:34:19'),
(13, 4, 'fc', '0.00', NULL, 0, 1, '2018-07-03 15:34:19', '2018-07-03 15:34:19'),
(14, 4, 'f(h)', '2.00', NULL, 0, 1, '2018-07-03 15:34:19', '2018-07-03 15:34:19'),
(15, 4, 'f(1)', '0.00', NULL, 0, 1, '2018-07-03 15:34:19', '2018-07-03 15:34:19'),
(16, 4, 'ucp', '0.00', NULL, 0, 1, '2018-07-03 15:34:19', '2018-07-03 15:34:19'),
(17, 4, 'ucc', '12.00', NULL, 0, 1, '2018-07-03 15:34:19', '2018-07-03 15:34:19'),
(18, 4, 'uc(h)', '0.00', NULL, 0, 1, '2018-07-03 15:34:19', '2018-07-03 15:34:19'),
(19, 4, 'ulp', '0.00', NULL, 0, 1, '2018-07-03 15:34:19', '2018-07-03 15:34:19'),
(20, 4, 'ulc', '0.00', NULL, 0, 1, '2018-07-03 15:34:19', '2018-07-03 15:34:19'),
(21, 4, 'ul(h)', '0.00', NULL, 0, 1, '2018-07-03 15:34:19', '2018-07-03 15:34:19'),
(22, 4, 'uop', '0.00', NULL, 0, 1, '2018-07-03 15:34:19', '2018-07-03 15:34:19'),
(23, 4, 'uoc', '0.00', NULL, 0, 1, '2018-07-03 15:34:19', '2018-07-03 15:34:19'),
(24, 4, 'uo(h)', '0.00', NULL, 0, 1, '2018-07-03 15:34:19', '2018-07-03 15:34:19'),
(25, 4, 'uo(1)', '0.00', NULL, 0, 1, '2018-07-03 15:34:19', '2018-07-03 15:34:19'),
(26, 4, 'uz', '0.00', NULL, 0, 1, '2018-07-03 15:34:19', '2018-07-03 15:34:19'),
(27, 4, 'ornj', '0.00', NULL, 0, 1, '2018-07-03 15:34:19', '2018-07-03 15:34:19'),
(28, 4, 'lmnj', '0.00', NULL, 0, 1, '2018-07-03 15:34:19', '2018-07-03 15:34:19'),
(29, 4, 'm', '0.00', NULL, 0, 1, '2018-07-03 15:34:19', '2018-07-03 15:34:19'),
(30, 4, 'm(h)', '0.00', NULL, 0, 1, '2018-07-03 15:34:19', '2018-07-03 15:34:19'),
(31, 4, 'm(1)', '0.00', NULL, 0, 1, '2018-07-03 15:34:19', '2018-07-03 15:34:19'),
(32, 4, 'mkp', '0.00', NULL, 0, 1, '2018-07-03 15:34:19', '2018-07-03 15:34:19'),
(33, 4, 'mkt', '0.00', NULL, 0, 1, '2018-07-03 15:34:19', '2018-07-03 15:34:19'),
(34, 4, 'lyp', '0.00', NULL, 0, 1, '2018-07-03 15:34:19', '2018-07-03 15:34:19'),
(35, 4, 'lyc', '0.00', NULL, 0, 1, '2018-07-03 15:34:19', '2018-07-03 15:34:19'),
(36, 4, 'a(h)', '0.00', NULL, 0, 1, '2018-07-03 15:34:19', '2018-07-03 15:34:19'),
(37, 4, 'a(1.5)', '0.00', NULL, 0, 1, '2018-07-03 15:34:19', '2018-07-03 15:34:19'),
(38, 5, 'tp', '1.00', NULL, 0, 1, '2018-07-03 17:08:40', '2018-07-03 17:08:40'),
(39, 5, 'tc', '0.00', NULL, 0, 1, '2018-07-03 17:08:40', '2018-07-03 17:08:40'),
(40, 5, 'fp', '0.00', NULL, 0, 1, '2018-07-03 17:08:40', '2018-07-03 17:08:40'),
(41, 5, 'f(2)', '0.00', NULL, 0, 1, '2018-07-03 17:08:40', '2018-07-03 17:08:40'),
(42, 5, 'fc', '0.00', NULL, 0, 1, '2018-07-03 17:08:40', '2018-07-03 17:08:40'),
(43, 5, 'f(h)', '3.00', NULL, 0, 1, '2018-07-03 17:08:40', '2018-07-03 17:08:40'),
(44, 5, 'f(1)', '0.00', NULL, 0, 1, '2018-07-03 17:08:40', '2018-07-03 17:08:40'),
(45, 5, 'ucp', '0.00', NULL, 0, 1, '2018-07-03 17:08:40', '2018-07-03 17:08:40'),
(46, 5, 'ucc', '12.00', NULL, 0, 1, '2018-07-03 17:08:40', '2018-07-03 17:08:40'),
(47, 5, 'uc(h)', '0.00', NULL, 0, 1, '2018-07-03 17:08:40', '2018-07-03 17:08:40'),
(48, 5, 'ulp', '0.00', NULL, 0, 1, '2018-07-03 17:08:40', '2018-07-03 17:08:40'),
(49, 5, 'ulc', '0.00', NULL, 0, 1, '2018-07-03 17:08:40', '2018-07-03 17:08:40'),
(50, 5, 'ul(h)', '0.00', NULL, 0, 1, '2018-07-03 17:08:40', '2018-07-03 17:08:40'),
(51, 5, 'uop', '0.00', NULL, 0, 1, '2018-07-03 17:08:40', '2018-07-03 17:08:40'),
(52, 5, 'uoc', '0.00', NULL, 0, 1, '2018-07-03 17:08:40', '2018-07-03 17:08:40'),
(53, 5, 'uo(h)', '0.00', NULL, 0, 1, '2018-07-03 17:08:40', '2018-07-03 17:08:40'),
(54, 5, 'uo(1)', '0.00', NULL, 0, 1, '2018-07-03 17:08:40', '2018-07-03 17:08:40'),
(55, 5, 'uz', '0.00', NULL, 0, 1, '2018-07-03 17:08:40', '2018-07-03 17:08:40'),
(56, 5, 'ornj', '0.00', NULL, 0, 1, '2018-07-03 17:08:40', '2018-07-03 17:08:40'),
(57, 5, 'lmnj', '0.00', NULL, 0, 1, '2018-07-03 17:08:40', '2018-07-03 17:08:40'),
(58, 5, 'm', '0.00', NULL, 0, 1, '2018-07-03 17:08:40', '2018-07-03 17:08:40'),
(59, 5, 'm(h)', '0.00', NULL, 0, 1, '2018-07-03 17:08:40', '2018-07-03 17:08:40'),
(60, 5, 'm(1)', '0.00', NULL, 0, 1, '2018-07-03 17:08:40', '2018-07-03 17:08:40'),
(61, 5, 'mkp', '0.00', NULL, 0, 1, '2018-07-03 17:08:40', '2018-07-03 17:08:40'),
(62, 5, 'mkt', '0.00', NULL, 0, 1, '2018-07-03 17:08:41', '2018-07-03 17:08:41'),
(63, 5, 'lyp', '0.00', NULL, 0, 1, '2018-07-03 17:08:41', '2018-07-03 17:08:41'),
(64, 5, 'lyc', '0.00', NULL, 0, 1, '2018-07-03 17:08:41', '2018-07-03 17:08:41'),
(65, 5, 'a(h)', '0.00', NULL, 0, 1, '2018-07-03 17:08:41', '2018-07-03 17:08:41'),
(66, 5, 'a(1.5)', '0.00', NULL, 0, 1, '2018-07-03 17:08:41', '2018-07-03 17:08:41');

-- --------------------------------------------------------

--
-- Table structure for table `search_panel`
--

DROP TABLE IF EXISTS `search_panel`;
CREATE TABLE IF NOT EXISTS `search_panel` (
  `search_panel_id` int(10) NOT NULL AUTO_INCREMENT,
  `search_panel_name` varchar(100) NOT NULL,
  `search_panel_slug` varchar(100) NOT NULL,
  `description` text NOT NULL,
  `created_by` int(10) DEFAULT NULL,
  `created` timestamp NOT NULL DEFAULT CURRENT_TIMESTAMP,
  `updated_by` int(10) DEFAULT NULL,
  `updated` datetime DEFAULT NULL,
  `status` enum('Active','Inactive') DEFAULT 'Active',
  PRIMARY KEY (`search_panel_id`),
  UNIQUE KEY `SearchPanel` (`search_panel_slug`) USING BTREE
) ENGINE=InnoDB AUTO_INCREMENT=3 DEFAULT CHARSET=utf8;

--
-- Dumping data for table `search_panel`
--

INSERT INTO `search_panel` (`search_panel_id`, `search_panel_name`, `search_panel_slug`, `description`, `created_by`, `created`, `updated_by`, `updated`, `status`) VALUES
(1, 'Search Panel One', 'search_panel_one', 'werwer', 1, '2017-10-08 07:10:31', 1, '2017-10-09 17:36:07', 'Active'),
(2, 'User Search Panel', 'user_search_panel', 'search panel for user grid', 1, '2017-10-17 09:25:21', NULL, NULL, 'Active');

-- --------------------------------------------------------

--
-- Table structure for table `search_panel_details`
--

DROP TABLE IF EXISTS `search_panel_details`;
CREATE TABLE IF NOT EXISTS `search_panel_details` (
  `search_panel_details_id` bigint(20) NOT NULL AUTO_INCREMENT,
  `search_panel_id` int(10) NOT NULL,
  `label_name` varchar(50) DEFAULT NULL,
  `placeholder_name` varchar(50) DEFAULT NULL,
  `input_type` enum('text','dropdown','range','dropdown_range') DEFAULT 'text',
  `input_text_type` enum('number','email','text','url') DEFAULT 'text',
  `dropdown_slug` varchar(50) DEFAULT NULL,
  `dropdown_multiselect` tinyint(1) DEFAULT '0',
  `input_name` varchar(50) DEFAULT NULL,
  `input_class` varchar(100) DEFAULT 'form-control',
  `input_id` varchar(50) DEFAULT NULL,
  `description` text NOT NULL,
  `created_by` int(10) DEFAULT NULL,
  `created` timestamp NOT NULL DEFAULT CURRENT_TIMESTAMP,
  `updated_by` int(10) DEFAULT NULL,
  `updated` datetime DEFAULT NULL,
  `status` enum('Active','Inactive') DEFAULT 'Active',
  PRIMARY KEY (`search_panel_details_id`)
) ENGINE=InnoDB AUTO_INCREMENT=9 DEFAULT CHARSET=utf8;

--
-- Dumping data for table `search_panel_details`
--

INSERT INTO `search_panel_details` (`search_panel_details_id`, `search_panel_id`, `label_name`, `placeholder_name`, `input_type`, `input_text_type`, `dropdown_slug`, `dropdown_multiselect`, `input_name`, `input_class`, `input_id`, `description`, `created_by`, `created`, `updated_by`, `updated`, `status`) VALUES
(1, 1, 'sdfsdf', 'sdfsdf', 'text', 'text', '', 0, 'Firstname', 'form-control', 'sdf', '', NULL, '2017-10-17 09:19:24', NULL, NULL, 'Active'),
(2, 1, 'err', 'rwerw', 'range', 'text', '', 0, 'werwer', 'form-control', 'werwe', '', NULL, '2017-10-17 09:19:40', NULL, NULL, 'Active'),
(3, 1, '', '', 'dropdown_range', 'text', 'user_level', 1, 'dgredgdf', 'form-control', '', '', NULL, '2017-10-17 09:22:18', NULL, NULL, 'Active'),
(4, 1, '', '', 'dropdown', 'text', 'dropdown_id', 0, 'cbvzxcv', 'form-control', '', '', NULL, '2017-10-17 09:23:07', NULL, NULL, 'Active'),
(5, 1, '', '', 'dropdown', 'text', 'user_level', 1, 'dfdfgdfg', 'form-control', '', '', NULL, '2017-10-17 09:23:41', NULL, NULL, 'Active'),
(6, 1, '', '', 'dropdown', 'text', 'search_panel', 0, 'wrsfvsd', 'form-control', '', '', NULL, '2017-10-17 09:24:03', NULL, NULL, 'Active'),
(7, 2, 'User Name', '', 'text', 'text', '', 0, 'user_name', 'form-control', '', '', NULL, '2017-10-17 09:25:50', NULL, NULL, 'Active'),
(8, 2, 'User Level', '', 'dropdown', 'text', 'user_level', 1, 'user_level', 'form-control', '', '', NULL, '2017-10-17 09:26:18', NULL, NULL, 'Active');

-- --------------------------------------------------------

--
-- Table structure for table `section`
--

DROP TABLE IF EXISTS `section`;
CREATE TABLE IF NOT EXISTS `section` (
  `section_id` int(11) NOT NULL AUTO_INCREMENT,
  `section_name` varchar(10) NOT NULL,
  `saturday` int(11) NOT NULL,
  `sunday` int(11) NOT NULL,
  `monday` int(11) NOT NULL,
  `tuesday` int(11) NOT NULL,
  `wednesday` int(11) NOT NULL,
  `thursday` int(11) NOT NULL,
  `friday` int(11) NOT NULL,
  `created` timestamp NULL DEFAULT CURRENT_TIMESTAMP,
  PRIMARY KEY (`section_id`)
) ENGINE=InnoDB AUTO_INCREMENT=7 DEFAULT CHARSET=latin1;

--
-- Dumping data for table `section`
--

INSERT INTO `section` (`section_id`, `section_name`, `saturday`, `sunday`, `monday`, `tuesday`, `wednesday`, `thursday`, `friday`, `created`) VALUES
(1, 'A', 1, 1, 1, 1, 1, 1, 1, '2017-10-11 06:18:13'),
(2, 'B', 0, 1, 0, 1, 0, 1, 1, '2017-10-11 06:18:55'),
(3, 'D', 1, 1, 1, 1, 1, 1, 1, '2017-10-11 06:19:21'),
(4, 'a', 1, 0, 0, 1, 0, 0, 1, '2017-10-11 06:27:22'),
(5, 'b', 0, 1, 0, 0, 1, 0, 1, '2017-10-11 06:27:50'),
(6, 'c', 0, 0, 1, 0, 0, 1, 1, '2017-10-11 06:28:31');

-- --------------------------------------------------------

--
-- Table structure for table `skues`
--

DROP TABLE IF EXISTS `skues`;
CREATE TABLE IF NOT EXISTS `skues` (
  `id` int(10) NOT NULL AUTO_INCREMENT,
  `brands_id` int(10) DEFAULT NULL,
  `sku_name` varchar(255) NOT NULL,
  `short_name` varchar(255) DEFAULT NULL,
  `description` text,
  `price` decimal(11,2) DEFAULT NULL,
  `ordering` int(10) DEFAULT NULL,
  `rfu1` varchar(255) DEFAULT NULL,
  `rfu2` varchar(255) DEFAULT NULL,
  `created_by` int(10) DEFAULT NULL,
  `created_at` timestamp NULL DEFAULT CURRENT_TIMESTAMP,
  `updated_by` int(10) DEFAULT NULL,
  `updated_at` timestamp NULL DEFAULT NULL ON UPDATE CURRENT_TIMESTAMP,
  `is_active` tinyint(1) DEFAULT '1',
  PRIMARY KEY (`id`)
) ENGINE=InnoDB AUTO_INCREMENT=32 DEFAULT CHARSET=latin1;

--
-- Dumping data for table `skues`
--

INSERT INTO `skues` (`id`, `brands_id`, `sku_name`, `short_name`, `description`, `price`, `ordering`, `rfu1`, `rfu2`, `created_by`, `created_at`, `updated_by`, `updated_at`, `is_active`) VALUES
(1, 1, '250ml pet', 'tp', NULL, '100.00', 0, NULL, NULL, NULL, '2018-06-04 05:22:51', NULL, '2018-07-03 05:11:58', 1),
(2, 1, '250ml can', 'tc', NULL, '100.00', 1, NULL, NULL, NULL, '2018-06-04 05:22:51', NULL, '2018-07-03 05:11:58', 1),
(3, 2, '250ml pet', 'tp', NULL, '100.00', 0, NULL, NULL, NULL, '2018-06-04 05:22:51', NULL, '2018-07-03 05:01:25', 1),
(4, 2, '250ml can', 'bc', NULL, '100.00', 0, NULL, NULL, NULL, '2018-06-04 05:22:51', NULL, '2018-07-03 07:51:41', 1),
(5, 3, '250ml pet', 'fp', NULL, '100.00', 0, NULL, NULL, NULL, '2018-06-04 05:22:51', NULL, '2018-07-03 05:01:25', 1),
(6, 3, '250ml can', 'fc', NULL, '100.00', 2, NULL, NULL, NULL, '2018-06-04 05:22:51', NULL, '2018-07-03 06:53:51', 1),
(7, 3, '500ml', 'f(h)', NULL, '100.00', 3, NULL, NULL, NULL, '2018-06-04 05:22:51', NULL, '2018-07-03 06:53:51', 1),
(8, 3, '1L', 'f(1)', NULL, '100.00', 4, NULL, NULL, NULL, '2018-06-04 05:22:51', NULL, '2018-07-03 06:53:51', 1),
(9, 3, '2L', 'f(2)', NULL, '100.00', 1, NULL, NULL, NULL, '2018-06-04 05:22:51', NULL, '2018-07-03 06:53:51', 1),
(10, 4, '250ml pet', 'ucp', NULL, '100.00', 0, NULL, NULL, NULL, '2018-06-04 05:22:51', NULL, '2018-07-03 05:01:26', 1),
(11, 4, '250ml can', 'ucc', NULL, '100.00', 0, NULL, NULL, NULL, '2018-06-04 05:22:51', NULL, '2018-07-03 05:01:26', 1),
(12, 4, '500ml', 'uc(h)', NULL, '100.00', 0, NULL, NULL, NULL, '2018-06-04 05:22:51', NULL, '2018-07-03 05:01:26', 1),
(13, 5, '250ml pet', 'ulp', NULL, '100.00', 0, NULL, NULL, NULL, '2018-06-04 05:22:51', NULL, '2018-07-03 05:01:26', 1),
(14, 5, '250ml can', 'ulc', NULL, '100.00', 0, NULL, NULL, NULL, '2018-06-04 05:22:51', NULL, '2018-07-03 05:01:26', 1),
(15, 5, '500ml', 'ul(h)', NULL, '100.00', 0, NULL, NULL, NULL, '2018-06-04 05:22:51', NULL, '2018-07-03 05:01:26', 1),
(16, 6, '250ml pet', 'uop', NULL, '100.00', 0, NULL, NULL, NULL, '2018-06-04 05:22:51', NULL, '2018-07-03 05:01:26', 1),
(17, 6, '250ml can', 'uoc', NULL, '100.00', 0, NULL, NULL, NULL, '2018-06-04 05:22:51', NULL, '2018-07-03 05:01:27', 1),
(18, 6, '500ml', 'uo(h)', NULL, '100.00', 0, NULL, NULL, NULL, '2018-06-04 05:22:51', NULL, '2018-07-03 05:01:27', 1),
(19, 6, '1 L', 'uo(1)', NULL, '100.00', 0, NULL, NULL, NULL, '2018-06-04 05:22:51', NULL, '2018-07-03 05:01:27', 1),
(20, 7, '250ml pet', 'uz', NULL, '100.00', 0, NULL, NULL, NULL, '2018-06-04 05:22:51', NULL, '2018-07-03 05:01:27', 1),
(21, 8, '250ml pet', 'ornj', NULL, '100.00', 0, NULL, NULL, NULL, '2018-06-04 05:22:51', NULL, '2018-07-03 05:01:27', 1),
(22, 9, '250ml pet', 'lmnj', NULL, '100.00', 0, NULL, NULL, NULL, '2018-06-04 05:22:51', NULL, '2018-07-03 05:01:27', 1),
(23, 10, '250ml', 'm', NULL, '100.00', 0, NULL, NULL, NULL, '2018-06-04 05:22:51', NULL, '2018-07-03 05:01:27', 1),
(24, 10, '500ml', 'm(h)', NULL, '100.00', 0, NULL, NULL, NULL, '2018-06-04 05:22:51', NULL, '2018-07-03 05:01:27', 1),
(25, 10, '1 L', 'm(1)', NULL, '100.00', 0, NULL, NULL, NULL, '2018-06-04 05:22:51', NULL, '2018-07-03 05:01:27', 1),
(26, 11, '250ml pet', 'mkp', NULL, '100.00', 0, NULL, NULL, NULL, '2018-06-04 05:22:51', NULL, '2018-07-03 05:01:27', 1),
(27, 11, '250ml Tetra', 'mkt', NULL, '100.00', 0, NULL, NULL, NULL, '2018-06-04 05:22:51', NULL, '2018-07-03 05:01:27', 1),
(28, 12, '300ml pet', 'lyp', NULL, '100.00', 0, NULL, NULL, NULL, '2018-06-04 05:22:51', NULL, '2018-07-03 05:01:27', 1),
(29, 12, '250ml can', 'lyc', NULL, '100.00', 0, NULL, NULL, NULL, '2018-06-04 05:22:51', NULL, '2018-07-03 05:01:27', 1),
(30, 13, '500 ml', 'a(h)', NULL, '100.00', 0, NULL, NULL, NULL, '2018-06-04 05:22:51', NULL, '2018-07-03 05:01:27', 1),
(31, 13, '1.5 L', 'a(1.5)', NULL, '100.00', 0, NULL, NULL, NULL, '2018-06-04 05:22:51', NULL, '2018-07-03 05:01:27', 1);

-- --------------------------------------------------------

--
-- Table structure for table `smsinboxes`
--

DROP TABLE IF EXISTS `smsinboxes`;
CREATE TABLE IF NOT EXISTS `smsinboxes` (
  `id` bigint(20) NOT NULL AUTO_INCREMENT,
  `sms_inbox_name` varchar(100) DEFAULT NULL,
  `transactionId` varchar(30) DEFAULT NULL,
  `sender` varchar(255) DEFAULT NULL,
  `sms_status` varchar(100) DEFAULT NULL,
  `sms_received` datetime DEFAULT NULL,
  `replied_at` datetime DEFAULT NULL,
  `sms_content` text NOT NULL,
  `created_by` int(10) DEFAULT NULL,
  `created_at` timestamp NULL DEFAULT CURRENT_TIMESTAMP,
  `updated_at` timestamp NULL DEFAULT CURRENT_TIMESTAMP ON UPDATE CURRENT_TIMESTAMP,
  `updated_by` int(10) DEFAULT NULL,
  `is_active` tinyint(1) DEFAULT '1',
  PRIMARY KEY (`id`)
) ENGINE=InnoDB AUTO_INCREMENT=15 DEFAULT CHARSET=utf8;

--
-- Dumping data for table `smsinboxes`
--

INSERT INTO `smsinboxes` (`id`, `sms_inbox_name`, `transactionId`, `sender`, `sms_status`, `sms_received`, `replied_at`, `sms_content`, `created_by`, `created_at`, `updated_at`, `updated_by`, `is_active`) VALUES
(3, 'asdf', NULL, '01915117181', NULL, NULL, NULL, 'sdfsdfsdf', NULL, NULL, '2018-05-28 02:54:18', 1, 1),
(4, 'sdf', NULL, '', NULL, NULL, NULL, '', 1, '2018-05-28 02:44:36', '2018-05-28 02:44:36', 1, 1),
(5, 'sdf', 'asdfsf', '', NULL, NULL, NULL, '', 1, '2018-05-28 02:45:28', '2018-05-28 02:45:28', 1, 1),
(6, NULL, NULL, NULL, NULL, NULL, NULL, 'sdfsdf', 1, '2018-05-28 02:47:16', '2018-05-28 02:52:21', 1, 0),
(7, 'ffffff', 'ffffff', NULL, NULL, NULL, NULL, '', 1, '2018-05-28 02:47:42', '2018-05-28 02:47:42', 1, 1),
(8, 'asdf', 'asdf', NULL, NULL, NULL, NULL, '', 1, '2018-05-28 02:49:39', '2018-05-28 02:49:39', 1, 1),
(9, 'asdf', 'asdf', NULL, NULL, NULL, NULL, '', 1, '2018-05-28 02:50:41', '2018-05-28 02:50:41', 1, 0),
(10, NULL, NULL, NULL, NULL, NULL, NULL, 'sdfs', 1, '2018-05-28 02:52:07', '2018-05-28 02:52:07', NULL, 0),
(11, 'sdf', 'sdfasd', '01915117181', 'asdf', NULL, NULL, 'saf', NULL, '2018-05-28 02:57:38', '2018-05-28 02:57:38', NULL, 0),
(12, NULL, NULL, NULL, NULL, NULL, NULL, 'sdfsdf', NULL, '2018-05-28 02:59:06', '2018-05-28 02:59:06', NULL, 0),
(13, NULL, NULL, NULL, NULL, NULL, NULL, 'sdfasdf', NULL, '2018-05-28 03:07:29', '2018-05-28 03:07:29', NULL, 0),
(14, NULL, NULL, NULL, NULL, NULL, NULL, 'sdf', 1, '2018-05-29 03:27:23', '2018-05-29 03:27:23', NULL, 0);

-- --------------------------------------------------------

--
-- Table structure for table `sms_inbox`
--

DROP TABLE IF EXISTS `sms_inbox`;
CREATE TABLE IF NOT EXISTS `sms_inbox` (
  `sms_inbox_id` bigint(20) NOT NULL AUTO_INCREMENT,
  `sms_inbox_name` varchar(100) DEFAULT NULL,
  `transaction_id` varchar(30) DEFAULT NULL,
  `sms_sender_number` varchar(15) NOT NULL,
  `sms_content` text NOT NULL,
  `sms_received` datetime DEFAULT NULL,
  `created_by` int(10) DEFAULT NULL,
  `created` timestamp NULL DEFAULT NULL,
  `replied_datetime` datetime DEFAULT NULL,
  `status` enum('Active','Inactive','Pending','Replied','Unread') DEFAULT 'Active',
  `updated` timestamp NULL DEFAULT NULL ON UPDATE CURRENT_TIMESTAMP,
  `updated_by` int(10) DEFAULT NULL,
  `sms_status` varchar(100) DEFAULT NULL,
  PRIMARY KEY (`sms_inbox_id`),
  UNIQUE KEY `U_sms_inbox` (`sms_sender_number`,`sms_received`) USING BTREE
) ENGINE=InnoDB AUTO_INCREMENT=4 DEFAULT CHARSET=utf8;

--
-- Dumping data for table `sms_inbox`
--

INSERT INTO `sms_inbox` (`sms_inbox_id`, `sms_inbox_name`, `transaction_id`, `sms_sender_number`, `sms_content`, `sms_received`, `created_by`, `created`, `replied_datetime`, `status`, `updated`, `updated_by`, `sms_status`) VALUES
(2, NULL, NULL, '880184098922', 'Order/ASO ID-0000/OrderDate-00/00/00/Tp-000/Tc-000/BHp-000/BHc-000/Fp-000/Fc-000/F(h)-000/F(1)-000/F(2)-000/UCp-000/UCc-000/UC(h)-000/ULp-000/ULc-000/UL(h)-000/UOp-000/UOc-000/UO(h)-000/UO(1)-000/UZ-000/Ornj-000/Lmnj-000/M-000/M(h)-000/M(1)-000/MKp-000/MKt-000/MK(h)-000/LYp-000/Lyc-000/A(h)-000/A(1.5)-000/Total-0000C\r\n', NULL, NULL, NULL, NULL, 'Active', NULL, NULL, NULL),
(3, NULL, NULL, '8801840098922', 'Sale/ASO ID-0000/OrderDate-00/00/00/Tp-000/Tc-000/BHp-000/BHc-000/Fp-000/Fc-000/F(h)-000/F(1)-000/F(2)-000/UCp-000/UCc-000/UC(h)-000/ULp-000/ULc-000/UL(h)-000/UOp-000/UOc-000/UO(h)-000/UO(1)-000/UZ-000/Ornj-000/Lmnj-000/M-000/M(h)-000/M(1)-000/MKp-000/MKt-000/MK(h)-000/LYp-000/Lyc-000/A(h)-000/A(1.5)-000/Total-0000C', NULL, NULL, NULL, NULL, 'Active', NULL, NULL, NULL);

-- --------------------------------------------------------

--
-- Table structure for table `sms_inboxes`
--

DROP TABLE IF EXISTS `sms_inboxes`;
CREATE TABLE IF NOT EXISTS `sms_inboxes` (
  `id` bigint(20) NOT NULL AUTO_INCREMENT,
  `sms_inbox_name` varchar(100) DEFAULT NULL,
  `transactionId` varchar(30) DEFAULT NULL,
  `sender` varchar(15) NOT NULL,
  `sms_content` text NOT NULL,
  `sms_received` datetime DEFAULT NULL,
  `created_by` int(10) DEFAULT NULL,
  `created` timestamp NULL DEFAULT NULL,
  `replied_datetime` datetime DEFAULT NULL,
  `sms_status` enum('Active','Inactive','Pending','Replied','Unread','Processed') DEFAULT NULL,
  `updated` timestamp NULL DEFAULT NULL ON UPDATE CURRENT_TIMESTAMP,
  `updated_by` int(10) DEFAULT NULL,
  `is_active` tinyint(1) DEFAULT NULL,
  PRIMARY KEY (`id`),
  UNIQUE KEY `U_sms_inbox` (`sender`,`sms_received`) USING BTREE
) ENGINE=InnoDB AUTO_INCREMENT=13 DEFAULT CHARSET=utf8;

--
-- Dumping data for table `sms_inboxes`
--

INSERT INTO `sms_inboxes` (`id`, `sms_inbox_name`, `transactionId`, `sender`, `sms_content`, `sms_received`, `created_by`, `created`, `replied_datetime`, `sms_status`, `updated`, `updated_by`, `is_active`) VALUES
(9, NULL, NULL, '01719415744', 'Sale/ASOID-0011/dt-2018-02-17/Tp-001/Tc-000/BHp-000/BHc-000/Fp-000/Fc-000/F(h)-003/F(1)-000/F(2)-000/UCp-000/UCc-012/UC(h)-000/ULp-000/ULc-000/UL(h)-000/UOp-000/UOc-000/UO(h)-000/UO(1)-000/UZ-000/Ornj-000/Lmnj-000/M-000/M(h)-000/M(1)-000/MKp-000/MKt-000/MK(h)-000/LYp-000/Lyc-000/A(h)-000/A(1.5)-000/Total-16', NULL, NULL, NULL, NULL, 'Active', '2018-07-02 09:35:25', NULL, 1),
(10, NULL, NULL, '01719415744', 'Primary/asm_rsm_id-0011/dbid-00121/dt-2018-02-17/Tp-001/Tc-000/BHp-000/BHc-000/Fp-000/Fc-000/F(h)-003/F(1)-000/F(2)-000/UCp-000/UCc-012/UC(h)-000/ULp-000/ULc-000/UL(h)-000/UOp-000/UOc-000/UO(h)-000/UO(1)-000/UZ-000/Ornj-000/Lmnj-000/M-000/M(h)-000/M(1)-000/MKp-000/MKt-000/MK(h)-000/LYp-000/Lyc-000/A(h)-000/A(1.5)-000/Total-16/DA-1212', NULL, NULL, NULL, NULL, 'Active', '2018-07-02 05:20:47', NULL, 1),
(11, NULL, NULL, '01719415744', 'Order/ASOID-0011/Dt-2018-02-17/Rt-Banani/OU-10/VO-8/Tp-000,001/Tc-001,01/BHp-000,0/BHc-000,1/Fp-000,1/Fc-000,1/F(h)-000,1/F(1)-000,1/F(2)-000,1/UCp-000,1/UCc-000,1/UC(h)-000,1/ULp-000,1/ULc-000,1/UL(h)-000,1/UOp-000,1/UOc-000,2/UO(h)-000,1/UO(1)-000,2/UZ-000,1/Ornj-000,1/Lmnj-000,1/M-000,1/M(h)-000,1/M(1)-000,1/MKp-000,1/MKt-000,1/MK(h)-000,1/LYp-000,1/Lyc-000,1/A(h)-000,1/A(1.5)-000,1/Total-0001', NULL, NULL, NULL, NULL, 'Active', '2018-07-02 05:21:06', NULL, 0),
(12, NULL, NULL, '01719415744', 'Promotion/ASOID-0000/Dt-2019-01-01/Rt-Banani/Pdn-Package1-01-00,Pakcage2-12-13', NULL, NULL, NULL, NULL, 'Active', '2018-07-02 05:24:46', NULL, 0);

-- --------------------------------------------------------

--
-- Table structure for table `sms_keyword`
--

DROP TABLE IF EXISTS `sms_keyword`;
CREATE TABLE IF NOT EXISTS `sms_keyword` (
  `sms_keyword_id` int(10) NOT NULL AUTO_INCREMENT,
  `sms_keyword_name` varchar(250) NOT NULL,
  `sms_keyword_key` varchar(250) NOT NULL,
  `created_by` int(10) DEFAULT NULL,
  `created` timestamp NULL DEFAULT NULL,
  `updated_by` int(10) DEFAULT NULL,
  `updated` timestamp NULL DEFAULT CURRENT_TIMESTAMP ON UPDATE CURRENT_TIMESTAMP,
  `status` enum('Active','Inactive') DEFAULT 'Active',
  PRIMARY KEY (`sms_keyword_id`)
) ENGINE=InnoDB DEFAULT CHARSET=utf8;

-- --------------------------------------------------------

--
-- Table structure for table `sms_outboxes`
--

DROP TABLE IF EXISTS `sms_outboxes`;
CREATE TABLE IF NOT EXISTS `sms_outboxes` (
  `id` int(11) NOT NULL AUTO_INCREMENT,
  `sms_reciever_number` varchar(15) NOT NULL,
  `sms_content` text NOT NULL,
  `order_type` enum('order','sale','promotion','primary') DEFAULT NULL,
  `created` timestamp NULL DEFAULT CURRENT_TIMESTAMP,
  `sent_datetime` timestamp NULL DEFAULT NULL ON UPDATE CURRENT_TIMESTAMP COMMENT 'When updated',
  `request_from` enum('Mobile App','Broadcast','Web') DEFAULT 'Web',
  `status` enum('Draft','Sent','Pending','Invalid Receiver','Canceled') DEFAULT 'Draft',
  `ref_no` varchar(100) DEFAULT NULL COMMENT 'parcel code',
  `priority` int(2) NOT NULL DEFAULT '1' COMMENT '0 = Very Urgent, 1 = high, 2 = medium, 3 = low, 4 = very low',
  `sms_for` varchar(100) DEFAULT NULL COMMENT 'whom will be receive this sms. this field can be edited only required for sr parcel project',
  `sms_trans_id` varchar(100) DEFAULT NULL,
  `delivery_status` int(5) DEFAULT NULL,
  `reply_from_sms_api` text,
  `retry_count` int(3) NOT NULL DEFAULT '0',
  `next_retry_datetime` datetime DEFAULT NULL,
  `is_delivery_status_updated` int(1) NOT NULL DEFAULT '0' COMMENT '1 = updated; 0 = not update yet',
  `final_reply_from_sms_api` text,
  `final_delivery_status` varchar(100) DEFAULT NULL,
  `final_delivery_datetime` datetime DEFAULT NULL,
  PRIMARY KEY (`id`),
  KEY `del_st` (`delivery_status`),
  KEY `mobile` (`sms_reciever_number`) USING BTREE
) ENGINE=InnoDB AUTO_INCREMENT=5 DEFAULT CHARSET=utf8;

--
-- Dumping data for table `sms_outboxes`
--

INSERT INTO `sms_outboxes` (`id`, `sms_reciever_number`, `sms_content`, `order_type`, `created`, `sent_datetime`, `request_from`, `status`, `ref_no`, `priority`, `sms_for`, `sms_trans_id`, `delivery_status`, `reply_from_sms_api`, `retry_count`, `next_retry_datetime`, `is_delivery_status_updated`, `final_reply_from_sms_api`, `final_delivery_status`, `final_delivery_datetime`) VALUES
(1, '0171941574', 'Invalid SMS Format !!', NULL, '2018-06-23 11:30:49', NULL, 'Web', 'Draft', NULL, 3, NULL, NULL, NULL, NULL, 0, NULL, 0, NULL, NULL, NULL),
(2, '0171941574', 'Invalid SMS Format !!', 'order', '2018-06-23 11:34:59', NULL, 'Web', 'Draft', NULL, 3, NULL, NULL, NULL, NULL, 0, NULL, 0, NULL, NULL, NULL),
(3, '01915117181', 'Invalid SMS Format !!', 'primary', '2018-06-23 11:37:50', NULL, 'Web', 'Draft', NULL, 3, NULL, NULL, NULL, NULL, 0, NULL, 0, NULL, NULL, NULL),
(4, '01719415744', 'total pattern in Order SMS \n', 'order', '2018-07-02 06:05:41', NULL, 'Web', 'Draft', NULL, 3, NULL, NULL, NULL, NULL, 0, NULL, 0, NULL, NULL, NULL);

-- --------------------------------------------------------

--
-- Table structure for table `stocks`
--

DROP TABLE IF EXISTS `stocks`;
CREATE TABLE IF NOT EXISTS `stocks` (
  `id` int(11) NOT NULL AUTO_INCREMENT,
  `distributions_house_id` int(11) NOT NULL,
  `sku_id` int(11) NOT NULL,
  `quantity` double NOT NULL,
  `created_by` int(11) NOT NULL,
  `created_at` datetime NOT NULL DEFAULT CURRENT_TIMESTAMP,
  `updated_at` datetime NOT NULL DEFAULT CURRENT_TIMESTAMP ON UPDATE CURRENT_TIMESTAMP,
  `rfu1` varchar(255) COLLATE utf8_bin DEFAULT NULL,
  `rfu2` varchar(255) COLLATE utf8_bin DEFAULT NULL,
  PRIMARY KEY (`id`)
) ENGINE=InnoDB AUTO_INCREMENT=9 DEFAULT CHARSET=utf8 COLLATE=utf8_bin;

--
-- Dumping data for table `stocks`
--

INSERT INTO `stocks` (`id`, `distributions_house_id`, `sku_id`, `quantity`, `created_by`, `created_at`, `updated_at`, `rfu1`, `rfu2`) VALUES
(1, 1, 1, -3, 1, '2018-07-02 11:09:56', '2018-07-03 08:12:13', NULL, NULL),
(2, 1, 2, 10, 1, '2018-07-02 11:09:56', '2018-07-02 11:09:56', NULL, NULL),
(3, 1, 3, 10, 1, '2018-07-02 11:10:31', '2018-07-02 11:10:31', NULL, NULL),
(4, 1, 4, 10, 1, '2018-07-02 11:10:31', '2018-07-02 11:10:31', NULL, NULL),
(5, 1, 5, 10, 1, '2018-07-02 11:10:57', '2018-07-02 11:10:57', NULL, NULL),
(6, 1, 6, 10, 1, '2018-07-02 11:10:57', '2018-07-02 11:10:57', NULL, NULL),
(7, 1, 11, 10, 1, '2018-07-02 11:13:10', '2018-07-02 11:13:10', NULL, NULL),
(8, 1, 12, 11, 1, '2018-07-02 11:13:10', '2018-07-02 11:13:10', NULL, NULL);

-- --------------------------------------------------------

--
-- Table structure for table `targets`
--

DROP TABLE IF EXISTS `targets`;
CREATE TABLE IF NOT EXISTS `targets` (
  `id` int(10) NOT NULL AUTO_INCREMENT,
  `target_type` enum('zones','regions','territories','area','routes') DEFAULT NULL,
  `type_id` int(10) DEFAULT NULL,
  `target_month` varchar(50) DEFAULT NULL,
  `base_date` varchar(50) DEFAULT NULL,
  `base_value` text,
  `target_value` text,
  `created_by` int(10) DEFAULT NULL,
  `created_at` timestamp NULL DEFAULT CURRENT_TIMESTAMP,
  `updated_by` int(10) DEFAULT NULL,
  `updated_at` timestamp NULL DEFAULT CURRENT_TIMESTAMP,
  PRIMARY KEY (`id`)
) ENGINE=InnoDB AUTO_INCREMENT=48 DEFAULT CHARSET=latin1;

--
-- Dumping data for table `targets`
--

INSERT INTO `targets` (`id`, `target_type`, `type_id`, `target_month`, `base_date`, `base_value`, `target_value`, `created_by`, `created_at`, `updated_by`, `updated_at`) VALUES
(1, 'zones', 1, 'January-2018', '26/06/2018 - 26/06/2018', '{\"5\":\"51\",\"6\":\"25\",\"7\":\"23\",\"8\":\"32\",\"9\":\"63\",\"1\":\"62\",\"2\":\"42\",\"10\":\"16\",\"11\":\"63\",\"12\":\"99\",\"13\":\"31\",\"14\":\"56\",\"15\":\"70\",\"3\":\"50\",\"4\":\"36\",\"16\":\"40\",\"17\":\"52\",\"18\":\"97\",\"19\":\"51\",\"20\":\"85\",\"21\":\"81\",\"22\":\"79\",\"23\":\"93\",\"24\":\"10\",\"25\":\"11\",\"26\":\"65\",\"27\":\"35\",\"28\":\"66\",\"29\":\"24\",\"30\":\"40\",\"31\":\"49\"}', '{\"5\":\"54\",\"6\":\"27\",\"7\":\"25\",\"8\":\"34\",\"9\":\"70\",\"1\":\"68\",\"2\":\"48\",\"10\":\"0\",\"11\":\"0\",\"12\":\"0\",\"13\":\"0\",\"14\":\"0\",\"15\":\"0\",\"3\":\"0\",\"4\":\"0\",\"16\":\"0\",\"17\":\"0\",\"18\":\"0\",\"19\":\"0\",\"20\":\"0\",\"21\":\"0\",\"22\":\"0\",\"23\":\"0\",\"24\":\"0\",\"25\":\"0\",\"26\":\"0\",\"27\":\"0\",\"28\":\"0\",\"29\":\"0\",\"30\":\"0\",\"31\":\"0\"}', 1, '2018-06-26 11:02:38', NULL, '2018-06-26 11:02:38'),
(2, 'zones', 2, 'January-2018', '26/06/2018 - 26/06/2018', '{\"5\":\"91\",\"6\":\"74\",\"7\":\"60\",\"8\":\"28\",\"9\":\"35\",\"1\":\"91\",\"2\":\"23\",\"10\":\"97\",\"11\":\"85\",\"12\":\"21\",\"13\":\"90\",\"14\":\"72\",\"15\":\"33\",\"3\":\"22\",\"4\":\"20\",\"16\":\"42\",\"17\":\"39\",\"18\":\"51\",\"19\":\"45\",\"20\":\"15\",\"21\":\"21\",\"22\":\"86\",\"23\":\"30\",\"24\":\"24\",\"25\":\"51\",\"26\":\"20\",\"27\":\"79\",\"28\":\"82\",\"29\":\"43\",\"30\":\"55\",\"31\":\"78\"}', '{\"5\":\"97\",\"6\":\"81\",\"7\":\"64\",\"8\":\"30\",\"9\":\"39\",\"1\":\"99\",\"2\":\"26\",\"10\":\"0\",\"11\":\"0\",\"12\":\"0\",\"13\":\"0\",\"14\":\"0\",\"15\":\"0\",\"3\":\"0\",\"4\":\"0\",\"16\":\"0\",\"17\":\"0\",\"18\":\"0\",\"19\":\"0\",\"20\":\"0\",\"21\":\"0\",\"22\":\"0\",\"23\":\"0\",\"24\":\"0\",\"25\":\"0\",\"26\":\"0\",\"27\":\"0\",\"28\":\"0\",\"29\":\"0\",\"30\":\"0\",\"31\":\"0\"}', 1, '2018-06-26 11:02:38', NULL, '2018-06-26 11:02:38'),
(3, 'zones', 3, 'January-2018', '26/06/2018 - 26/06/2018', '{\"5\":\"73\",\"6\":\"26\",\"7\":\"95\",\"8\":\"77\",\"9\":\"76\",\"1\":\"61\",\"2\":\"28\",\"10\":\"71\",\"11\":\"52\",\"12\":\"94\",\"13\":\"79\",\"14\":\"96\",\"15\":\"11\",\"3\":\"54\",\"4\":\"33\",\"16\":\"85\",\"17\":\"80\",\"18\":\"16\",\"19\":\"66\",\"20\":\"71\",\"21\":\"81\",\"22\":\"57\",\"23\":\"75\",\"24\":\"79\",\"25\":\"97\",\"26\":\"51\",\"27\":\"34\",\"28\":\"56\",\"29\":\"93\",\"30\":\"56\",\"31\":\"11\"}', '{\"5\":\"78\",\"6\":\"29\",\"7\":\"102\",\"8\":\"81\",\"9\":\"84\",\"1\":\"67\",\"2\":\"32\",\"10\":\"0\",\"11\":\"0\",\"12\":\"0\",\"13\":\"0\",\"14\":\"0\",\"15\":\"0\",\"3\":\"0\",\"4\":\"0\",\"16\":\"0\",\"17\":\"0\",\"18\":\"0\",\"19\":\"0\",\"20\":\"0\",\"21\":\"0\",\"22\":\"0\",\"23\":\"0\",\"24\":\"0\",\"25\":\"0\",\"26\":\"0\",\"27\":\"0\",\"28\":\"0\",\"29\":\"0\",\"30\":\"0\",\"31\":\"0\"}', 1, '2018-06-26 11:02:38', NULL, '2018-06-26 11:02:38'),
(4, 'zones', 4, 'January-2018', '26/06/2018 - 26/06/2018', '{\"5\":\"69\",\"6\":\"72\",\"7\":\"77\",\"8\":\"57\",\"9\":\"24\",\"1\":\"74\",\"2\":\"25\",\"10\":\"48\",\"11\":\"29\",\"12\":\"78\",\"13\":\"12\",\"14\":\"61\",\"15\":\"61\",\"3\":\"85\",\"4\":\"36\",\"16\":\"42\",\"17\":\"22\",\"18\":\"100\",\"19\":\"39\",\"20\":\"43\",\"21\":\"69\",\"22\":\"61\",\"23\":\"77\",\"24\":\"32\",\"25\":\"37\",\"26\":\"79\",\"27\":\"77\",\"28\":\"71\",\"29\":\"78\",\"30\":\"41\",\"31\":\"32\"}', '{\"5\":\"74\",\"6\":\"79\",\"7\":\"82\",\"8\":\"60\",\"9\":\"27\",\"1\":\"81\",\"2\":\"29\",\"10\":\"0\",\"11\":\"0\",\"12\":\"0\",\"13\":\"0\",\"14\":\"0\",\"15\":\"0\",\"3\":\"0\",\"4\":\"0\",\"16\":\"0\",\"17\":\"0\",\"18\":\"0\",\"19\":\"0\",\"20\":\"0\",\"21\":\"0\",\"22\":\"0\",\"23\":\"0\",\"24\":\"0\",\"25\":\"0\",\"26\":\"0\",\"27\":\"0\",\"28\":\"0\",\"29\":\"0\",\"30\":\"0\",\"31\":\"0\"}', 1, '2018-06-26 11:02:38', NULL, '2018-06-26 11:02:38'),
(5, 'zones', 5, 'January-2018', '26/06/2018 - 26/06/2018', '{\"5\":\"53\",\"6\":\"82\",\"7\":\"89\",\"8\":\"56\",\"9\":\"92\",\"1\":\"49\",\"2\":\"48\",\"10\":\"37\",\"11\":\"26\",\"12\":\"60\",\"13\":\"43\",\"14\":\"12\",\"15\":\"19\",\"3\":\"61\",\"4\":\"39\",\"16\":\"55\",\"17\":\"45\",\"18\":\"75\",\"19\":\"24\",\"20\":\"54\",\"21\":\"17\",\"22\":\"64\",\"23\":\"83\",\"24\":\"43\",\"25\":\"84\",\"26\":\"55\",\"27\":\"79\",\"28\":\"61\",\"29\":\"60\",\"30\":\"76\",\"31\":\"26\"}', '{\"5\":\"57\",\"6\":\"90\",\"7\":\"95\",\"8\":\"59\",\"9\":\"102\",\"1\":\"54\",\"2\":\"55\",\"10\":\"0\",\"11\":\"0\",\"12\":\"0\",\"13\":\"0\",\"14\":\"0\",\"15\":\"0\",\"3\":\"0\",\"4\":\"0\",\"16\":\"0\",\"17\":\"0\",\"18\":\"0\",\"19\":\"0\",\"20\":\"0\",\"21\":\"0\",\"22\":\"0\",\"23\":\"0\",\"24\":\"0\",\"25\":\"0\",\"26\":\"0\",\"27\":\"0\",\"28\":\"0\",\"29\":\"0\",\"30\":\"0\",\"31\":\"0\"}', 1, '2018-06-26 11:02:38', NULL, '2018-06-26 11:02:38'),
(6, 'zones', 6, 'January-2018', '26/06/2018 - 26/06/2018', '{\"5\":\"66\",\"6\":\"81\",\"7\":\"56\",\"8\":\"60\",\"9\":\"34\",\"1\":\"97\",\"2\":\"98\",\"10\":\"77\",\"11\":\"26\",\"12\":\"19\",\"13\":\"41\",\"14\":\"98\",\"15\":\"85\",\"3\":\"54\",\"4\":\"70\",\"16\":\"62\",\"17\":\"89\",\"18\":\"82\",\"19\":\"84\",\"20\":\"14\",\"21\":\"67\",\"22\":\"41\",\"23\":\"64\",\"24\":\"78\",\"25\":\"65\",\"26\":\"70\",\"27\":\"81\",\"28\":\"97\",\"29\":\"32\",\"30\":\"73\",\"31\":\"29\"}', '{\"5\":\"70\",\"6\":\"89\",\"7\":\"60\",\"8\":\"63\",\"9\":\"38\",\"1\":\"106\",\"2\":\"112\",\"10\":\"0\",\"11\":\"0\",\"12\":\"0\",\"13\":\"0\",\"14\":\"0\",\"15\":\"0\",\"3\":\"0\",\"4\":\"0\",\"16\":\"0\",\"17\":\"0\",\"18\":\"0\",\"19\":\"0\",\"20\":\"0\",\"21\":\"0\",\"22\":\"0\",\"23\":\"0\",\"24\":\"0\",\"25\":\"0\",\"26\":\"0\",\"27\":\"0\",\"28\":\"0\",\"29\":\"0\",\"30\":\"0\",\"31\":\"0\"}', 1, '2018-06-26 11:02:38', NULL, '2018-06-26 11:02:38'),
(7, 'zones', 7, 'January-2018', '26/06/2018 - 26/06/2018', '{\"5\":\"36\",\"6\":\"20\",\"7\":\"76\",\"8\":\"90\",\"9\":\"24\",\"1\":\"59\",\"2\":\"49\",\"10\":\"72\",\"11\":\"41\",\"12\":\"40\",\"13\":\"85\",\"14\":\"81\",\"15\":\"58\",\"3\":\"22\",\"4\":\"74\",\"16\":\"46\",\"17\":\"100\",\"18\":\"78\",\"19\":\"60\",\"20\":\"73\",\"21\":\"22\",\"22\":\"88\",\"23\":\"61\",\"24\":\"35\",\"25\":\"15\",\"26\":\"46\",\"27\":\"71\",\"28\":\"91\",\"29\":\"92\",\"30\":\"14\",\"31\":\"69\"}', '{\"5\":\"38\",\"6\":\"22\",\"7\":\"81\",\"8\":\"95\",\"9\":\"27\",\"1\":\"64\",\"2\":\"56\",\"10\":\"0\",\"11\":\"0\",\"12\":\"0\",\"13\":\"0\",\"14\":\"0\",\"15\":\"0\",\"3\":\"0\",\"4\":\"0\",\"16\":\"0\",\"17\":\"0\",\"18\":\"0\",\"19\":\"0\",\"20\":\"0\",\"21\":\"0\",\"22\":\"0\",\"23\":\"0\",\"24\":\"0\",\"25\":\"0\",\"26\":\"0\",\"27\":\"0\",\"28\":\"0\",\"29\":\"0\",\"30\":\"0\",\"31\":\"0\"}', 1, '2018-06-26 11:02:38', NULL, '2018-06-26 11:02:38'),
(8, 'zones', 8, 'January-2018', '26/06/2018 - 26/06/2018', '{\"5\":\"55\",\"6\":\"14\",\"7\":\"98\",\"8\":\"10\",\"9\":\"72\",\"1\":\"36\",\"2\":\"41\",\"10\":\"32\",\"11\":\"56\",\"12\":\"31\",\"13\":\"64\",\"14\":\"75\",\"15\":\"50\",\"3\":\"35\",\"4\":\"51\",\"16\":\"29\",\"17\":\"21\",\"18\":\"95\",\"19\":\"72\",\"20\":\"21\",\"21\":\"26\",\"22\":\"93\",\"23\":\"51\",\"24\":\"72\",\"25\":\"76\",\"26\":\"45\",\"27\":\"75\",\"28\":\"82\",\"29\":\"17\",\"30\":\"33\",\"31\":\"15\"}', '{\"5\":\"59\",\"6\":\"15\",\"7\":\"105\",\"8\":\"11\",\"9\":\"80\",\"1\":\"39\",\"2\":\"47\",\"10\":\"0\",\"11\":\"0\",\"12\":\"0\",\"13\":\"0\",\"14\":\"0\",\"15\":\"0\",\"3\":\"0\",\"4\":\"0\",\"16\":\"0\",\"17\":\"0\",\"18\":\"0\",\"19\":\"0\",\"20\":\"0\",\"21\":\"0\",\"22\":\"0\",\"23\":\"0\",\"24\":\"0\",\"25\":\"0\",\"26\":\"0\",\"27\":\"0\",\"28\":\"0\",\"29\":\"0\",\"30\":\"0\",\"31\":\"0\"}', 1, '2018-06-26 11:02:38', NULL, '2018-06-26 11:02:38'),
(9, 'zones', 9, 'January-2018', '26/06/2018 - 26/06/2018', '{\"5\":\"27\",\"6\":\"95\",\"7\":\"19\",\"8\":\"29\",\"9\":\"22\",\"1\":\"20\",\"2\":\"25\",\"10\":\"74\",\"11\":\"55\",\"12\":\"25\",\"13\":\"92\",\"14\":\"29\",\"15\":\"22\",\"3\":\"90\",\"4\":\"46\",\"16\":\"75\",\"17\":\"63\",\"18\":\"19\",\"19\":\"96\",\"20\":\"54\",\"21\":\"52\",\"22\":\"69\",\"23\":\"88\",\"24\":\"33\",\"25\":\"61\",\"26\":\"95\",\"27\":\"10\",\"28\":\"66\",\"29\":\"42\",\"30\":\"98\",\"31\":\"48\"}', '{\"5\":\"29\",\"6\":\"104\",\"7\":\"20\",\"8\":\"31\",\"9\":\"24\",\"1\":\"22\",\"2\":\"29\",\"10\":\"0\",\"11\":\"0\",\"12\":\"0\",\"13\":\"0\",\"14\":\"0\",\"15\":\"0\",\"3\":\"0\",\"4\":\"0\",\"16\":\"0\",\"17\":\"0\",\"18\":\"0\",\"19\":\"0\",\"20\":\"0\",\"21\":\"0\",\"22\":\"0\",\"23\":\"0\",\"24\":\"0\",\"25\":\"0\",\"26\":\"0\",\"27\":\"0\",\"28\":\"0\",\"29\":\"0\",\"30\":\"0\",\"31\":\"0\"}', 1, '2018-06-26 11:02:38', NULL, '2018-06-26 11:02:38'),
(10, 'zones', 10, 'January-2018', '26/06/2018 - 26/06/2018', '{\"5\":\"88\",\"6\":\"80\",\"7\":\"56\",\"8\":\"87\",\"9\":\"55\",\"1\":\"91\",\"2\":\"76\",\"10\":\"32\",\"11\":\"75\",\"12\":\"85\",\"13\":\"64\",\"14\":\"10\",\"15\":\"32\",\"3\":\"69\",\"4\":\"52\",\"16\":\"31\",\"17\":\"56\",\"18\":\"73\",\"19\":\"61\",\"20\":\"99\",\"21\":\"61\",\"22\":\"15\",\"23\":\"36\",\"24\":\"85\",\"25\":\"98\",\"26\":\"51\",\"27\":\"26\",\"28\":\"54\",\"29\":\"88\",\"30\":\"65\",\"31\":\"91\"}', '{\"5\":\"94\",\"6\":\"88\",\"7\":\"60\",\"8\":\"92\",\"9\":\"61\",\"1\":\"99\",\"2\":\"87\",\"10\":\"0\",\"11\":\"0\",\"12\":\"0\",\"13\":\"0\",\"14\":\"0\",\"15\":\"0\",\"3\":\"0\",\"4\":\"0\",\"16\":\"0\",\"17\":\"0\",\"18\":\"0\",\"19\":\"0\",\"20\":\"0\",\"21\":\"0\",\"22\":\"0\",\"23\":\"0\",\"24\":\"0\",\"25\":\"0\",\"26\":\"0\",\"27\":\"0\",\"28\":\"0\",\"29\":\"0\",\"30\":\"0\",\"31\":\"0\"}', 1, '2018-06-26 11:02:38', NULL, '2018-06-26 11:02:38'),
(11, 'zones', 11, 'January-2018', '26/06/2018 - 26/06/2018', '{\"5\":\"24\",\"6\":\"54\",\"7\":\"32\",\"8\":\"47\",\"9\":\"83\",\"1\":\"46\",\"2\":\"96\",\"10\":\"90\",\"11\":\"33\",\"12\":\"55\",\"13\":\"34\",\"14\":\"15\",\"15\":\"41\",\"3\":\"83\",\"4\":\"85\",\"16\":\"85\",\"17\":\"32\",\"18\":\"24\",\"19\":\"36\",\"20\":\"11\",\"21\":\"12\",\"22\":\"47\",\"23\":\"61\",\"24\":\"20\",\"25\":\"81\",\"26\":\"30\",\"27\":\"100\",\"28\":\"47\",\"29\":\"20\",\"30\":\"54\",\"31\":\"52\"}', '{\"5\":\"26\",\"6\":\"59\",\"7\":\"34\",\"8\":\"50\",\"9\":\"92\",\"1\":\"50\",\"2\":\"110\",\"10\":\"0\",\"11\":\"0\",\"12\":\"0\",\"13\":\"0\",\"14\":\"0\",\"15\":\"0\",\"3\":\"0\",\"4\":\"0\",\"16\":\"0\",\"17\":\"0\",\"18\":\"0\",\"19\":\"0\",\"20\":\"0\",\"21\":\"0\",\"22\":\"0\",\"23\":\"0\",\"24\":\"0\",\"25\":\"0\",\"26\":\"0\",\"27\":\"0\",\"28\":\"0\",\"29\":\"0\",\"30\":\"0\",\"31\":\"0\"}', 1, '2018-06-26 11:02:38', NULL, '2018-06-26 11:02:38'),
(12, 'zones', 12, 'January-2018', '26/06/2018 - 26/06/2018', '{\"5\":\"23\",\"6\":\"15\",\"7\":\"67\",\"8\":\"91\",\"9\":\"50\",\"1\":\"46\",\"2\":\"62\",\"10\":\"17\",\"11\":\"78\",\"12\":\"93\",\"13\":\"54\",\"14\":\"57\",\"15\":\"23\",\"3\":\"84\",\"4\":\"34\",\"16\":\"77\",\"17\":\"57\",\"18\":\"89\",\"19\":\"41\",\"20\":\"74\",\"21\":\"43\",\"22\":\"36\",\"23\":\"33\",\"24\":\"20\",\"25\":\"82\",\"26\":\"91\",\"27\":\"28\",\"28\":\"37\",\"29\":\"65\",\"30\":\"30\",\"31\":\"21\"}', '{\"5\":\"25\",\"6\":\"16\",\"7\":\"72\",\"8\":\"96\",\"9\":\"56\",\"1\":\"50\",\"2\":\"71\",\"10\":\"0\",\"11\":\"0\",\"12\":\"0\",\"13\":\"0\",\"14\":\"0\",\"15\":\"0\",\"3\":\"0\",\"4\":\"0\",\"16\":\"0\",\"17\":\"0\",\"18\":\"0\",\"19\":\"0\",\"20\":\"0\",\"21\":\"0\",\"22\":\"0\",\"23\":\"0\",\"24\":\"0\",\"25\":\"0\",\"26\":\"0\",\"27\":\"0\",\"28\":\"0\",\"29\":\"0\",\"30\":\"0\",\"31\":\"0\"}', 1, '2018-06-26 11:02:39', NULL, '2018-06-26 11:02:39'),
(13, 'regions', 1, 'January-2018', '26/06/2018 - 26/06/2018', '{\"5\":\"31\",\"6\":\"48\",\"7\":\"71\",\"8\":\"28\",\"9\":\"81\",\"1\":\"19\",\"2\":\"65\",\"10\":\"36\",\"11\":\"12\",\"12\":\"32\",\"13\":\"95\",\"14\":\"96\",\"15\":\"79\",\"3\":\"77\",\"4\":\"20\",\"16\":\"13\",\"17\":\"24\",\"18\":\"34\",\"19\":\"86\",\"20\":\"25\",\"21\":\"10\",\"22\":\"15\",\"23\":\"21\",\"24\":\"86\",\"25\":\"92\",\"26\":\"80\",\"27\":\"13\",\"28\":\"68\",\"29\":\"60\",\"30\":\"66\",\"31\":\"94\"}', '{\"5\":\"11\",\"6\":\"7\",\"7\":\"9\",\"8\":\"7\",\"9\":\"33\",\"1\":\"10\",\"2\":\"12\",\"10\":\"0\",\"11\":\"0\",\"12\":\"0\",\"13\":\"0\",\"14\":\"0\",\"15\":\"0\",\"3\":\"0\",\"4\":\"0\",\"16\":\"0\",\"17\":\"0\",\"18\":\"0\",\"19\":\"0\",\"20\":\"0\",\"21\":\"0\",\"22\":\"0\",\"23\":\"0\",\"24\":\"0\",\"25\":\"0\",\"26\":\"0\",\"27\":\"0\",\"28\":\"0\",\"29\":\"0\",\"30\":\"0\",\"31\":\"0\"}', 1, '2018-06-26 11:04:18', NULL, '2018-06-26 11:04:18'),
(14, 'regions', 2, 'January-2018', '26/06/2018 - 26/06/2018', '{\"5\":\"65\",\"6\":\"75\",\"7\":\"84\",\"8\":\"37\",\"9\":\"55\",\"1\":\"73\",\"2\":\"100\",\"10\":\"67\",\"11\":\"66\",\"12\":\"10\",\"13\":\"69\",\"14\":\"29\",\"15\":\"64\",\"3\":\"65\",\"4\":\"77\",\"16\":\"69\",\"17\":\"19\",\"18\":\"92\",\"19\":\"18\",\"20\":\"95\",\"21\":\"58\",\"22\":\"46\",\"23\":\"88\",\"24\":\"21\",\"25\":\"32\",\"26\":\"77\",\"27\":\"22\",\"28\":\"42\",\"29\":\"96\",\"30\":\"33\",\"31\":\"18\"}', '{\"5\":\"23\",\"6\":\"11\",\"7\":\"10\",\"8\":\"10\",\"9\":\"23\",\"1\":\"39\",\"2\":\"19\",\"10\":\"0\",\"11\":\"0\",\"12\":\"0\",\"13\":\"0\",\"14\":\"0\",\"15\":\"0\",\"3\":\"0\",\"4\":\"0\",\"16\":\"0\",\"17\":\"0\",\"18\":\"0\",\"19\":\"0\",\"20\":\"0\",\"21\":\"0\",\"22\":\"0\",\"23\":\"0\",\"24\":\"0\",\"25\":\"0\",\"26\":\"0\",\"27\":\"0\",\"28\":\"0\",\"29\":\"0\",\"30\":\"0\",\"31\":\"0\"}', 1, '2018-06-26 11:04:18', NULL, '2018-06-26 11:04:18'),
(15, 'regions', 3, 'January-2018', '26/06/2018 - 26/06/2018', '{\"5\":\"55\",\"6\":\"64\",\"7\":\"46\",\"8\":\"65\",\"9\":\"34\",\"1\":\"34\",\"2\":\"94\",\"10\":\"48\",\"11\":\"66\",\"12\":\"47\",\"13\":\"32\",\"14\":\"74\",\"15\":\"49\",\"3\":\"53\",\"4\":\"62\",\"16\":\"69\",\"17\":\"64\",\"18\":\"23\",\"19\":\"86\",\"20\":\"20\",\"21\":\"62\",\"22\":\"71\",\"23\":\"38\",\"24\":\"45\",\"25\":\"41\",\"26\":\"41\",\"27\":\"31\",\"28\":\"45\",\"29\":\"72\",\"30\":\"15\",\"31\":\"28\"}', '{\"5\":\"20\",\"6\":\"9\",\"7\":\"6\",\"8\":\"17\",\"9\":\"14\",\"1\":\"18\",\"2\":\"17\",\"10\":\"0\",\"11\":\"0\",\"12\":\"0\",\"13\":\"0\",\"14\":\"0\",\"15\":\"0\",\"3\":\"0\",\"4\":\"0\",\"16\":\"0\",\"17\":\"0\",\"18\":\"0\",\"19\":\"0\",\"20\":\"0\",\"21\":\"0\",\"22\":\"0\",\"23\":\"0\",\"24\":\"0\",\"25\":\"0\",\"26\":\"0\",\"27\":\"0\",\"28\":\"0\",\"29\":\"0\",\"30\":\"0\",\"31\":\"0\"}', 1, '2018-06-26 11:04:18', NULL, '2018-06-26 11:04:18'),
(16, 'territories', 1, 'January-2018', '26/06/2018 - 26/06/2018', '{\"5\":\"80\",\"6\":\"75\",\"7\":\"69\",\"8\":\"80\",\"9\":\"21\",\"1\":\"59\",\"2\":\"17\",\"10\":\"86\",\"11\":\"61\",\"12\":\"29\",\"13\":\"68\",\"14\":\"41\",\"15\":\"41\",\"3\":\"70\",\"4\":\"30\",\"16\":\"63\",\"17\":\"44\",\"18\":\"58\",\"19\":\"27\",\"20\":\"69\",\"21\":\"62\",\"22\":\"52\",\"23\":\"51\",\"24\":\"79\",\"25\":\"20\",\"26\":\"42\",\"27\":\"11\",\"28\":\"78\",\"29\":\"55\",\"30\":\"85\",\"31\":\"96\"}', '{\"5\":\"10\",\"6\":\"5\",\"7\":\"5\",\"8\":\"4\",\"9\":\"11\",\"1\":\"8\",\"2\":\"6\",\"10\":\"0\",\"11\":\"0\",\"12\":\"0\",\"13\":\"0\",\"14\":\"0\",\"15\":\"0\",\"3\":\"0\",\"4\":\"0\",\"16\":\"0\",\"17\":\"0\",\"18\":\"0\",\"19\":\"0\",\"20\":\"0\",\"21\":\"0\",\"22\":\"0\",\"23\":\"0\",\"24\":\"0\",\"25\":\"0\",\"26\":\"0\",\"27\":\"0\",\"28\":\"0\",\"29\":\"0\",\"30\":\"0\",\"31\":\"0\"}', 1, '2018-06-26 11:04:35', NULL, '2018-06-26 11:04:35'),
(17, 'territories', 2, 'January-2018', '26/06/2018 - 26/06/2018', '{\"5\":\"12\",\"6\":\"41\",\"7\":\"46\",\"8\":\"71\",\"9\":\"40\",\"1\":\"13\",\"2\":\"19\",\"10\":\"72\",\"11\":\"69\",\"12\":\"86\",\"13\":\"23\",\"14\":\"90\",\"15\":\"30\",\"3\":\"44\",\"4\":\"78\",\"16\":\"38\",\"17\":\"94\",\"18\":\"86\",\"19\":\"95\",\"20\":\"92\",\"21\":\"73\",\"22\":\"66\",\"23\":\"14\",\"24\":\"24\",\"25\":\"25\",\"26\":\"29\",\"27\":\"25\",\"28\":\"30\",\"29\":\"54\",\"30\":\"66\",\"31\":\"62\"}', '{\"5\":\"1\",\"6\":\"2\",\"7\":\"4\",\"8\":\"3\",\"9\":\"22\",\"1\":\"2\",\"2\":\"6\",\"10\":\"0\",\"11\":\"0\",\"12\":\"0\",\"13\":\"0\",\"14\":\"0\",\"15\":\"0\",\"3\":\"0\",\"4\":\"0\",\"16\":\"0\",\"17\":\"0\",\"18\":\"0\",\"19\":\"0\",\"20\":\"0\",\"21\":\"0\",\"22\":\"0\",\"23\":\"0\",\"24\":\"0\",\"25\":\"0\",\"26\":\"0\",\"27\":\"0\",\"28\":\"0\",\"29\":\"0\",\"30\":\"0\",\"31\":\"0\"}', 1, '2018-06-26 11:04:35', NULL, '2018-06-26 11:04:35'),
(18, 'area', 6, 'January-2018', '26/06/2018 - 26/06/2018', '{\"5\":\"13\",\"6\":\"48\",\"7\":\"58\",\"8\":\"67\",\"9\":\"84\",\"1\":\"33\",\"2\":\"49\",\"10\":\"65\",\"11\":\"71\",\"12\":\"30\",\"13\":\"76\",\"14\":\"38\",\"15\":\"32\",\"3\":\"16\",\"4\":\"70\",\"16\":\"84\",\"17\":\"11\",\"18\":\"19\",\"19\":\"35\",\"20\":\"69\",\"21\":\"15\",\"22\":\"58\",\"23\":\"87\",\"24\":\"12\",\"25\":\"92\",\"26\":\"79\",\"27\":\"94\",\"28\":\"20\",\"29\":\"61\",\"30\":\"69\",\"31\":\"16\"}', '{\"5\":\"0\",\"6\":\"0\",\"7\":\"0\",\"8\":\"0\",\"9\":\"1\",\"1\":\"0\",\"2\":\"0\",\"10\":\"0\",\"11\":\"0\",\"12\":\"0\",\"13\":\"0\",\"14\":\"0\",\"15\":\"0\",\"3\":\"0\",\"4\":\"0\",\"16\":\"0\",\"17\":\"0\",\"18\":\"0\",\"19\":\"0\",\"20\":\"0\",\"21\":\"0\",\"22\":\"0\",\"23\":\"0\",\"24\":\"0\",\"25\":\"0\",\"26\":\"0\",\"27\":\"0\",\"28\":\"0\",\"29\":\"0\",\"30\":\"0\",\"31\":\"0\"}', 1, '2018-06-26 11:04:55', NULL, '2018-06-26 11:04:55'),
(19, 'area', 7, 'January-2018', '26/06/2018 - 26/06/2018', '{\"5\":\"79\",\"6\":\"99\",\"7\":\"49\",\"8\":\"17\",\"9\":\"52\",\"1\":\"35\",\"2\":\"90\",\"10\":\"52\",\"11\":\"85\",\"12\":\"34\",\"13\":\"42\",\"14\":\"20\",\"15\":\"31\",\"3\":\"83\",\"4\":\"28\",\"16\":\"38\",\"17\":\"29\",\"18\":\"17\",\"19\":\"16\",\"20\":\"20\",\"21\":\"47\",\"22\":\"66\",\"23\":\"39\",\"24\":\"84\",\"25\":\"22\",\"26\":\"48\",\"27\":\"91\",\"28\":\"37\",\"29\":\"67\",\"30\":\"29\",\"31\":\"79\"}', '{\"5\":\"1\",\"6\":\"1\",\"7\":\"0\",\"8\":\"0\",\"9\":\"1\",\"1\":\"0\",\"2\":\"1\",\"10\":\"0\",\"11\":\"0\",\"12\":\"0\",\"13\":\"0\",\"14\":\"0\",\"15\":\"0\",\"3\":\"0\",\"4\":\"0\",\"16\":\"0\",\"17\":\"0\",\"18\":\"0\",\"19\":\"0\",\"20\":\"0\",\"21\":\"0\",\"22\":\"0\",\"23\":\"0\",\"24\":\"0\",\"25\":\"0\",\"26\":\"0\",\"27\":\"0\",\"28\":\"0\",\"29\":\"0\",\"30\":\"0\",\"31\":\"0\"}', 1, '2018-06-26 11:04:55', NULL, '2018-06-26 11:04:55'),
(20, 'area', 8, 'January-2018', '26/06/2018 - 26/06/2018', '{\"5\":\"31\",\"6\":\"14\",\"7\":\"86\",\"8\":\"89\",\"9\":\"47\",\"1\":\"76\",\"2\":\"90\",\"10\":\"44\",\"11\":\"47\",\"12\":\"24\",\"13\":\"76\",\"14\":\"54\",\"15\":\"46\",\"3\":\"82\",\"4\":\"65\",\"16\":\"40\",\"17\":\"86\",\"18\":\"51\",\"19\":\"85\",\"20\":\"79\",\"21\":\"67\",\"22\":\"98\",\"23\":\"23\",\"24\":\"13\",\"25\":\"83\",\"26\":\"51\",\"27\":\"30\",\"28\":\"86\",\"29\":\"100\",\"30\":\"82\",\"31\":\"30\"}', '{\"5\":\"0\",\"6\":\"0\",\"7\":\"1\",\"8\":\"0\",\"9\":\"1\",\"1\":\"1\",\"2\":\"1\",\"10\":\"0\",\"11\":\"0\",\"12\":\"0\",\"13\":\"0\",\"14\":\"0\",\"15\":\"0\",\"3\":\"0\",\"4\":\"0\",\"16\":\"0\",\"17\":\"0\",\"18\":\"0\",\"19\":\"0\",\"20\":\"0\",\"21\":\"0\",\"22\":\"0\",\"23\":\"0\",\"24\":\"0\",\"25\":\"0\",\"26\":\"0\",\"27\":\"0\",\"28\":\"0\",\"29\":\"0\",\"30\":\"0\",\"31\":\"0\"}', 1, '2018-06-26 11:04:55', NULL, '2018-06-26 11:04:55'),
(21, 'area', 9, 'January-2018', '26/06/2018 - 26/06/2018', '{\"5\":\"48\",\"6\":\"76\",\"7\":\"93\",\"8\":\"26\",\"9\":\"26\",\"1\":\"23\",\"2\":\"10\",\"10\":\"18\",\"11\":\"85\",\"12\":\"24\",\"13\":\"100\",\"14\":\"81\",\"15\":\"81\",\"3\":\"55\",\"4\":\"96\",\"16\":\"34\",\"17\":\"52\",\"18\":\"20\",\"19\":\"11\",\"20\":\"53\",\"21\":\"75\",\"22\":\"13\",\"23\":\"60\",\"24\":\"22\",\"25\":\"75\",\"26\":\"18\",\"27\":\"44\",\"28\":\"50\",\"29\":\"87\",\"30\":\"72\",\"31\":\"41\"}', '{\"5\":\"1\",\"6\":\"0\",\"7\":\"1\",\"8\":\"0\",\"9\":\"0\",\"1\":\"0\",\"2\":\"0\",\"10\":\"0\",\"11\":\"0\",\"12\":\"0\",\"13\":\"0\",\"14\":\"0\",\"15\":\"0\",\"3\":\"0\",\"4\":\"0\",\"16\":\"0\",\"17\":\"0\",\"18\":\"0\",\"19\":\"0\",\"20\":\"0\",\"21\":\"0\",\"22\":\"0\",\"23\":\"0\",\"24\":\"0\",\"25\":\"0\",\"26\":\"0\",\"27\":\"0\",\"28\":\"0\",\"29\":\"0\",\"30\":\"0\",\"31\":\"0\"}', 1, '2018-06-26 11:04:55', NULL, '2018-06-26 11:04:55'),
(22, 'area', 10, 'January-2018', '26/06/2018 - 26/06/2018', '{\"5\":\"60\",\"6\":\"88\",\"7\":\"31\",\"8\":\"89\",\"9\":\"77\",\"1\":\"86\",\"2\":\"86\",\"10\":\"12\",\"11\":\"38\",\"12\":\"42\",\"13\":\"46\",\"14\":\"96\",\"15\":\"98\",\"3\":\"33\",\"4\":\"40\",\"16\":\"27\",\"17\":\"21\",\"18\":\"35\",\"19\":\"84\",\"20\":\"12\",\"21\":\"14\",\"22\":\"70\",\"23\":\"42\",\"24\":\"53\",\"25\":\"11\",\"26\":\"53\",\"27\":\"29\",\"28\":\"99\",\"29\":\"81\",\"30\":\"26\",\"31\":\"62\"}', '{\"5\":\"1\",\"6\":\"0\",\"7\":\"0\",\"8\":\"0\",\"9\":\"1\",\"1\":\"1\",\"2\":\"1\",\"10\":\"0\",\"11\":\"0\",\"12\":\"0\",\"13\":\"0\",\"14\":\"0\",\"15\":\"0\",\"3\":\"0\",\"4\":\"0\",\"16\":\"0\",\"17\":\"0\",\"18\":\"0\",\"19\":\"0\",\"20\":\"0\",\"21\":\"0\",\"22\":\"0\",\"23\":\"0\",\"24\":\"0\",\"25\":\"0\",\"26\":\"0\",\"27\":\"0\",\"28\":\"0\",\"29\":\"0\",\"30\":\"0\",\"31\":\"0\"}', 1, '2018-06-26 11:04:55', NULL, '2018-06-26 11:04:55'),
(23, 'area', 11, 'January-2018', '26/06/2018 - 26/06/2018', '{\"5\":\"65\",\"6\":\"99\",\"7\":\"81\",\"8\":\"65\",\"9\":\"58\",\"1\":\"39\",\"2\":\"78\",\"10\":\"13\",\"11\":\"39\",\"12\":\"44\",\"13\":\"35\",\"14\":\"20\",\"15\":\"34\",\"3\":\"93\",\"4\":\"62\",\"16\":\"70\",\"17\":\"73\",\"18\":\"98\",\"19\":\"19\",\"20\":\"33\",\"21\":\"29\",\"22\":\"17\",\"23\":\"19\",\"24\":\"82\",\"25\":\"86\",\"26\":\"93\",\"27\":\"60\",\"28\":\"41\",\"29\":\"72\",\"30\":\"37\",\"31\":\"17\"}', '{\"5\":\"1\",\"6\":\"1\",\"7\":\"0\",\"8\":\"0\",\"9\":\"1\",\"1\":\"0\",\"2\":\"1\",\"10\":\"0\",\"11\":\"0\",\"12\":\"0\",\"13\":\"0\",\"14\":\"0\",\"15\":\"0\",\"3\":\"0\",\"4\":\"0\",\"16\":\"0\",\"17\":\"0\",\"18\":\"0\",\"19\":\"0\",\"20\":\"0\",\"21\":\"0\",\"22\":\"0\",\"23\":\"0\",\"24\":\"0\",\"25\":\"0\",\"26\":\"0\",\"27\":\"0\",\"28\":\"0\",\"29\":\"0\",\"30\":\"0\",\"31\":\"0\"}', 1, '2018-06-26 11:04:55', NULL, '2018-06-26 11:04:55'),
(24, 'area', 12, 'January-2018', '26/06/2018 - 26/06/2018', '{\"5\":\"67\",\"6\":\"49\",\"7\":\"16\",\"8\":\"58\",\"9\":\"68\",\"1\":\"86\",\"2\":\"15\",\"10\":\"81\",\"11\":\"49\",\"12\":\"19\",\"13\":\"12\",\"14\":\"39\",\"15\":\"36\",\"3\":\"87\",\"4\":\"88\",\"16\":\"85\",\"17\":\"71\",\"18\":\"13\",\"19\":\"81\",\"20\":\"37\",\"21\":\"67\",\"22\":\"23\",\"23\":\"91\",\"24\":\"27\",\"25\":\"16\",\"26\":\"21\",\"27\":\"67\",\"28\":\"54\",\"29\":\"35\",\"30\":\"93\",\"31\":\"83\"}', '{\"5\":\"1\",\"6\":\"0\",\"7\":\"0\",\"8\":\"0\",\"9\":\"1\",\"1\":\"1\",\"2\":\"0\",\"10\":\"0\",\"11\":\"0\",\"12\":\"0\",\"13\":\"0\",\"14\":\"0\",\"15\":\"0\",\"3\":\"0\",\"4\":\"0\",\"16\":\"0\",\"17\":\"0\",\"18\":\"0\",\"19\":\"0\",\"20\":\"0\",\"21\":\"0\",\"22\":\"0\",\"23\":\"0\",\"24\":\"0\",\"25\":\"0\",\"26\":\"0\",\"27\":\"0\",\"28\":\"0\",\"29\":\"0\",\"30\":\"0\",\"31\":\"0\"}', 1, '2018-06-26 11:04:55', NULL, '2018-06-26 11:04:55'),
(25, 'area', 13, 'January-2018', '26/06/2018 - 26/06/2018', '{\"5\":\"78\",\"6\":\"27\",\"7\":\"11\",\"8\":\"66\",\"9\":\"16\",\"1\":\"33\",\"2\":\"71\",\"10\":\"12\",\"11\":\"92\",\"12\":\"25\",\"13\":\"22\",\"14\":\"74\",\"15\":\"70\",\"3\":\"52\",\"4\":\"13\",\"16\":\"18\",\"17\":\"59\",\"18\":\"20\",\"19\":\"60\",\"20\":\"30\",\"21\":\"24\",\"22\":\"28\",\"23\":\"16\",\"24\":\"73\",\"25\":\"78\",\"26\":\"89\",\"27\":\"49\",\"28\":\"62\",\"29\":\"50\",\"30\":\"45\",\"31\":\"55\"}', '{\"5\":\"1\",\"6\":\"0\",\"7\":\"0\",\"8\":\"0\",\"9\":\"0\",\"1\":\"0\",\"2\":\"1\",\"10\":\"0\",\"11\":\"0\",\"12\":\"0\",\"13\":\"0\",\"14\":\"0\",\"15\":\"0\",\"3\":\"0\",\"4\":\"0\",\"16\":\"0\",\"17\":\"0\",\"18\":\"0\",\"19\":\"0\",\"20\":\"0\",\"21\":\"0\",\"22\":\"0\",\"23\":\"0\",\"24\":\"0\",\"25\":\"0\",\"26\":\"0\",\"27\":\"0\",\"28\":\"0\",\"29\":\"0\",\"30\":\"0\",\"31\":\"0\"}', 1, '2018-06-26 11:04:55', NULL, '2018-06-26 11:04:55'),
(26, 'area', 14, 'January-2018', '26/06/2018 - 26/06/2018', '{\"5\":\"71\",\"6\":\"15\",\"7\":\"100\",\"8\":\"84\",\"9\":\"94\",\"1\":\"51\",\"2\":\"84\",\"10\":\"41\",\"11\":\"83\",\"12\":\"46\",\"13\":\"25\",\"14\":\"53\",\"15\":\"45\",\"3\":\"51\",\"4\":\"70\",\"16\":\"78\",\"17\":\"51\",\"18\":\"33\",\"19\":\"41\",\"20\":\"44\",\"21\":\"95\",\"22\":\"79\",\"23\":\"41\",\"24\":\"45\",\"25\":\"73\",\"26\":\"26\",\"27\":\"14\",\"28\":\"77\",\"29\":\"15\",\"30\":\"87\",\"31\":\"19\"}', '{\"5\":\"1\",\"6\":\"0\",\"7\":\"1\",\"8\":\"0\",\"9\":\"1\",\"1\":\"1\",\"2\":\"1\",\"10\":\"0\",\"11\":\"0\",\"12\":\"0\",\"13\":\"0\",\"14\":\"0\",\"15\":\"0\",\"3\":\"0\",\"4\":\"0\",\"16\":\"0\",\"17\":\"0\",\"18\":\"0\",\"19\":\"0\",\"20\":\"0\",\"21\":\"0\",\"22\":\"0\",\"23\":\"0\",\"24\":\"0\",\"25\":\"0\",\"26\":\"0\",\"27\":\"0\",\"28\":\"0\",\"29\":\"0\",\"30\":\"0\",\"31\":\"0\"}', 1, '2018-06-26 11:04:55', NULL, '2018-06-26 11:04:55'),
(27, 'area', 15, 'January-2018', '26/06/2018 - 26/06/2018', '{\"5\":\"60\",\"6\":\"90\",\"7\":\"56\",\"8\":\"69\",\"9\":\"47\",\"1\":\"31\",\"2\":\"29\",\"10\":\"46\",\"11\":\"73\",\"12\":\"31\",\"13\":\"58\",\"14\":\"59\",\"15\":\"53\",\"3\":\"61\",\"4\":\"45\",\"16\":\"60\",\"17\":\"44\",\"18\":\"46\",\"19\":\"66\",\"20\":\"28\",\"21\":\"75\",\"22\":\"68\",\"23\":\"87\",\"24\":\"99\",\"25\":\"41\",\"26\":\"96\",\"27\":\"19\",\"28\":\"53\",\"29\":\"30\",\"30\":\"40\",\"31\":\"44\"}', '{\"5\":\"1\",\"6\":\"0\",\"7\":\"0\",\"8\":\"0\",\"9\":\"1\",\"1\":\"0\",\"2\":\"0\",\"10\":\"0\",\"11\":\"0\",\"12\":\"0\",\"13\":\"0\",\"14\":\"0\",\"15\":\"0\",\"3\":\"0\",\"4\":\"0\",\"16\":\"0\",\"17\":\"0\",\"18\":\"0\",\"19\":\"0\",\"20\":\"0\",\"21\":\"0\",\"22\":\"0\",\"23\":\"0\",\"24\":\"0\",\"25\":\"0\",\"26\":\"0\",\"27\":\"0\",\"28\":\"0\",\"29\":\"0\",\"30\":\"0\",\"31\":\"0\"}', 1, '2018-06-26 11:04:55', NULL, '2018-06-26 11:04:55'),
(28, 'area', 16, 'January-2018', '26/06/2018 - 26/06/2018', '{\"5\":\"11\",\"6\":\"74\",\"7\":\"88\",\"8\":\"100\",\"9\":\"87\",\"1\":\"52\",\"2\":\"15\",\"10\":\"64\",\"11\":\"27\",\"12\":\"45\",\"13\":\"60\",\"14\":\"92\",\"15\":\"27\",\"3\":\"67\",\"4\":\"87\",\"16\":\"43\",\"17\":\"37\",\"18\":\"17\",\"19\":\"51\",\"20\":\"39\",\"21\":\"75\",\"22\":\"19\",\"23\":\"64\",\"24\":\"27\",\"25\":\"17\",\"26\":\"70\",\"27\":\"21\",\"28\":\"50\",\"29\":\"49\",\"30\":\"18\",\"31\":\"82\"}', '{\"5\":\"0\",\"6\":\"0\",\"7\":\"1\",\"8\":\"0\",\"9\":\"1\",\"1\":\"1\",\"2\":\"0\",\"10\":\"0\",\"11\":\"0\",\"12\":\"0\",\"13\":\"0\",\"14\":\"0\",\"15\":\"0\",\"3\":\"0\",\"4\":\"0\",\"16\":\"0\",\"17\":\"0\",\"18\":\"0\",\"19\":\"0\",\"20\":\"0\",\"21\":\"0\",\"22\":\"0\",\"23\":\"0\",\"24\":\"0\",\"25\":\"0\",\"26\":\"0\",\"27\":\"0\",\"28\":\"0\",\"29\":\"0\",\"30\":\"0\",\"31\":\"0\"}', 1, '2018-06-26 11:04:55', NULL, '2018-06-26 11:04:55'),
(29, 'area', 17, 'January-2018', '26/06/2018 - 26/06/2018', '{\"5\":\"70\",\"6\":\"66\",\"7\":\"33\",\"8\":\"30\",\"9\":\"86\",\"1\":\"35\",\"2\":\"25\",\"10\":\"45\",\"11\":\"26\",\"12\":\"86\",\"13\":\"75\",\"14\":\"60\",\"15\":\"92\",\"3\":\"72\",\"4\":\"69\",\"16\":\"81\",\"17\":\"77\",\"18\":\"28\",\"19\":\"30\",\"20\":\"36\",\"21\":\"61\",\"22\":\"94\",\"23\":\"21\",\"24\":\"30\",\"25\":\"40\",\"26\":\"60\",\"27\":\"52\",\"28\":\"34\",\"29\":\"30\",\"30\":\"74\",\"31\":\"80\"}', '{\"5\":\"1\",\"6\":\"0\",\"7\":\"0\",\"8\":\"0\",\"9\":\"1\",\"1\":\"0\",\"2\":\"0\",\"10\":\"0\",\"11\":\"0\",\"12\":\"0\",\"13\":\"0\",\"14\":\"0\",\"15\":\"0\",\"3\":\"0\",\"4\":\"0\",\"16\":\"0\",\"17\":\"0\",\"18\":\"0\",\"19\":\"0\",\"20\":\"0\",\"21\":\"0\",\"22\":\"0\",\"23\":\"0\",\"24\":\"0\",\"25\":\"0\",\"26\":\"0\",\"27\":\"0\",\"28\":\"0\",\"29\":\"0\",\"30\":\"0\",\"31\":\"0\"}', 1, '2018-06-26 11:04:55', NULL, '2018-06-26 11:04:55'),
(30, 'area', 18, 'January-2018', '26/06/2018 - 26/06/2018', '{\"5\":\"65\",\"6\":\"70\",\"7\":\"29\",\"8\":\"87\",\"9\":\"17\",\"1\":\"28\",\"2\":\"32\",\"10\":\"51\",\"11\":\"13\",\"12\":\"51\",\"13\":\"94\",\"14\":\"73\",\"15\":\"65\",\"3\":\"20\",\"4\":\"88\",\"16\":\"11\",\"17\":\"23\",\"18\":\"16\",\"19\":\"18\",\"20\":\"70\",\"21\":\"92\",\"22\":\"49\",\"23\":\"71\",\"24\":\"76\",\"25\":\"92\",\"26\":\"75\",\"27\":\"10\",\"28\":\"42\",\"29\":\"35\",\"30\":\"72\",\"31\":\"73\"}', '{\"5\":\"1\",\"6\":\"0\",\"7\":\"0\",\"8\":\"0\",\"9\":\"0\",\"1\":\"0\",\"2\":\"0\",\"10\":\"0\",\"11\":\"0\",\"12\":\"0\",\"13\":\"0\",\"14\":\"0\",\"15\":\"0\",\"3\":\"0\",\"4\":\"0\",\"16\":\"0\",\"17\":\"0\",\"18\":\"0\",\"19\":\"0\",\"20\":\"0\",\"21\":\"0\",\"22\":\"0\",\"23\":\"0\",\"24\":\"0\",\"25\":\"0\",\"26\":\"0\",\"27\":\"0\",\"28\":\"0\",\"29\":\"0\",\"30\":\"0\",\"31\":\"0\"}', 1, '2018-06-26 11:04:55', NULL, '2018-06-26 11:04:55'),
(31, 'area', 19, 'January-2018', '26/06/2018 - 26/06/2018', '{\"5\":\"100\",\"6\":\"30\",\"7\":\"55\",\"8\":\"92\",\"9\":\"31\",\"1\":\"35\",\"2\":\"47\",\"10\":\"31\",\"11\":\"100\",\"12\":\"77\",\"13\":\"28\",\"14\":\"12\",\"15\":\"28\",\"3\":\"94\",\"4\":\"15\",\"16\":\"20\",\"17\":\"76\",\"18\":\"74\",\"19\":\"58\",\"20\":\"12\",\"21\":\"63\",\"22\":\"57\",\"23\":\"89\",\"24\":\"51\",\"25\":\"17\",\"26\":\"73\",\"27\":\"75\",\"28\":\"31\",\"29\":\"94\",\"30\":\"28\",\"31\":\"36\"}', '{\"5\":\"1\",\"6\":\"0\",\"7\":\"0\",\"8\":\"0\",\"9\":\"0\",\"1\":\"0\",\"2\":\"0\",\"10\":\"0\",\"11\":\"0\",\"12\":\"0\",\"13\":\"0\",\"14\":\"0\",\"15\":\"0\",\"3\":\"0\",\"4\":\"0\",\"16\":\"0\",\"17\":\"0\",\"18\":\"0\",\"19\":\"0\",\"20\":\"0\",\"21\":\"0\",\"22\":\"0\",\"23\":\"0\",\"24\":\"0\",\"25\":\"0\",\"26\":\"0\",\"27\":\"0\",\"28\":\"0\",\"29\":\"0\",\"30\":\"0\",\"31\":\"0\"}', 1, '2018-06-26 11:04:55', NULL, '2018-06-26 11:04:55'),
(32, 'area', 20, 'January-2018', '26/06/2018 - 26/06/2018', '{\"5\":\"91\",\"6\":\"93\",\"7\":\"63\",\"8\":\"75\",\"9\":\"82\",\"1\":\"21\",\"2\":\"89\",\"10\":\"14\",\"11\":\"14\",\"12\":\"77\",\"13\":\"81\",\"14\":\"46\",\"15\":\"79\",\"3\":\"99\",\"4\":\"94\",\"16\":\"23\",\"17\":\"51\",\"18\":\"58\",\"19\":\"70\",\"20\":\"18\",\"21\":\"28\",\"22\":\"71\",\"23\":\"90\",\"24\":\"12\",\"25\":\"17\",\"26\":\"69\",\"27\":\"50\",\"28\":\"66\",\"29\":\"42\",\"30\":\"17\",\"31\":\"60\"}', '{\"5\":\"1\",\"6\":\"0\",\"7\":\"0\",\"8\":\"0\",\"9\":\"1\",\"1\":\"0\",\"2\":\"1\",\"10\":\"0\",\"11\":\"0\",\"12\":\"0\",\"13\":\"0\",\"14\":\"0\",\"15\":\"0\",\"3\":\"0\",\"4\":\"0\",\"16\":\"0\",\"17\":\"0\",\"18\":\"0\",\"19\":\"0\",\"20\":\"0\",\"21\":\"0\",\"22\":\"0\",\"23\":\"0\",\"24\":\"0\",\"25\":\"0\",\"26\":\"0\",\"27\":\"0\",\"28\":\"0\",\"29\":\"0\",\"30\":\"0\",\"31\":\"0\"}', 1, '2018-06-26 11:04:55', NULL, '2018-06-26 11:04:55'),
(33, 'zones', 1, 'October-2018', '26/06/2018 - 26/06/2018', '{\"5\":\"61\",\"6\":\"88\",\"7\":\"95\",\"8\":\"93\",\"9\":\"88\",\"1\":\"24\",\"2\":\"32\",\"10\":\"81\",\"11\":\"55\",\"12\":\"63\",\"13\":\"61\",\"14\":\"98\",\"15\":\"70\",\"3\":\"38\",\"4\":\"43\",\"16\":\"57\",\"17\":\"97\",\"18\":\"38\",\"19\":\"26\",\"20\":\"44\",\"21\":\"13\",\"22\":\"23\",\"23\":\"18\",\"24\":\"16\",\"25\":\"29\",\"26\":\"27\",\"27\":\"83\",\"28\":\"82\",\"29\":\"23\",\"30\":\"72\",\"31\":\"84\"}', '{\"5\":\"69\",\"6\":\"0\",\"7\":\"0\",\"8\":\"0\",\"9\":\"0\",\"1\":\"0\",\"2\":\"0\",\"10\":\"0\",\"11\":\"0\",\"12\":\"0\",\"13\":\"0\",\"14\":\"0\",\"15\":\"0\",\"3\":\"0\",\"4\":\"0\",\"16\":\"0\",\"17\":\"0\",\"18\":\"0\",\"19\":\"0\",\"20\":\"0\",\"21\":\"0\",\"22\":\"0\",\"23\":\"0\",\"24\":\"0\",\"25\":\"0\",\"26\":\"0\",\"27\":\"0\",\"28\":\"0\",\"29\":\"0\",\"30\":\"0\",\"31\":\"0\"}', 1, '2018-06-26 12:24:27', NULL, '2018-06-26 12:24:27'),
(34, 'zones', 2, 'October-2018', '26/06/2018 - 26/06/2018', '{\"5\":\"87\",\"6\":\"41\",\"7\":\"66\",\"8\":\"34\",\"9\":\"63\",\"1\":\"81\",\"2\":\"18\",\"10\":\"80\",\"11\":\"61\",\"12\":\"88\",\"13\":\"49\",\"14\":\"10\",\"15\":\"73\",\"3\":\"38\",\"4\":\"86\",\"16\":\"36\",\"17\":\"46\",\"18\":\"55\",\"19\":\"74\",\"20\":\"46\",\"21\":\"33\",\"22\":\"12\",\"23\":\"25\",\"24\":\"10\",\"25\":\"84\",\"26\":\"61\",\"27\":\"94\",\"28\":\"34\",\"29\":\"38\",\"30\":\"91\",\"31\":\"38\"}', '{\"5\":\"98\",\"6\":\"0\",\"7\":\"0\",\"8\":\"0\",\"9\":\"0\",\"1\":\"0\",\"2\":\"0\",\"10\":\"0\",\"11\":\"0\",\"12\":\"0\",\"13\":\"0\",\"14\":\"0\",\"15\":\"0\",\"3\":\"0\",\"4\":\"0\",\"16\":\"0\",\"17\":\"0\",\"18\":\"0\",\"19\":\"0\",\"20\":\"0\",\"21\":\"0\",\"22\":\"0\",\"23\":\"0\",\"24\":\"0\",\"25\":\"0\",\"26\":\"0\",\"27\":\"0\",\"28\":\"0\",\"29\":\"0\",\"30\":\"0\",\"31\":\"0\"}', 1, '2018-06-26 12:24:27', NULL, '2018-06-26 12:24:27'),
(35, 'zones', 3, 'October-2018', '26/06/2018 - 26/06/2018', '{\"5\":\"55\",\"6\":\"100\",\"7\":\"34\",\"8\":\"36\",\"9\":\"71\",\"1\":\"18\",\"2\":\"80\",\"10\":\"83\",\"11\":\"76\",\"12\":\"13\",\"13\":\"20\",\"14\":\"15\",\"15\":\"71\",\"3\":\"53\",\"4\":\"64\",\"16\":\"62\",\"17\":\"81\",\"18\":\"79\",\"19\":\"74\",\"20\":\"87\",\"21\":\"94\",\"22\":\"88\",\"23\":\"45\",\"24\":\"100\",\"25\":\"54\",\"26\":\"77\",\"27\":\"30\",\"28\":\"70\",\"29\":\"58\",\"30\":\"52\",\"31\":\"25\"}', '{\"5\":\"62\",\"6\":\"0\",\"7\":\"0\",\"8\":\"0\",\"9\":\"0\",\"1\":\"0\",\"2\":\"0\",\"10\":\"0\",\"11\":\"0\",\"12\":\"0\",\"13\":\"0\",\"14\":\"0\",\"15\":\"0\",\"3\":\"0\",\"4\":\"0\",\"16\":\"0\",\"17\":\"0\",\"18\":\"0\",\"19\":\"0\",\"20\":\"0\",\"21\":\"0\",\"22\":\"0\",\"23\":\"0\",\"24\":\"0\",\"25\":\"0\",\"26\":\"0\",\"27\":\"0\",\"28\":\"0\",\"29\":\"0\",\"30\":\"0\",\"31\":\"0\"}', 1, '2018-06-26 12:24:27', NULL, '2018-06-26 12:24:27'),
(36, 'zones', 4, 'October-2018', '26/06/2018 - 26/06/2018', '{\"5\":\"49\",\"6\":\"79\",\"7\":\"25\",\"8\":\"96\",\"9\":\"99\",\"1\":\"86\",\"2\":\"12\",\"10\":\"25\",\"11\":\"90\",\"12\":\"51\",\"13\":\"97\",\"14\":\"70\",\"15\":\"16\",\"3\":\"52\",\"4\":\"68\",\"16\":\"83\",\"17\":\"32\",\"18\":\"95\",\"19\":\"43\",\"20\":\"60\",\"21\":\"30\",\"22\":\"79\",\"23\":\"49\",\"24\":\"70\",\"25\":\"91\",\"26\":\"100\",\"27\":\"41\",\"28\":\"99\",\"29\":\"10\",\"30\":\"72\",\"31\":\"98\"}', '{\"5\":\"55\",\"6\":\"0\",\"7\":\"0\",\"8\":\"0\",\"9\":\"0\",\"1\":\"0\",\"2\":\"0\",\"10\":\"0\",\"11\":\"0\",\"12\":\"0\",\"13\":\"0\",\"14\":\"0\",\"15\":\"0\",\"3\":\"0\",\"4\":\"0\",\"16\":\"0\",\"17\":\"0\",\"18\":\"0\",\"19\":\"0\",\"20\":\"0\",\"21\":\"0\",\"22\":\"0\",\"23\":\"0\",\"24\":\"0\",\"25\":\"0\",\"26\":\"0\",\"27\":\"0\",\"28\":\"0\",\"29\":\"0\",\"30\":\"0\",\"31\":\"0\"}', 1, '2018-06-26 12:24:27', NULL, '2018-06-26 12:24:27'),
(37, 'zones', 5, 'October-2018', '26/06/2018 - 26/06/2018', '{\"5\":\"99\",\"6\":\"33\",\"7\":\"22\",\"8\":\"48\",\"9\":\"87\",\"1\":\"28\",\"2\":\"28\",\"10\":\"38\",\"11\":\"12\",\"12\":\"27\",\"13\":\"93\",\"14\":\"24\",\"15\":\"60\",\"3\":\"32\",\"4\":\"45\",\"16\":\"44\",\"17\":\"32\",\"18\":\"76\",\"19\":\"47\",\"20\":\"70\",\"21\":\"42\",\"22\":\"30\",\"23\":\"81\",\"24\":\"96\",\"25\":\"21\",\"26\":\"100\",\"27\":\"78\",\"28\":\"77\",\"29\":\"59\",\"30\":\"14\",\"31\":\"81\"}', '{\"5\":\"112\",\"6\":\"0\",\"7\":\"0\",\"8\":\"0\",\"9\":\"0\",\"1\":\"0\",\"2\":\"0\",\"10\":\"0\",\"11\":\"0\",\"12\":\"0\",\"13\":\"0\",\"14\":\"0\",\"15\":\"0\",\"3\":\"0\",\"4\":\"0\",\"16\":\"0\",\"17\":\"0\",\"18\":\"0\",\"19\":\"0\",\"20\":\"0\",\"21\":\"0\",\"22\":\"0\",\"23\":\"0\",\"24\":\"0\",\"25\":\"0\",\"26\":\"0\",\"27\":\"0\",\"28\":\"0\",\"29\":\"0\",\"30\":\"0\",\"31\":\"0\"}', 1, '2018-06-26 12:24:28', NULL, '2018-06-26 12:24:28'),
(38, 'zones', 6, 'October-2018', '26/06/2018 - 26/06/2018', '{\"5\":\"23\",\"6\":\"84\",\"7\":\"17\",\"8\":\"81\",\"9\":\"73\",\"1\":\"18\",\"2\":\"57\",\"10\":\"70\",\"11\":\"85\",\"12\":\"25\",\"13\":\"94\",\"14\":\"86\",\"15\":\"78\",\"3\":\"99\",\"4\":\"78\",\"16\":\"97\",\"17\":\"93\",\"18\":\"30\",\"19\":\"82\",\"20\":\"93\",\"21\":\"25\",\"22\":\"29\",\"23\":\"57\",\"24\":\"86\",\"25\":\"37\",\"26\":\"98\",\"27\":\"29\",\"28\":\"96\",\"29\":\"39\",\"30\":\"85\",\"31\":\"41\"}', '{\"5\":\"26\",\"6\":\"0\",\"7\":\"0\",\"8\":\"0\",\"9\":\"0\",\"1\":\"0\",\"2\":\"0\",\"10\":\"0\",\"11\":\"0\",\"12\":\"0\",\"13\":\"0\",\"14\":\"0\",\"15\":\"0\",\"3\":\"0\",\"4\":\"0\",\"16\":\"0\",\"17\":\"0\",\"18\":\"0\",\"19\":\"0\",\"20\":\"0\",\"21\":\"0\",\"22\":\"0\",\"23\":\"0\",\"24\":\"0\",\"25\":\"0\",\"26\":\"0\",\"27\":\"0\",\"28\":\"0\",\"29\":\"0\",\"30\":\"0\",\"31\":\"0\"}', 1, '2018-06-26 12:24:28', NULL, '2018-06-26 12:24:28'),
(39, 'zones', 7, 'October-2018', '26/06/2018 - 26/06/2018', '{\"5\":\"13\",\"6\":\"33\",\"7\":\"28\",\"8\":\"73\",\"9\":\"94\",\"1\":\"26\",\"2\":\"75\",\"10\":\"46\",\"11\":\"63\",\"12\":\"27\",\"13\":\"54\",\"14\":\"88\",\"15\":\"52\",\"3\":\"73\",\"4\":\"70\",\"16\":\"19\",\"17\":\"27\",\"18\":\"64\",\"19\":\"63\",\"20\":\"28\",\"21\":\"36\",\"22\":\"13\",\"23\":\"40\",\"24\":\"64\",\"25\":\"20\",\"26\":\"32\",\"27\":\"83\",\"28\":\"27\",\"29\":\"57\",\"30\":\"36\",\"31\":\"59\"}', '{\"5\":\"15\",\"6\":\"0\",\"7\":\"0\",\"8\":\"0\",\"9\":\"0\",\"1\":\"0\",\"2\":\"0\",\"10\":\"0\",\"11\":\"0\",\"12\":\"0\",\"13\":\"0\",\"14\":\"0\",\"15\":\"0\",\"3\":\"0\",\"4\":\"0\",\"16\":\"0\",\"17\":\"0\",\"18\":\"0\",\"19\":\"0\",\"20\":\"0\",\"21\":\"0\",\"22\":\"0\",\"23\":\"0\",\"24\":\"0\",\"25\":\"0\",\"26\":\"0\",\"27\":\"0\",\"28\":\"0\",\"29\":\"0\",\"30\":\"0\",\"31\":\"0\"}', 1, '2018-06-26 12:24:28', NULL, '2018-06-26 12:24:28'),
(40, 'zones', 8, 'October-2018', '26/06/2018 - 26/06/2018', '{\"5\":\"59\",\"6\":\"64\",\"7\":\"47\",\"8\":\"58\",\"9\":\"19\",\"1\":\"96\",\"2\":\"76\",\"10\":\"25\",\"11\":\"80\",\"12\":\"44\",\"13\":\"11\",\"14\":\"66\",\"15\":\"79\",\"3\":\"28\",\"4\":\"34\",\"16\":\"39\",\"17\":\"12\",\"18\":\"66\",\"19\":\"91\",\"20\":\"61\",\"21\":\"17\",\"22\":\"98\",\"23\":\"59\",\"24\":\"75\",\"25\":\"65\",\"26\":\"37\",\"27\":\"25\",\"28\":\"71\",\"29\":\"46\",\"30\":\"15\",\"31\":\"10\"}', '{\"5\":\"67\",\"6\":\"0\",\"7\":\"0\",\"8\":\"0\",\"9\":\"0\",\"1\":\"0\",\"2\":\"0\",\"10\":\"0\",\"11\":\"0\",\"12\":\"0\",\"13\":\"0\",\"14\":\"0\",\"15\":\"0\",\"3\":\"0\",\"4\":\"0\",\"16\":\"0\",\"17\":\"0\",\"18\":\"0\",\"19\":\"0\",\"20\":\"0\",\"21\":\"0\",\"22\":\"0\",\"23\":\"0\",\"24\":\"0\",\"25\":\"0\",\"26\":\"0\",\"27\":\"0\",\"28\":\"0\",\"29\":\"0\",\"30\":\"0\",\"31\":\"0\"}', 1, '2018-06-26 12:24:28', NULL, '2018-06-26 12:24:28'),
(41, 'zones', 9, 'October-2018', '26/06/2018 - 26/06/2018', '{\"5\":\"74\",\"6\":\"83\",\"7\":\"29\",\"8\":\"33\",\"9\":\"44\",\"1\":\"76\",\"2\":\"29\",\"10\":\"76\",\"11\":\"82\",\"12\":\"92\",\"13\":\"13\",\"14\":\"46\",\"15\":\"19\",\"3\":\"62\",\"4\":\"15\",\"16\":\"42\",\"17\":\"13\",\"18\":\"71\",\"19\":\"37\",\"20\":\"39\",\"21\":\"76\",\"22\":\"84\",\"23\":\"51\",\"24\":\"68\",\"25\":\"77\",\"26\":\"79\",\"27\":\"75\",\"28\":\"84\",\"29\":\"65\",\"30\":\"38\",\"31\":\"78\"}', '{\"5\":\"83\",\"6\":\"0\",\"7\":\"0\",\"8\":\"0\",\"9\":\"0\",\"1\":\"0\",\"2\":\"0\",\"10\":\"0\",\"11\":\"0\",\"12\":\"0\",\"13\":\"0\",\"14\":\"0\",\"15\":\"0\",\"3\":\"0\",\"4\":\"0\",\"16\":\"0\",\"17\":\"0\",\"18\":\"0\",\"19\":\"0\",\"20\":\"0\",\"21\":\"0\",\"22\":\"0\",\"23\":\"0\",\"24\":\"0\",\"25\":\"0\",\"26\":\"0\",\"27\":\"0\",\"28\":\"0\",\"29\":\"0\",\"30\":\"0\",\"31\":\"0\"}', 1, '2018-06-26 12:24:28', NULL, '2018-06-26 12:24:28'),
(42, 'zones', 10, 'October-2018', '26/06/2018 - 26/06/2018', '{\"5\":\"59\",\"6\":\"94\",\"7\":\"37\",\"8\":\"20\",\"9\":\"23\",\"1\":\"53\",\"2\":\"23\",\"10\":\"84\",\"11\":\"51\",\"12\":\"17\",\"13\":\"74\",\"14\":\"66\",\"15\":\"39\",\"3\":\"12\",\"4\":\"51\",\"16\":\"32\",\"17\":\"45\",\"18\":\"69\",\"19\":\"78\",\"20\":\"86\",\"21\":\"97\",\"22\":\"33\",\"23\":\"75\",\"24\":\"10\",\"25\":\"92\",\"26\":\"24\",\"27\":\"30\",\"28\":\"22\",\"29\":\"86\",\"30\":\"78\",\"31\":\"20\"}', '{\"5\":\"67\",\"6\":\"0\",\"7\":\"0\",\"8\":\"0\",\"9\":\"0\",\"1\":\"0\",\"2\":\"0\",\"10\":\"0\",\"11\":\"0\",\"12\":\"0\",\"13\":\"0\",\"14\":\"0\",\"15\":\"0\",\"3\":\"0\",\"4\":\"0\",\"16\":\"0\",\"17\":\"0\",\"18\":\"0\",\"19\":\"0\",\"20\":\"0\",\"21\":\"0\",\"22\":\"0\",\"23\":\"0\",\"24\":\"0\",\"25\":\"0\",\"26\":\"0\",\"27\":\"0\",\"28\":\"0\",\"29\":\"0\",\"30\":\"0\",\"31\":\"0\"}', 1, '2018-06-26 12:24:28', NULL, '2018-06-26 12:24:28'),
(43, 'zones', 11, 'October-2018', '26/06/2018 - 26/06/2018', '{\"5\":\"22\",\"6\":\"38\",\"7\":\"72\",\"8\":\"88\",\"9\":\"57\",\"1\":\"91\",\"2\":\"86\",\"10\":\"28\",\"11\":\"29\",\"12\":\"24\",\"13\":\"16\",\"14\":\"21\",\"15\":\"81\",\"3\":\"79\",\"4\":\"77\",\"16\":\"64\",\"17\":\"28\",\"18\":\"39\",\"19\":\"45\",\"20\":\"50\",\"21\":\"77\",\"22\":\"63\",\"23\":\"48\",\"24\":\"77\",\"25\":\"30\",\"26\":\"92\",\"27\":\"95\",\"28\":\"32\",\"29\":\"96\",\"30\":\"91\",\"31\":\"67\"}', '{\"5\":\"25\",\"6\":\"0\",\"7\":\"0\",\"8\":\"0\",\"9\":\"0\",\"1\":\"0\",\"2\":\"0\",\"10\":\"0\",\"11\":\"0\",\"12\":\"0\",\"13\":\"0\",\"14\":\"0\",\"15\":\"0\",\"3\":\"0\",\"4\":\"0\",\"16\":\"0\",\"17\":\"0\",\"18\":\"0\",\"19\":\"0\",\"20\":\"0\",\"21\":\"0\",\"22\":\"0\",\"23\":\"0\",\"24\":\"0\",\"25\":\"0\",\"26\":\"0\",\"27\":\"0\",\"28\":\"0\",\"29\":\"0\",\"30\":\"0\",\"31\":\"0\"}', 1, '2018-06-26 12:24:28', NULL, '2018-06-26 12:24:28'),
(44, 'zones', 12, 'October-2018', '26/06/2018 - 26/06/2018', '{\"5\":\"20\",\"6\":\"42\",\"7\":\"93\",\"8\":\"11\",\"9\":\"100\",\"1\":\"46\",\"2\":\"34\",\"10\":\"71\",\"11\":\"97\",\"12\":\"92\",\"13\":\"32\",\"14\":\"17\",\"15\":\"77\",\"3\":\"53\",\"4\":\"85\",\"16\":\"61\",\"17\":\"33\",\"18\":\"70\",\"19\":\"64\",\"20\":\"19\",\"21\":\"100\",\"22\":\"13\",\"23\":\"60\",\"24\":\"44\",\"25\":\"52\",\"26\":\"68\",\"27\":\"29\",\"28\":\"89\",\"29\":\"99\",\"30\":\"47\",\"31\":\"93\"}', '{\"5\":\"23\",\"6\":\"0\",\"7\":\"0\",\"8\":\"0\",\"9\":\"0\",\"1\":\"0\",\"2\":\"0\",\"10\":\"0\",\"11\":\"0\",\"12\":\"0\",\"13\":\"0\",\"14\":\"0\",\"15\":\"0\",\"3\":\"0\",\"4\":\"0\",\"16\":\"0\",\"17\":\"0\",\"18\":\"0\",\"19\":\"0\",\"20\":\"0\",\"21\":\"0\",\"22\":\"0\",\"23\":\"0\",\"24\":\"0\",\"25\":\"0\",\"26\":\"0\",\"27\":\"0\",\"28\":\"0\",\"29\":\"0\",\"30\":\"0\",\"31\":\"0\"}', 1, '2018-06-26 12:24:28', NULL, '2018-06-26 12:24:28'),
(45, 'regions', 1, 'October-2018', '26/06/2018 - 26/06/2018', '{\"5\":\"86\",\"6\":\"31\",\"7\":\"66\",\"8\":\"62\",\"9\":\"18\",\"1\":\"26\",\"2\":\"10\",\"10\":\"54\",\"11\":\"65\",\"12\":\"64\",\"13\":\"29\",\"14\":\"36\",\"15\":\"98\",\"3\":\"76\",\"4\":\"16\",\"16\":\"31\",\"17\":\"50\",\"18\":\"57\",\"19\":\"22\",\"20\":\"15\",\"21\":\"19\",\"22\":\"77\",\"23\":\"37\",\"24\":\"92\",\"25\":\"74\",\"26\":\"34\",\"27\":\"99\",\"28\":\"88\",\"29\":\"52\",\"30\":\"45\",\"31\":\"19\"}', '{\"5\":\"29\",\"6\":\"0\",\"7\":\"0\",\"8\":\"0\",\"9\":\"0\",\"1\":\"0\",\"2\":\"0\",\"10\":\"0\",\"11\":\"0\",\"12\":\"0\",\"13\":\"0\",\"14\":\"0\",\"15\":\"0\",\"3\":\"0\",\"4\":\"0\",\"16\":\"0\",\"17\":\"0\",\"18\":\"0\",\"19\":\"0\",\"20\":\"0\",\"21\":\"0\",\"22\":\"0\",\"23\":\"0\",\"24\":\"0\",\"25\":\"0\",\"26\":\"0\",\"27\":\"0\",\"28\":\"0\",\"29\":\"0\",\"30\":\"0\",\"31\":\"0\"}', 1, '2018-06-26 12:25:00', NULL, '2018-06-26 12:25:00'),
(46, 'regions', 2, 'October-2018', '26/06/2018 - 26/06/2018', '{\"5\":\"83\",\"6\":\"35\",\"7\":\"20\",\"8\":\"95\",\"9\":\"14\",\"1\":\"63\",\"2\":\"72\",\"10\":\"74\",\"11\":\"22\",\"12\":\"95\",\"13\":\"81\",\"14\":\"23\",\"15\":\"99\",\"3\":\"76\",\"4\":\"19\",\"16\":\"34\",\"17\":\"53\",\"18\":\"37\",\"19\":\"91\",\"20\":\"67\",\"21\":\"14\",\"22\":\"53\",\"23\":\"87\",\"24\":\"14\",\"25\":\"20\",\"26\":\"100\",\"27\":\"94\",\"28\":\"42\",\"29\":\"54\",\"30\":\"21\",\"31\":\"60\"}', '{\"5\":\"28\",\"6\":\"0\",\"7\":\"0\",\"8\":\"0\",\"9\":\"0\",\"1\":\"0\",\"2\":\"0\",\"10\":\"0\",\"11\":\"0\",\"12\":\"0\",\"13\":\"0\",\"14\":\"0\",\"15\":\"0\",\"3\":\"0\",\"4\":\"0\",\"16\":\"0\",\"17\":\"0\",\"18\":\"0\",\"19\":\"0\",\"20\":\"0\",\"21\":\"0\",\"22\":\"0\",\"23\":\"0\",\"24\":\"0\",\"25\":\"0\",\"26\":\"0\",\"27\":\"0\",\"28\":\"0\",\"29\":\"0\",\"30\":\"0\",\"31\":\"0\"}', 1, '2018-06-26 12:25:00', NULL, '2018-06-26 12:25:00'),
(47, 'regions', 3, 'October-2018', '26/06/2018 - 26/06/2018', '{\"5\":\"36\",\"6\":\"64\",\"7\":\"59\",\"8\":\"52\",\"9\":\"69\",\"1\":\"13\",\"2\":\"96\",\"10\":\"39\",\"11\":\"10\",\"12\":\"64\",\"13\":\"88\",\"14\":\"88\",\"15\":\"32\",\"3\":\"70\",\"4\":\"62\",\"16\":\"59\",\"17\":\"93\",\"18\":\"56\",\"19\":\"28\",\"20\":\"95\",\"21\":\"42\",\"22\":\"77\",\"23\":\"59\",\"24\":\"97\",\"25\":\"67\",\"26\":\"54\",\"27\":\"69\",\"28\":\"92\",\"29\":\"24\",\"30\":\"17\",\"31\":\"50\"}', '{\"5\":\"12\",\"6\":\"0\",\"7\":\"0\",\"8\":\"0\",\"9\":\"0\",\"1\":\"0\",\"2\":\"0\",\"10\":\"0\",\"11\":\"0\",\"12\":\"0\",\"13\":\"0\",\"14\":\"0\",\"15\":\"0\",\"3\":\"0\",\"4\":\"0\",\"16\":\"0\",\"17\":\"0\",\"18\":\"0\",\"19\":\"0\",\"20\":\"0\",\"21\":\"0\",\"22\":\"0\",\"23\":\"0\",\"24\":\"0\",\"25\":\"0\",\"26\":\"0\",\"27\":\"0\",\"28\":\"0\",\"29\":\"0\",\"30\":\"0\",\"31\":\"0\"}', 1, '2018-06-26 12:25:01', NULL, '2018-06-26 12:25:01');

-- --------------------------------------------------------

--
-- Table structure for table `territories`
--

DROP TABLE IF EXISTS `territories`;
CREATE TABLE IF NOT EXISTS `territories` (
  `id` int(11) NOT NULL AUTO_INCREMENT,
  `territory_name` varchar(255) NOT NULL,
  `ordering` int(11) DEFAULT NULL,
  `created_by` int(11) NOT NULL,
  `created_at` datetime DEFAULT CURRENT_TIMESTAMP,
  `updated_by` int(11) DEFAULT NULL,
  `updated_at` datetime DEFAULT CURRENT_TIMESTAMP ON UPDATE CURRENT_TIMESTAMP,
  `rfu1` varchar(255) DEFAULT NULL,
  `rfu2` varchar(255) DEFAULT NULL,
  PRIMARY KEY (`id`)
) ENGINE=InnoDB AUTO_INCREMENT=143 DEFAULT CHARSET=latin1;

--
-- Dumping data for table `territories`
--

INSERT INTO `territories` (`id`, `territory_name`, `ordering`, `created_by`, `created_at`, `updated_by`, `updated_at`, `rfu1`, `rfu2`) VALUES
(1, 'Dinajpur', 1, 1, '2018-05-30 14:10:56', NULL, '2018-05-30 14:10:56', NULL, NULL),
(2, 'Thakurgaon', 2, 1, '2018-05-30 14:10:56', NULL, '2018-05-30 14:10:56', NULL, NULL),
(3, 'Rangpur', 3, 1, '2018-05-30 14:10:56', NULL, '2018-05-30 14:10:56', NULL, NULL),
(4, 'Lalmonirhat', 4, 1, '2018-05-30 14:10:56', NULL, '2018-05-30 14:10:56', NULL, NULL),
(5, 'Joypurhat', 5, 1, '2018-05-30 14:10:56', NULL, '2018-05-30 14:10:56', NULL, NULL),
(6, 'Gaibandah', 6, 1, '2018-05-30 14:10:56', NULL, '2018-05-30 14:10:56', NULL, NULL),
(7, 'Bogura Sadar ', 7, 1, '2018-05-30 14:10:56', NULL, '2018-05-30 14:10:56', NULL, NULL),
(8, 'Mohastangar', 8, 1, '2018-05-30 14:10:56', NULL, '2018-05-30 14:10:56', NULL, NULL),
(9, 'Rajshahi Sadar', 9, 1, '2018-05-30 14:10:56', NULL, '2018-05-30 14:10:56', NULL, NULL),
(10, 'Chapai Nawabgonj', 10, 1, '2018-05-30 14:10:56', NULL, '2018-05-30 14:10:56', NULL, NULL),
(11, 'Naogoan Sadar', 11, 1, '2018-05-30 14:10:56', NULL, '2018-05-30 14:10:56', NULL, NULL),
(12, 'Natore Sadar', 12, 1, '2018-05-30 14:10:56', NULL, '2018-05-30 14:10:56', NULL, NULL),
(13, 'Pabna 1', 13, 1, '2018-05-30 14:10:56', NULL, '2018-05-30 14:10:56', NULL, NULL),
(14, 'Pabna 2', 14, 1, '2018-05-30 14:10:56', NULL, '2018-05-30 14:10:56', NULL, NULL),
(15, 'Sirajgonj Road (Solonga )', 15, 1, '2018-05-30 14:10:56', NULL, '2018-05-30 14:10:56', NULL, NULL),
(16, 'Ullapara', 16, 1, '2018-05-30 14:10:56', NULL, '2018-05-30 14:10:56', NULL, NULL),
(17, 'Kushtia', 17, 1, '2018-05-30 14:10:56', NULL, '2018-05-30 14:10:56', NULL, NULL),
(18, 'Mirpur', 18, 1, '2018-05-30 14:10:56', NULL, '2018-05-30 14:10:56', NULL, NULL),
(19, 'Gangni', 19, 1, '2018-05-30 14:10:56', NULL, '2018-05-30 14:10:56', NULL, NULL),
(20, 'Jhenaidah', 20, 1, '2018-05-30 14:10:56', NULL, '2018-05-30 14:10:56', NULL, NULL),
(21, 'Kumarkhali', 21, 1, '2018-05-30 14:10:56', NULL, '2018-05-30 14:10:56', NULL, NULL),
(22, 'Chuadanga', 22, 1, '2018-05-30 14:10:56', NULL, '2018-05-30 14:10:56', NULL, NULL),
(23, 'Jessore', 23, 1, '2018-05-30 14:10:56', NULL, '2018-05-30 14:10:56', NULL, NULL),
(24, 'Jhikorgacha', 24, 1, '2018-05-30 14:10:56', NULL, '2018-05-30 14:10:56', NULL, NULL),
(25, 'Magura', 25, 1, '2018-05-30 14:10:56', NULL, '2018-05-30 14:10:56', NULL, NULL),
(26, 'Narail', 26, 1, '2018-05-30 14:10:56', NULL, '2018-05-30 14:10:56', NULL, NULL),
(27, 'Khulna', 27, 1, '2018-05-30 14:10:56', NULL, '2018-05-30 14:10:56', NULL, NULL),
(28, 'Lockpur/ East Rupsha', 28, 1, '2018-05-30 14:10:56', NULL, '2018-05-30 14:10:56', NULL, NULL),
(29, 'Dawlatpur', 29, 1, '2018-05-30 14:10:56', NULL, '2018-05-30 14:10:56', NULL, NULL),
(30, 'Satkhira', 30, 1, '2018-05-30 14:10:56', NULL, '2018-05-30 14:10:56', NULL, NULL),
(31, 'Chuknagar', 31, 1, '2018-05-30 14:10:56', NULL, '2018-05-30 14:10:56', NULL, NULL),
(32, 'Bagerhat', 32, 1, '2018-05-30 14:10:56', NULL, '2018-05-30 14:10:56', NULL, NULL),
(33, 'Pirozpur', 33, 1, '2018-05-30 14:10:56', NULL, '2018-05-30 14:10:56', NULL, NULL),
(34, 'Gopalgonj', 34, 1, '2018-05-30 14:10:56', NULL, '2018-05-30 14:10:56', NULL, NULL),
(35, 'Mymensingh Sadar', 35, 1, '2018-05-30 14:10:56', NULL, '2018-05-30 14:10:56', NULL, NULL),
(36, 'Bhaluka', 36, 1, '2018-05-30 14:10:56', NULL, '2018-05-30 14:10:56', NULL, NULL),
(37, 'Jamalpur', 37, 1, '2018-05-30 14:10:56', NULL, '2018-05-30 14:10:56', NULL, NULL),
(38, 'Sherpur', 38, 1, '2018-05-30 14:10:56', NULL, '2018-05-30 14:10:56', NULL, NULL),
(39, 'Kotiadi', 39, 1, '2018-05-30 14:10:56', NULL, '2018-05-30 14:10:56', NULL, NULL),
(40, 'Netrokona ', 40, 1, '2018-05-30 14:10:56', NULL, '2018-05-30 14:10:56', NULL, NULL),
(41, ' Kishorgonj ', 41, 1, '2018-05-30 14:10:56', NULL, '2018-05-30 14:10:56', NULL, NULL),
(42, 'Tongi', 42, 1, '2018-05-30 14:10:56', NULL, '2018-05-30 14:10:56', NULL, NULL),
(43, 'Uttara', 43, 1, '2018-05-30 14:10:56', NULL, '2018-05-30 14:10:56', NULL, NULL),
(44, 'Dakhin Khan', 44, 1, '2018-05-30 14:10:56', NULL, '2018-05-30 14:10:56', NULL, NULL),
(45, 'Board Bazar', 45, 1, '2018-05-30 14:10:56', NULL, '2018-05-30 14:10:56', NULL, NULL),
(46, 'Gazipur', 46, 1, '2018-05-30 14:10:56', NULL, '2018-05-30 14:10:56', NULL, NULL),
(47, 'Kapasia', 47, 1, '2018-05-30 14:10:56', NULL, '2018-05-30 14:10:56', NULL, NULL),
(48, 'Hotapara', 48, 1, '2018-05-30 14:10:56', NULL, '2018-05-30 14:10:56', NULL, NULL),
(49, 'Mawna', 49, 1, '2018-05-30 14:10:56', NULL, '2018-05-30 14:10:56', NULL, NULL),
(50, 'Konabari', 50, 1, '2018-05-30 14:10:56', NULL, '2018-05-30 14:10:56', NULL, NULL),
(51, 'Kaliakoir', 51, 1, '2018-05-30 14:10:56', NULL, '2018-05-30 14:10:56', NULL, NULL),
(52, 'Narshingdi', 52, 1, '2018-05-30 14:10:56', NULL, '2018-05-30 14:10:56', NULL, NULL),
(53, 'Bhairob', 53, 1, '2018-05-30 14:10:56', NULL, '2018-05-30 14:10:56', NULL, NULL),
(54, 'Rupgonj', 54, 1, '2018-05-30 14:10:56', NULL, '2018-05-30 14:10:56', NULL, NULL),
(55, 'Gulshan', 55, 1, '2018-05-30 14:10:56', NULL, '2018-05-30 14:10:56', NULL, NULL),
(56, 'Tejgaon', 56, 1, '2018-05-30 14:10:56', NULL, '2018-05-30 14:10:56', NULL, NULL),
(57, 'Badda', 57, 1, '2018-05-30 14:10:56', NULL, '2018-05-30 14:10:56', NULL, NULL),
(58, 'Lalbag', 58, 1, '2018-05-30 14:10:56', NULL, '2018-05-30 14:10:56', NULL, NULL),
(59, 'Mohammadpur', 59, 1, '2018-05-30 14:10:56', NULL, '2018-05-30 14:10:56', NULL, NULL),
(60, 'Farmgate', 60, 1, '2018-05-30 14:10:56', NULL, '2018-05-30 14:10:56', NULL, NULL),
(61, 'Jatrabari', 61, 1, '2018-05-30 14:10:56', NULL, '2018-05-30 14:10:56', NULL, NULL),
(62, 'Demra', 62, 1, '2018-05-30 14:10:56', NULL, '2018-05-30 14:10:56', NULL, NULL),
(63, 'Sutrapur', 63, 1, '2018-05-30 14:10:56', NULL, '2018-05-30 14:10:56', NULL, NULL),
(64, 'Sabujbagh', 64, 1, '2018-05-30 14:10:56', NULL, '2018-05-30 14:10:56', NULL, NULL),
(65, 'Narayangonj', 65, 1, '2018-05-30 14:10:56', NULL, '2018-05-30 14:10:56', NULL, NULL),
(66, 'Bhuygor', 66, 1, '2018-05-30 14:10:56', NULL, '2018-05-30 14:10:56', NULL, NULL),
(67, 'Sonargaon', 67, 1, '2018-05-30 14:10:56', NULL, '2018-05-30 14:10:56', NULL, NULL),
(68, 'Zinzira', 68, 1, '2018-05-30 14:10:56', NULL, '2018-05-30 14:10:56', NULL, NULL),
(69, 'Dohar', 69, 1, '2018-05-30 14:10:56', NULL, '2018-05-30 14:10:56', NULL, NULL),
(70, 'Munsigonj', 70, 1, '2018-05-30 14:10:56', NULL, '2018-05-30 14:10:56', NULL, NULL),
(71, 'Tangail', 71, 1, '2018-05-30 14:10:56', NULL, '2018-05-30 14:10:56', NULL, NULL),
(72, 'Elenga', 72, 1, '2018-05-30 14:10:56', NULL, '2018-05-30 14:10:56', NULL, NULL),
(73, 'Savar', 73, 1, '2018-05-30 14:10:56', NULL, '2018-05-30 14:10:56', NULL, NULL),
(74, 'Nobinagar', 74, 1, '2018-05-30 14:10:56', NULL, '2018-05-30 14:10:56', NULL, NULL),
(75, 'Manikgonj', 75, 1, '2018-05-30 14:10:56', NULL, '2018-05-30 14:10:56', NULL, NULL),
(76, 'Mirpur-1', 76, 1, '2018-05-30 14:10:56', NULL, '2018-05-30 14:10:56', NULL, NULL),
(77, 'Mirpur-13', 77, 1, '2018-05-30 14:10:56', NULL, '2018-05-30 14:10:56', NULL, NULL),
(78, 'Hemayetpur', 78, 1, '2018-05-30 14:10:56', NULL, '2018-05-30 14:10:56', NULL, NULL),
(79, 'CSD- Cantonment', 79, 1, '2018-05-30 14:10:56', NULL, '2018-05-30 14:10:56', NULL, NULL),
(80, 'Faridpur Sadar', 80, 1, '2018-05-30 14:10:56', NULL, '2018-05-30 14:10:56', NULL, NULL),
(81, 'Rajbari', 81, 1, '2018-05-30 14:10:56', NULL, '2018-05-30 14:10:56', NULL, NULL),
(82, 'Shariatpur', 82, 1, '2018-05-30 14:10:56', NULL, '2018-05-30 14:10:56', NULL, NULL),
(83, 'Madaripur ', 83, 1, '2018-05-30 14:10:56', NULL, '2018-05-30 14:10:56', NULL, NULL),
(84, 'Barishal Sadar', 84, 1, '2018-05-30 14:10:56', NULL, '2018-05-30 14:10:56', NULL, NULL),
(85, 'Uzirpur', 85, 1, '2018-05-30 14:10:56', NULL, '2018-05-30 14:10:56', NULL, NULL),
(86, 'Jhalakathi', 86, 1, '2018-05-30 14:10:56', NULL, '2018-05-30 14:10:56', NULL, NULL),
(87, 'Bhola Sadar', 87, 1, '2018-05-30 14:10:56', NULL, '2018-05-30 14:10:56', NULL, NULL),
(88, 'Bawfal', 88, 1, '2018-05-30 14:10:56', NULL, '2018-05-30 14:10:56', NULL, NULL),
(89, 'Patuakhali', 89, 1, '2018-05-30 14:10:56', NULL, '2018-05-30 14:10:56', NULL, NULL),
(90, 'Amtoli', 90, 1, '2018-05-30 14:10:56', NULL, '2018-05-30 14:10:56', NULL, NULL),
(91, 'Barguna', 91, 1, '2018-05-30 14:10:56', NULL, '2018-05-30 14:10:56', NULL, NULL),
(92, 'Eidgah', 92, 1, '2018-05-30 14:10:56', NULL, '2018-05-30 14:10:56', NULL, NULL),
(93, 'Laldighi', 93, 1, '2018-05-30 14:10:56', NULL, '2018-05-30 14:10:56', NULL, NULL),
(94, 'Goainghat', 94, 1, '2018-05-30 14:10:56', NULL, '2018-05-30 14:10:56', NULL, NULL),
(95, 'South Surma', 95, 1, '2018-05-30 14:10:56', NULL, '2018-05-30 14:10:56', NULL, NULL),
(96, 'Bianibazar', 96, 1, '2018-05-30 14:10:56', NULL, '2018-05-30 14:10:56', NULL, NULL),
(97, 'Sunamgonj', 97, 1, '2018-05-30 14:10:56', NULL, '2018-05-30 14:10:56', NULL, NULL),
(98, 'Bisawnath', 98, 1, '2018-05-30 14:10:56', NULL, '2018-05-30 14:10:56', NULL, NULL),
(99, 'Moulovibazar', 99, 1, '2018-05-30 14:10:56', NULL, '2018-05-30 14:10:56', NULL, NULL),
(100, 'Kulaura', 100, 1, '2018-05-30 14:10:56', NULL, '2018-05-30 14:10:56', NULL, NULL),
(101, 'Hobigonj', 101, 1, '2018-05-30 14:10:56', NULL, '2018-05-30 14:10:56', NULL, NULL),
(102, 'Sayestagonj', 102, 1, '2018-05-30 14:10:56', NULL, '2018-05-30 14:10:56', NULL, NULL),
(103, 'B-Baria Sador', 103, 1, '2018-05-30 14:10:56', NULL, '2018-05-30 14:10:56', NULL, NULL),
(104, 'Sarail', 104, 1, '2018-05-30 14:10:56', NULL, '2018-05-30 14:10:56', NULL, NULL),
(105, 'Companygonj', 105, 1, '2018-05-30 14:10:56', NULL, '2018-05-30 14:10:56', NULL, NULL),
(106, 'Comilla', 106, 1, '2018-05-30 14:10:56', NULL, '2018-05-30 14:10:56', NULL, NULL),
(107, 'Gauripur', 107, 1, '2018-05-30 14:10:56', NULL, '2018-05-30 14:10:56', NULL, NULL),
(108, 'Paduar Bazar', 108, 1, '2018-05-30 14:10:56', NULL, '2018-05-30 14:10:56', NULL, NULL),
(109, 'Laksham', 109, 1, '2018-05-30 14:10:56', NULL, '2018-05-30 14:10:56', NULL, NULL),
(110, 'Chandpur', 110, 1, '2018-05-30 14:10:56', NULL, '2018-05-30 14:10:56', NULL, NULL),
(111, 'Hajigonj', 111, 1, '2018-05-30 14:10:56', NULL, '2018-05-30 14:10:56', NULL, NULL),
(112, 'Chowmuhani', 112, 1, '2018-05-30 14:10:56', NULL, '2018-05-30 14:10:56', NULL, NULL),
(113, 'Sonaimuri', 113, 1, '2018-05-30 14:10:56', NULL, '2018-05-30 14:10:56', NULL, NULL),
(114, 'Chandragonj', 114, 1, '2018-05-30 14:10:56', NULL, '2018-05-30 14:10:56', NULL, NULL),
(115, 'Maijdee', 115, 1, '2018-05-30 14:10:56', NULL, '2018-05-30 14:10:56', NULL, NULL),
(116, 'Subarnachar', 116, 1, '2018-05-30 14:10:56', NULL, '2018-05-30 14:10:56', NULL, NULL),
(117, 'Feni Sadar', 117, 1, '2018-05-30 14:10:56', NULL, '2018-05-30 14:10:56', NULL, NULL),
(118, 'Chowddagram', 118, 1, '2018-05-30 14:10:56', NULL, '2018-05-30 14:10:56', NULL, NULL),
(119, 'Dagonbuiyan', 119, 1, '2018-05-30 14:10:56', NULL, '2018-05-30 14:10:56', NULL, NULL),
(120, 'Nazirhat', 120, 1, '2018-05-30 14:10:56', NULL, '2018-05-30 14:10:56', NULL, NULL),
(121, 'Khagrachari', 121, 1, '2018-05-30 14:10:56', NULL, '2018-05-30 14:10:56', NULL, NULL),
(122, 'Bondar', 122, 1, '2018-05-30 14:10:56', NULL, '2018-05-30 14:10:56', NULL, NULL),
(123, 'Patenga', 123, 1, '2018-05-30 14:10:56', NULL, '2018-05-30 14:10:56', NULL, NULL),
(124, 'Halishahar', 124, 1, '2018-05-30 14:10:56', NULL, '2018-05-30 14:10:56', NULL, NULL),
(125, 'Asadgonj', 125, 1, '2018-05-30 14:10:56', NULL, '2018-05-30 14:10:56', NULL, NULL),
(126, 'Bakulia', 126, 1, '2018-05-30 14:10:56', NULL, '2018-05-30 14:10:56', NULL, NULL),
(127, 'Khulshi', 127, 1, '2018-05-30 14:10:56', NULL, '2018-05-30 14:10:56', NULL, NULL),
(128, 'Alangkar', 128, 1, '2018-05-30 14:10:56', NULL, '2018-05-30 14:10:56', NULL, NULL),
(129, 'Sitakundu', 129, 1, '2018-05-30 14:10:56', NULL, '2018-05-30 14:10:56', NULL, NULL),
(130, 'Hathazari', 130, 1, '2018-05-30 14:10:56', NULL, '2018-05-30 14:10:56', NULL, NULL),
(131, 'Oxyzen', 131, 1, '2018-05-30 14:10:56', NULL, '2018-05-30 14:10:56', NULL, NULL),
(132, 'Rangamati', 132, 1, '2018-05-30 14:10:56', NULL, '2018-05-30 14:10:56', NULL, NULL),
(133, 'Mohora', 133, 1, '2018-05-30 14:10:56', NULL, '2018-05-30 14:10:56', NULL, NULL),
(134, 'Cox\'s Bazar Sadar', 134, 1, '2018-05-30 14:10:56', NULL, '2018-05-30 14:10:56', NULL, NULL),
(135, 'Ukhiya', 135, 1, '2018-05-30 14:10:56', NULL, '2018-05-30 14:10:56', NULL, NULL),
(136, 'Eidgaon', 136, 1, '2018-05-30 14:10:56', NULL, '2018-05-30 14:10:56', NULL, NULL),
(137, 'Chokoria', 137, 1, '2018-05-30 14:10:56', NULL, '2018-05-30 14:10:56', NULL, NULL),
(138, 'Moheskhali', 138, 1, '2018-05-30 14:10:56', NULL, '2018-05-30 14:10:56', NULL, NULL),
(139, 'Amirabad', 139, 1, '2018-05-30 14:10:56', NULL, '2018-05-30 14:10:56', NULL, NULL),
(140, 'Keranir Hat', 140, 1, '2018-05-30 14:10:56', NULL, '2018-05-30 14:10:56', NULL, NULL),
(141, 'Patiya', 141, 1, '2018-05-30 14:10:56', NULL, '2018-05-30 14:10:56', NULL, NULL),
(142, 'Anowara', 142, 1, '2018-05-30 14:10:56', NULL, '2018-05-30 14:10:56', NULL, NULL);

-- --------------------------------------------------------

--
-- Table structure for table `unions`
--

DROP TABLE IF EXISTS `unions`;
CREATE TABLE IF NOT EXISTS `unions` (
  `id` int(10) UNSIGNED NOT NULL AUTO_INCREMENT,
  `created_at` timestamp NULL DEFAULT NULL,
  `updated_at` timestamp NULL DEFAULT NULL,
  `name` varchar(255) COLLATE utf8mb4_unicode_ci DEFAULT NULL,
  `countries_id` int(10) UNSIGNED DEFAULT NULL,
  `divisions_id` int(10) UNSIGNED DEFAULT NULL,
  `districts_id` int(10) UNSIGNED DEFAULT NULL,
  `upazilas_id` int(10) UNSIGNED DEFAULT NULL,
  `description` varchar(1000) COLLATE utf8mb4_unicode_ci DEFAULT NULL,
  `created_by` int(10) UNSIGNED DEFAULT NULL,
  `updated_by` int(10) UNSIGNED DEFAULT NULL,
  `is_active` tinyint(1) DEFAULT NULL,
  PRIMARY KEY (`id`),
  KEY `unions_countries_id_index` (`countries_id`),
  KEY `unions_divisions_id_index` (`divisions_id`),
  KEY `unions_districts_id_index` (`districts_id`),
  KEY `unions_upazilas_id_index` (`upazilas_id`),
  KEY `unions_created_by_index` (`created_by`),
  KEY `unions_updated_by_index` (`updated_by`)
) ENGINE=InnoDB AUTO_INCREMENT=3 DEFAULT CHARSET=utf8mb4 COLLATE=utf8mb4_unicode_ci;

--
-- Dumping data for table `unions`
--

INSERT INTO `unions` (`id`, `created_at`, `updated_at`, `name`, `countries_id`, `divisions_id`, `districts_id`, `upazilas_id`, `description`, `created_by`, `updated_by`, `is_active`) VALUES
(1, '2018-05-13 06:14:05', '2018-05-13 06:14:05', 'Gazir Khamar', 1, 1, 1, 1, 'NA', 2, 1, 1),
(2, '2018-05-13 06:18:07', '2018-05-13 06:18:07', 'Kalshi', 1, 1, 1, 1, 'NA', 2, 1, 1);

-- --------------------------------------------------------

--
-- Table structure for table `upazilas`
--

DROP TABLE IF EXISTS `upazilas`;
CREATE TABLE IF NOT EXISTS `upazilas` (
  `id` int(10) UNSIGNED NOT NULL AUTO_INCREMENT,
  `created_at` timestamp NULL DEFAULT NULL,
  `updated_at` timestamp NULL DEFAULT NULL,
  `name` varchar(255) COLLATE utf8mb4_unicode_ci DEFAULT NULL,
  `countries_id` int(10) UNSIGNED DEFAULT NULL,
  `divisions_id` int(10) UNSIGNED DEFAULT NULL,
  `districts_id` int(10) UNSIGNED DEFAULT NULL,
  `description` varchar(1000) COLLATE utf8mb4_unicode_ci DEFAULT NULL,
  `created_by` int(10) UNSIGNED DEFAULT NULL,
  `updated_by` int(10) UNSIGNED DEFAULT NULL,
  `is_active` tinyint(1) DEFAULT NULL,
  PRIMARY KEY (`id`),
  KEY `upazilas_countries_id_index` (`countries_id`),
  KEY `upazilas_divisions_id_index` (`divisions_id`),
  KEY `upazilas_districts_id_index` (`districts_id`),
  KEY `upazilas_created_by_index` (`created_by`),
  KEY `upazilas_updated_by_index` (`updated_by`)
) ENGINE=InnoDB AUTO_INCREMENT=2 DEFAULT CHARSET=utf8mb4 COLLATE=utf8mb4_unicode_ci;

--
-- Dumping data for table `upazilas`
--

INSERT INTO `upazilas` (`id`, `created_at`, `updated_at`, `name`, `countries_id`, `divisions_id`, `districts_id`, `description`, `created_by`, `updated_by`, `is_active`) VALUES
(1, '2018-05-13 06:12:24', '2018-05-13 06:12:24', 'Sherpur Sadar', 1, 1, 1, 'NA', 2, 1, 1);

-- --------------------------------------------------------

--
-- Table structure for table `users`
--

DROP TABLE IF EXISTS `users`;
CREATE TABLE IF NOT EXISTS `users` (
  `id` int(10) UNSIGNED NOT NULL AUTO_INCREMENT,
  `user_type` enum('zone','region','territory','area') DEFAULT NULL,
  `zones_id` int(10) DEFAULT NULL,
  `regions_id` int(10) DEFAULT NULL,
  `territories_id` int(10) DEFAULT NULL,
  `distribution_house_id` int(11) DEFAULT NULL,
  `name` varchar(255) DEFAULT NULL,
  `email` varchar(255) NOT NULL,
  `password` varchar(255) DEFAULT NULL,
  `password_key` varchar(200) DEFAULT NULL,
  `password_expire_days` int(3) DEFAULT NULL,
  `last_name` varchar(100) DEFAULT NULL,
  `mobile` varchar(11) DEFAULT NULL,
  `home_telephone` varchar(20) DEFAULT NULL,
  `username` varchar(15) DEFAULT NULL,
  `secret_question_1` varchar(100) DEFAULT NULL,
  `secret_question_2` varchar(100) DEFAULT NULL,
  `secret_question_ans_1` varchar(100) DEFAULT NULL,
  `secret_question_ans_2` varchar(100) DEFAULT NULL,
  `identification_type_id` int(11) DEFAULT '0',
  `identification_number` varchar(30) DEFAULT NULL,
  `identification_expire_date` date DEFAULT NULL,
  `date_of_birth` date DEFAULT NULL,
  `gender` varchar(500) DEFAULT NULL,
  `religion_id` int(11) DEFAULT '0',
  `father_name` varchar(100) DEFAULT NULL,
  `father_occupation_id` int(11) DEFAULT '0',
  `mother_name` varchar(100) DEFAULT NULL,
  `mother_occupation_id` int(11) DEFAULT '0',
  `bank_account_number` varchar(30) DEFAULT NULL,
  `bank_id` int(11) DEFAULT '0',
  `bank_branch` varchar(100) DEFAULT NULL,
  `last_login_date_time` timestamp NULL DEFAULT NULL,
  `default_module_id` int(11) DEFAULT '0',
  `created_by` int(11) DEFAULT '0',
  `updated_by` int(11) DEFAULT '0',
  `status` varchar(500) DEFAULT NULL,
  `user_image` varchar(100) DEFAULT 'images/default/avatar.jpg',
  `address` varchar(100) DEFAULT NULL,
  `is_reliever` tinyint(4) DEFAULT '0',
  `reliever_to` int(11) DEFAULT '0',
  `reliever_start_datetime` timestamp NULL DEFAULT NULL,
  `reliever_end_datetime` timestamp NULL DEFAULT NULL,
  `line_manager_id` int(11) DEFAULT '0',
  `designation_id` int(11) DEFAULT '0',
  `department_id` int(11) DEFAULT '0',
  `location_id` int(11) DEFAULT '0',
  `default_vehicle_id` int(11) DEFAULT '0' COMMENT 'If this employee or user is a driver',
  `default_url` varchar(500) DEFAULT NULL,
  `default_language_id` int(11) DEFAULT '0',
  `joining_date` date DEFAULT NULL,
  `emergency_contact_person_name` varchar(100) DEFAULT NULL,
  `emergency_contact_relation` varchar(30) DEFAULT NULL,
  `emergency_contact_number` varchar(20) DEFAULT NULL,
  `remember_token` varchar(100) DEFAULT NULL,
  `created_at` timestamp NULL DEFAULT NULL,
  `updated_at` timestamp NULL DEFAULT NULL,
  PRIMARY KEY (`id`),
  UNIQUE KEY `users_email_unique` (`email`),
  UNIQUE KEY `users_mobile_unique` (`mobile`),
  UNIQUE KEY `users_username_unique` (`username`)
) ENGINE=InnoDB AUTO_INCREMENT=845 DEFAULT CHARSET=utf8;

--
-- Dumping data for table `users`
--

INSERT INTO `users` (`id`, `user_type`, `zones_id`, `regions_id`, `territories_id`, `distribution_house_id`, `name`, `email`, `password`, `password_key`, `password_expire_days`, `last_name`, `mobile`, `home_telephone`, `username`, `secret_question_1`, `secret_question_2`, `secret_question_ans_1`, `secret_question_ans_2`, `identification_type_id`, `identification_number`, `identification_expire_date`, `date_of_birth`, `gender`, `religion_id`, `father_name`, `father_occupation_id`, `mother_name`, `mother_occupation_id`, `bank_account_number`, `bank_id`, `bank_branch`, `last_login_date_time`, `default_module_id`, `created_by`, `updated_by`, `status`, `user_image`, `address`, `is_reliever`, `reliever_to`, `reliever_start_datetime`, `reliever_end_datetime`, `line_manager_id`, `designation_id`, `department_id`, `location_id`, `default_vehicle_id`, `default_url`, `default_language_id`, `joining_date`, `emergency_contact_person_name`, `emergency_contact_relation`, `emergency_contact_number`, `remember_token`, `created_at`, `updated_at`) VALUES
(1, NULL, 1, 1, 1, NULL, 'Apsis', 'apsis@gmail.com', '$2y$10$2nkgX.Wgvs4q3wCgICad/uz2g90yakp5Tb5y9UYGyYSslArBSJXvK', NULL, NULL, NULL, NULL, NULL, 'apsis', NULL, NULL, NULL, NULL, 0, NULL, NULL, NULL, NULL, 0, NULL, 0, NULL, 0, NULL, 0, NULL, NULL, 0, 0, 0, NULL, 'images/default/avatar.jpg', NULL, 0, 0, NULL, NULL, 0, 0, 0, 0, 0, NULL, 0, NULL, NULL, NULL, NULL, 'MuJwkF5pnWeTlCCk5lom1Pfny4do4irggDxvCO2H0AIJjfwGnMM4YlqOOF5W', NULL, NULL),
(6, 'area', 1, 1, 1, 1, 'Atikur Rahman (2)', 'user-1@gmail.com', '$2y$10$2nkgX.Wgvs4q3wCgICad/uz2g90yakp5Tb5y9UYGyYSslArBSJXvK', NULL, NULL, NULL, NULL, NULL, 'user-1', NULL, NULL, NULL, NULL, 0, NULL, NULL, NULL, NULL, 0, NULL, 0, NULL, 0, NULL, 0, NULL, NULL, 0, 0, 0, NULL, 'images/default/avatar.jpg', NULL, 0, 0, NULL, NULL, 0, 0, 0, 0, 0, NULL, 0, NULL, NULL, NULL, NULL, NULL, NULL, NULL),
(7, 'area', 1, 1, 1, 1, 'Arnab Kumar', 'user-2@gmail.com', '$2y$10$2nkgX.Wgvs4q3wCgICad/uz2g90yakp5Tb5y9UYGyYSslArBSJXvK', NULL, NULL, NULL, NULL, NULL, 'user-2', NULL, NULL, NULL, NULL, 0, NULL, NULL, NULL, NULL, 0, NULL, 0, NULL, 0, NULL, 0, NULL, NULL, 0, 0, 0, NULL, 'images/default/avatar.jpg', NULL, 0, 0, NULL, NULL, 0, 0, 0, 0, 0, NULL, 0, NULL, NULL, NULL, NULL, NULL, NULL, NULL),
(8, 'area', 1, 1, 1, 1, 'Yusuf Kobir', 'user-3@gmail.com', '$2y$10$2nkgX.Wgvs4q3wCgICad/uz2g90yakp5Tb5y9UYGyYSslArBSJXvK', NULL, NULL, NULL, NULL, NULL, 'user-3', NULL, NULL, NULL, NULL, 0, NULL, NULL, NULL, NULL, 0, NULL, 0, NULL, 0, NULL, 0, NULL, NULL, 0, 0, 0, NULL, 'images/default/avatar.jpg', NULL, 0, 0, NULL, NULL, 0, 0, 0, 0, 0, NULL, 0, NULL, NULL, NULL, NULL, NULL, NULL, NULL),
(9, 'area', 1, 1, 1, 1, 'Atikur Rahman (1)', 'user-4@gmail.com', '$2y$10$2nkgX.Wgvs4q3wCgICad/uz2g90yakp5Tb5y9UYGyYSslArBSJXvK', NULL, NULL, NULL, NULL, NULL, 'user-4', NULL, NULL, NULL, NULL, 0, NULL, NULL, NULL, NULL, 0, NULL, 0, NULL, 0, NULL, 0, NULL, NULL, 0, 0, 0, NULL, 'images/default/avatar.jpg', NULL, 0, 0, NULL, NULL, 0, 0, 0, 0, 0, NULL, 0, NULL, NULL, NULL, NULL, NULL, NULL, NULL),
(10, 'area', 1, 1, 1, 1, 'Minjis Alam', 'user-5@gmail.com', '$2y$10$2nkgX.Wgvs4q3wCgICad/uz2g90yakp5Tb5y9UYGyYSslArBSJXvK', NULL, NULL, NULL, NULL, NULL, 'user-5', NULL, NULL, NULL, NULL, 0, NULL, NULL, NULL, NULL, 0, NULL, 0, NULL, 0, NULL, 0, NULL, NULL, 0, 0, 0, NULL, 'images/default/avatar.jpg', NULL, 0, 0, NULL, NULL, 0, 0, 0, 0, 0, NULL, 0, NULL, NULL, NULL, NULL, NULL, NULL, NULL),
(11, 'area', 1, 1, 1, 1, 'Mamunur Rashid', 'user-6@gmail.com', '$2y$10$2nkgX.Wgvs4q3wCgICad/uz2g90yakp5Tb5y9UYGyYSslArBSJXvK', NULL, NULL, NULL, NULL, NULL, 'user-6', NULL, NULL, NULL, NULL, 0, NULL, NULL, NULL, NULL, 0, NULL, 0, NULL, 0, NULL, 0, NULL, NULL, 0, 0, 0, NULL, 'images/default/avatar.jpg', NULL, 0, 0, NULL, NULL, 0, 0, 0, 0, 0, NULL, 0, NULL, NULL, NULL, NULL, NULL, NULL, NULL),
(12, 'area', 1, 1, 1, 2, 'Shahin Alam', 'user-7@gmail.com', '$2y$10$2nkgX.Wgvs4q3wCgICad/uz2g90yakp5Tb5y9UYGyYSslArBSJXvK', NULL, NULL, NULL, NULL, NULL, 'user-7', NULL, NULL, NULL, NULL, 0, NULL, NULL, NULL, NULL, 0, NULL, 0, NULL, 0, NULL, 0, NULL, NULL, 0, 0, 0, NULL, 'images/default/avatar.jpg', NULL, 0, 0, NULL, NULL, 0, 0, 0, 0, 0, NULL, 0, NULL, NULL, NULL, NULL, NULL, NULL, NULL),
(13, 'area', 1, 1, 1, 3, 'Monjur Rahman', 'user-8@gmail.com', '$2y$10$2nkgX.Wgvs4q3wCgICad/uz2g90yakp5Tb5y9UYGyYSslArBSJXvK', NULL, NULL, NULL, NULL, NULL, 'user-8', NULL, NULL, NULL, NULL, 0, NULL, NULL, NULL, NULL, 0, NULL, 0, NULL, 0, NULL, 0, NULL, NULL, 0, 0, 0, NULL, 'images/default/avatar.jpg', NULL, 0, 0, NULL, NULL, 0, 0, 0, 0, 0, NULL, 0, NULL, NULL, NULL, NULL, NULL, NULL, NULL),
(14, 'area', 1, 1, 1, 3, 'Omit Kumar Saha', 'user-9@gmail.com', '$2y$10$2nkgX.Wgvs4q3wCgICad/uz2g90yakp5Tb5y9UYGyYSslArBSJXvK', NULL, NULL, NULL, NULL, NULL, 'user-9', NULL, NULL, NULL, NULL, 0, NULL, NULL, NULL, NULL, 0, NULL, 0, NULL, 0, NULL, 0, NULL, NULL, 0, 0, 0, NULL, 'images/default/avatar.jpg', NULL, 0, 0, NULL, NULL, 0, 0, 0, 0, 0, NULL, 0, NULL, NULL, NULL, NULL, NULL, NULL, NULL),
(15, 'area', 1, 1, 1, 4, 'Arif Hossain', 'user-10@gmail.com', '$2y$10$2nkgX.Wgvs4q3wCgICad/uz2g90yakp5Tb5y9UYGyYSslArBSJXvK', NULL, NULL, NULL, NULL, NULL, 'user-10', NULL, NULL, NULL, NULL, 0, NULL, NULL, NULL, NULL, 0, NULL, 0, NULL, 0, NULL, 0, NULL, NULL, 0, 0, 0, NULL, 'images/default/avatar.jpg', NULL, 0, 0, NULL, NULL, 0, 0, 0, 0, 0, NULL, 0, NULL, NULL, NULL, NULL, NULL, NULL, NULL),
(16, 'area', 1, 1, 1, 4, 'Ariful Islam(Old)', 'user-11@gmail.com', '$2y$10$2nkgX.Wgvs4q3wCgICad/uz2g90yakp5Tb5y9UYGyYSslArBSJXvK', NULL, NULL, NULL, NULL, NULL, 'user-11', NULL, NULL, NULL, NULL, 0, NULL, NULL, NULL, NULL, 0, NULL, 0, NULL, 0, NULL, 0, NULL, NULL, 0, 0, 0, NULL, 'images/default/avatar.jpg', NULL, 0, 0, NULL, NULL, 0, 0, 0, 0, 0, NULL, 0, NULL, NULL, NULL, NULL, NULL, NULL, NULL),
(17, 'area', 1, 1, 1, 4, 'Apon Chandra Sarma', 'user-12@gmail.com', '$2y$10$2nkgX.Wgvs4q3wCgICad/uz2g90yakp5Tb5y9UYGyYSslArBSJXvK', NULL, NULL, NULL, NULL, NULL, 'user-12', NULL, NULL, NULL, NULL, 0, NULL, NULL, NULL, NULL, 0, NULL, 0, NULL, 0, NULL, 0, NULL, NULL, 0, 0, 0, NULL, 'images/default/avatar.jpg', NULL, 0, 0, NULL, NULL, 0, 0, 0, 0, 0, NULL, 0, NULL, NULL, NULL, NULL, NULL, NULL, NULL),
(18, 'area', 1, 1, 1, 4, 'Rajikul Islam', 'user-13@gmail.com', '$2y$10$2nkgX.Wgvs4q3wCgICad/uz2g90yakp5Tb5y9UYGyYSslArBSJXvK', NULL, NULL, NULL, NULL, NULL, 'user-13', NULL, NULL, NULL, NULL, 0, NULL, NULL, NULL, NULL, 0, NULL, 0, NULL, 0, NULL, 0, NULL, NULL, 0, 0, 0, NULL, 'images/default/avatar.jpg', NULL, 0, 0, NULL, NULL, 0, 0, 0, 0, 0, NULL, 0, NULL, NULL, NULL, NULL, NULL, NULL, NULL),
(19, 'area', 1, 1, 1, 5, 'Manik Chandra Ray', 'user-14@gmail.com', '$2y$10$2nkgX.Wgvs4q3wCgICad/uz2g90yakp5Tb5y9UYGyYSslArBSJXvK', NULL, NULL, NULL, NULL, NULL, 'user-14', NULL, NULL, NULL, NULL, 0, NULL, NULL, NULL, NULL, 0, NULL, 0, NULL, 0, NULL, 0, NULL, NULL, 0, 0, 0, NULL, 'images/default/avatar.jpg', NULL, 0, 0, NULL, NULL, 0, 0, 0, 0, 0, NULL, 0, NULL, NULL, NULL, NULL, NULL, NULL, NULL),
(20, 'area', 1, 1, 1, 5, 'Motaleb Hossain', 'user-15@gmail.com', '$2y$10$2nkgX.Wgvs4q3wCgICad/uz2g90yakp5Tb5y9UYGyYSslArBSJXvK', NULL, NULL, NULL, NULL, NULL, 'user-15', NULL, NULL, NULL, NULL, 0, NULL, NULL, NULL, NULL, 0, NULL, 0, NULL, 0, NULL, 0, NULL, NULL, 0, 0, 0, NULL, 'images/default/avatar.jpg', NULL, 0, 0, NULL, NULL, 0, 0, 0, 0, 0, NULL, 0, NULL, NULL, NULL, NULL, NULL, NULL, NULL),
(21, 'area', 1, 1, 2, 6, 'Saidur Rahman', 'user-16@gmail.com', '$2y$10$2nkgX.Wgvs4q3wCgICad/uz2g90yakp5Tb5y9UYGyYSslArBSJXvK', NULL, NULL, NULL, NULL, NULL, 'user-16', NULL, NULL, NULL, NULL, 0, NULL, NULL, NULL, NULL, 0, NULL, 0, NULL, 0, NULL, 0, NULL, NULL, 0, 0, 0, NULL, 'images/default/avatar.jpg', NULL, 0, 0, NULL, NULL, 0, 0, 0, 0, 0, NULL, 0, NULL, NULL, NULL, NULL, NULL, NULL, NULL),
(22, 'area', 1, 1, 2, 6, 'Ombores Roy', 'user-17@gmail.com', '$2y$10$2nkgX.Wgvs4q3wCgICad/uz2g90yakp5Tb5y9UYGyYSslArBSJXvK', NULL, NULL, NULL, NULL, NULL, 'user-17', NULL, NULL, NULL, NULL, 0, NULL, NULL, NULL, NULL, 0, NULL, 0, NULL, 0, NULL, 0, NULL, NULL, 0, 0, 0, NULL, 'images/default/avatar.jpg', NULL, 0, 0, NULL, NULL, 0, 0, 0, 0, 0, NULL, 0, NULL, NULL, NULL, NULL, NULL, NULL, NULL),
(23, 'area', 1, 1, 2, 6, 'Sohel Mahmud', 'user-18@gmail.com', '$2y$10$2nkgX.Wgvs4q3wCgICad/uz2g90yakp5Tb5y9UYGyYSslArBSJXvK', NULL, NULL, NULL, NULL, NULL, 'user-18', NULL, NULL, NULL, NULL, 0, NULL, NULL, NULL, NULL, 0, NULL, 0, NULL, 0, NULL, 0, NULL, NULL, 0, 0, 0, NULL, 'images/default/avatar.jpg', NULL, 0, 0, NULL, NULL, 0, 0, 0, 0, 0, NULL, 0, NULL, NULL, NULL, NULL, NULL, NULL, NULL),
(24, 'area', 1, 1, 2, 6, 'Mehdi Hasan', 'user-19@gmail.com', '$2y$10$2nkgX.Wgvs4q3wCgICad/uz2g90yakp5Tb5y9UYGyYSslArBSJXvK', NULL, NULL, NULL, NULL, NULL, 'user-19', NULL, NULL, NULL, NULL, 0, NULL, NULL, NULL, NULL, 0, NULL, 0, NULL, 0, NULL, 0, NULL, NULL, 0, 0, 0, NULL, 'images/default/avatar.jpg', NULL, 0, 0, NULL, NULL, 0, 0, 0, 0, 0, NULL, 0, NULL, NULL, NULL, NULL, NULL, NULL, NULL),
(25, 'area', 1, 1, 2, 7, 'Habibur Rahman', 'user-20@gmail.com', '$2y$10$2nkgX.Wgvs4q3wCgICad/uz2g90yakp5Tb5y9UYGyYSslArBSJXvK', NULL, NULL, NULL, NULL, NULL, 'user-20', NULL, NULL, NULL, NULL, 0, NULL, NULL, NULL, NULL, 0, NULL, 0, NULL, 0, NULL, 0, NULL, NULL, 0, 0, 0, NULL, 'images/default/avatar.jpg', NULL, 0, 0, NULL, NULL, 0, 0, 0, 0, 0, NULL, 0, NULL, NULL, NULL, NULL, NULL, NULL, NULL),
(26, 'area', 1, 1, 2, 7, 'Masum Ali', 'user-21@gmail.com', '$2y$10$2nkgX.Wgvs4q3wCgICad/uz2g90yakp5Tb5y9UYGyYSslArBSJXvK', NULL, NULL, NULL, NULL, NULL, 'user-21', NULL, NULL, NULL, NULL, 0, NULL, NULL, NULL, NULL, 0, NULL, 0, NULL, 0, NULL, 0, NULL, NULL, 0, 0, 0, NULL, 'images/default/avatar.jpg', NULL, 0, 0, NULL, NULL, 0, 0, 0, 0, 0, NULL, 0, NULL, NULL, NULL, NULL, NULL, NULL, NULL),
(27, 'area', 1, 1, 2, 8, 'Sazedul Islam', 'user-22@gmail.com', '$2y$10$2nkgX.Wgvs4q3wCgICad/uz2g90yakp5Tb5y9UYGyYSslArBSJXvK', NULL, NULL, NULL, NULL, NULL, 'user-22', NULL, NULL, NULL, NULL, 0, NULL, NULL, NULL, NULL, 0, NULL, 0, NULL, 0, NULL, 0, NULL, NULL, 0, 0, 0, NULL, 'images/default/avatar.jpg', NULL, 0, 0, NULL, NULL, 0, 0, 0, 0, 0, NULL, 0, NULL, NULL, NULL, NULL, NULL, NULL, NULL),
(28, 'area', 1, 1, 2, 8, 'Md. Foysal Ahmed', 'user-23@gmail.com', '$2y$10$2nkgX.Wgvs4q3wCgICad/uz2g90yakp5Tb5y9UYGyYSslArBSJXvK', NULL, NULL, NULL, NULL, NULL, 'user-23', NULL, NULL, NULL, NULL, 0, NULL, NULL, NULL, NULL, 0, NULL, 0, NULL, 0, NULL, 0, NULL, NULL, 0, 0, 0, NULL, 'images/default/avatar.jpg', NULL, 0, 0, NULL, NULL, 0, 0, 0, 0, 0, NULL, 0, NULL, NULL, NULL, NULL, NULL, NULL, NULL),
(29, 'area', 1, 2, 3, 9, 'Saju Miah ', 'user-24@gmail.com', '$2y$10$2nkgX.Wgvs4q3wCgICad/uz2g90yakp5Tb5y9UYGyYSslArBSJXvK', NULL, NULL, NULL, NULL, NULL, 'user-24', NULL, NULL, NULL, NULL, 0, NULL, NULL, NULL, NULL, 0, NULL, 0, NULL, 0, NULL, 0, NULL, NULL, 0, 0, 0, NULL, 'images/default/avatar.jpg', NULL, 0, 0, NULL, NULL, 0, 0, 0, 0, 0, NULL, 0, NULL, NULL, NULL, NULL, NULL, NULL, NULL),
(30, 'area', 1, 2, 3, 9, 'Kamruzzaman', 'user-25@gmail.com', '$2y$10$2nkgX.Wgvs4q3wCgICad/uz2g90yakp5Tb5y9UYGyYSslArBSJXvK', NULL, NULL, NULL, NULL, NULL, 'user-25', NULL, NULL, NULL, NULL, 0, NULL, NULL, NULL, NULL, 0, NULL, 0, NULL, 0, NULL, 0, NULL, NULL, 0, 0, 0, NULL, 'images/default/avatar.jpg', NULL, 0, 0, NULL, NULL, 0, 0, 0, 0, 0, NULL, 0, NULL, NULL, NULL, NULL, NULL, NULL, NULL),
(31, 'area', 1, 2, 3, 9, 'Gowrango Chandro Barmon', 'user-26@gmail.com', '$2y$10$2nkgX.Wgvs4q3wCgICad/uz2g90yakp5Tb5y9UYGyYSslArBSJXvK', NULL, NULL, NULL, NULL, NULL, 'user-26', NULL, NULL, NULL, NULL, 0, NULL, NULL, NULL, NULL, 0, NULL, 0, NULL, 0, NULL, 0, NULL, NULL, 0, 0, 0, NULL, 'images/default/avatar.jpg', NULL, 0, 0, NULL, NULL, 0, 0, 0, 0, 0, NULL, 0, NULL, NULL, NULL, NULL, NULL, NULL, NULL),
(32, 'area', 1, 2, 3, 10, 'Samiul Islam', 'user-27@gmail.com', '$2y$10$2nkgX.Wgvs4q3wCgICad/uz2g90yakp5Tb5y9UYGyYSslArBSJXvK', NULL, NULL, NULL, NULL, NULL, 'user-27', NULL, NULL, NULL, NULL, 0, NULL, NULL, NULL, NULL, 0, NULL, 0, NULL, 0, NULL, 0, NULL, NULL, 0, 0, 0, NULL, 'images/default/avatar.jpg', NULL, 0, 0, NULL, NULL, 0, 0, 0, 0, 0, NULL, 0, NULL, NULL, NULL, NULL, NULL, NULL, NULL),
(33, 'area', 1, 2, 3, 10, 'Md.Mamun Chowdhury', 'user-28@gmail.com', '$2y$10$2nkgX.Wgvs4q3wCgICad/uz2g90yakp5Tb5y9UYGyYSslArBSJXvK', NULL, NULL, NULL, NULL, NULL, 'user-28', NULL, NULL, NULL, NULL, 0, NULL, NULL, NULL, NULL, 0, NULL, 0, NULL, 0, NULL, 0, NULL, NULL, 0, 0, 0, NULL, 'images/default/avatar.jpg', NULL, 0, 0, NULL, NULL, 0, 0, 0, 0, 0, NULL, 0, NULL, NULL, NULL, NULL, NULL, NULL, NULL),
(34, 'area', 1, 2, 3, 10, 'Juhurul Haque', 'user-29@gmail.com', '$2y$10$2nkgX.Wgvs4q3wCgICad/uz2g90yakp5Tb5y9UYGyYSslArBSJXvK', NULL, NULL, NULL, NULL, NULL, 'user-29', NULL, NULL, NULL, NULL, 0, NULL, NULL, NULL, NULL, 0, NULL, 0, NULL, 0, NULL, 0, NULL, NULL, 0, 0, 0, NULL, 'images/default/avatar.jpg', NULL, 0, 0, NULL, NULL, 0, 0, 0, 0, 0, NULL, 0, NULL, NULL, NULL, NULL, NULL, NULL, NULL),
(35, 'area', 1, 2, 3, 11, 'Ali Askar Khan', 'user-30@gmail.com', '$2y$10$2nkgX.Wgvs4q3wCgICad/uz2g90yakp5Tb5y9UYGyYSslArBSJXvK', NULL, NULL, NULL, NULL, NULL, 'user-30', NULL, NULL, NULL, NULL, 0, NULL, NULL, NULL, NULL, 0, NULL, 0, NULL, 0, NULL, 0, NULL, NULL, 0, 0, 0, NULL, 'images/default/avatar.jpg', NULL, 0, 0, NULL, NULL, 0, 0, 0, 0, 0, NULL, 0, NULL, NULL, NULL, NULL, NULL, NULL, NULL),
(36, 'area', 1, 2, 3, 11, 'Hasanuzzaman', 'user-31@gmail.com', '$2y$10$2nkgX.Wgvs4q3wCgICad/uz2g90yakp5Tb5y9UYGyYSslArBSJXvK', NULL, NULL, NULL, NULL, NULL, 'user-31', NULL, NULL, NULL, NULL, 0, NULL, NULL, NULL, NULL, 0, NULL, 0, NULL, 0, NULL, 0, NULL, NULL, 0, 0, 0, NULL, 'images/default/avatar.jpg', NULL, 0, 0, NULL, NULL, 0, 0, 0, 0, 0, NULL, 0, NULL, NULL, NULL, NULL, NULL, NULL, NULL),
(37, 'area', 1, 2, 3, 11, 'Md.Nasirul Haque', 'user-32@gmail.com', '$2y$10$2nkgX.Wgvs4q3wCgICad/uz2g90yakp5Tb5y9UYGyYSslArBSJXvK', NULL, NULL, NULL, NULL, NULL, 'user-32', NULL, NULL, NULL, NULL, 0, NULL, NULL, NULL, NULL, 0, NULL, 0, NULL, 0, NULL, 0, NULL, NULL, 0, 0, 0, NULL, 'images/default/avatar.jpg', NULL, 0, 0, NULL, NULL, 0, 0, 0, 0, 0, NULL, 0, NULL, NULL, NULL, NULL, NULL, NULL, NULL),
(38, 'area', 1, 2, 3, 12, 'Abdullah', 'user-33@gmail.com', '$2y$10$2nkgX.Wgvs4q3wCgICad/uz2g90yakp5Tb5y9UYGyYSslArBSJXvK', NULL, NULL, NULL, NULL, NULL, 'user-33', NULL, NULL, NULL, NULL, 0, NULL, NULL, NULL, NULL, 0, NULL, 0, NULL, 0, NULL, 0, NULL, NULL, 0, 0, 0, NULL, 'images/default/avatar.jpg', NULL, 0, 0, NULL, NULL, 0, 0, 0, 0, 0, NULL, 0, NULL, NULL, NULL, NULL, NULL, NULL, NULL),
(39, 'area', 1, 2, 3, 12, 'Mominur Rahman khan', 'user-34@gmail.com', '$2y$10$2nkgX.Wgvs4q3wCgICad/uz2g90yakp5Tb5y9UYGyYSslArBSJXvK', NULL, NULL, NULL, NULL, NULL, 'user-34', NULL, NULL, NULL, NULL, 0, NULL, NULL, NULL, NULL, 0, NULL, 0, NULL, 0, NULL, 0, NULL, NULL, 0, 0, 0, NULL, 'images/default/avatar.jpg', NULL, 0, 0, NULL, NULL, 0, 0, 0, 0, 0, NULL, 0, NULL, NULL, NULL, NULL, NULL, NULL, NULL),
(40, 'area', 1, 2, 4, 13, 'Arifur Rahman', 'user-35@gmail.com', '$2y$10$2nkgX.Wgvs4q3wCgICad/uz2g90yakp5Tb5y9UYGyYSslArBSJXvK', NULL, NULL, NULL, NULL, NULL, 'user-35', NULL, NULL, NULL, NULL, 0, NULL, NULL, NULL, NULL, 0, NULL, 0, NULL, 0, NULL, 0, NULL, NULL, 0, 0, 0, NULL, 'images/default/avatar.jpg', NULL, 0, 0, NULL, NULL, 0, 0, 0, 0, 0, NULL, 0, NULL, NULL, NULL, NULL, NULL, NULL, NULL),
(41, 'area', 1, 2, 4, 13, 'Rashidul Islam', 'user-36@gmail.com', '$2y$10$2nkgX.Wgvs4q3wCgICad/uz2g90yakp5Tb5y9UYGyYSslArBSJXvK', NULL, NULL, NULL, NULL, NULL, 'user-36', NULL, NULL, NULL, NULL, 0, NULL, NULL, NULL, NULL, 0, NULL, 0, NULL, 0, NULL, 0, NULL, NULL, 0, 0, 0, NULL, 'images/default/avatar.jpg', NULL, 0, 0, NULL, NULL, 0, 0, 0, 0, 0, NULL, 0, NULL, NULL, NULL, NULL, NULL, NULL, NULL),
(42, 'area', 1, 2, 4, 13, 'Abdul Alim', 'user-37@gmail.com', '$2y$10$2nkgX.Wgvs4q3wCgICad/uz2g90yakp5Tb5y9UYGyYSslArBSJXvK', NULL, NULL, NULL, NULL, NULL, 'user-37', NULL, NULL, NULL, NULL, 0, NULL, NULL, NULL, NULL, 0, NULL, 0, NULL, 0, NULL, 0, NULL, NULL, 0, 0, 0, NULL, 'images/default/avatar.jpg', NULL, 0, 0, NULL, NULL, 0, 0, 0, 0, 0, NULL, 0, NULL, NULL, NULL, NULL, NULL, NULL, NULL),
(43, 'area', 1, 2, 4, 14, 'Ashraful', 'user-38@gmail.com', '$2y$10$2nkgX.Wgvs4q3wCgICad/uz2g90yakp5Tb5y9UYGyYSslArBSJXvK', NULL, NULL, NULL, NULL, NULL, 'user-38', NULL, NULL, NULL, NULL, 0, NULL, NULL, NULL, NULL, 0, NULL, 0, NULL, 0, NULL, 0, NULL, NULL, 0, 0, 0, NULL, 'images/default/avatar.jpg', NULL, 0, 0, NULL, NULL, 0, 0, 0, 0, 0, NULL, 0, NULL, NULL, NULL, NULL, NULL, NULL, NULL),
(44, 'area', 1, 2, 4, 14, 'Md.Asaduzzaman', 'user-39@gmail.com', '$2y$10$2nkgX.Wgvs4q3wCgICad/uz2g90yakp5Tb5y9UYGyYSslArBSJXvK', NULL, NULL, NULL, NULL, NULL, 'user-39', NULL, NULL, NULL, NULL, 0, NULL, NULL, NULL, NULL, 0, NULL, 0, NULL, 0, NULL, 0, NULL, NULL, 0, 0, 0, NULL, 'images/default/avatar.jpg', NULL, 0, 0, NULL, NULL, 0, 0, 0, 0, 0, NULL, 0, NULL, NULL, NULL, NULL, NULL, NULL, NULL),
(45, 'area', 1, 2, 4, 14, 'Alamgir Hossain', 'user-40@gmail.com', '$2y$10$2nkgX.Wgvs4q3wCgICad/uz2g90yakp5Tb5y9UYGyYSslArBSJXvK', NULL, NULL, NULL, NULL, NULL, 'user-40', NULL, NULL, NULL, NULL, 0, NULL, NULL, NULL, NULL, 0, NULL, 0, NULL, 0, NULL, 0, NULL, NULL, 0, 0, 0, NULL, 'images/default/avatar.jpg', NULL, 0, 0, NULL, NULL, 0, 0, 0, 0, 0, NULL, 0, NULL, NULL, NULL, NULL, NULL, NULL, NULL),
(46, 'area', 1, 2, 4, 14, 'Shambhunath Roy', 'user-41@gmail.com', '$2y$10$2nkgX.Wgvs4q3wCgICad/uz2g90yakp5Tb5y9UYGyYSslArBSJXvK', NULL, NULL, NULL, NULL, NULL, 'user-41', NULL, NULL, NULL, NULL, 0, NULL, NULL, NULL, NULL, 0, NULL, 0, NULL, 0, NULL, 0, NULL, NULL, 0, 0, 0, NULL, 'images/default/avatar.jpg', NULL, 0, 0, NULL, NULL, 0, 0, 0, 0, 0, NULL, 0, NULL, NULL, NULL, NULL, NULL, NULL, NULL),
(47, 'area', 1, 2, 4, 15, 'Zahidul Islam', 'user-42@gmail.com', '$2y$10$2nkgX.Wgvs4q3wCgICad/uz2g90yakp5Tb5y9UYGyYSslArBSJXvK', NULL, NULL, NULL, NULL, NULL, 'user-42', NULL, NULL, NULL, NULL, 0, NULL, NULL, NULL, NULL, 0, NULL, 0, NULL, 0, NULL, 0, NULL, NULL, 0, 0, 0, NULL, 'images/default/avatar.jpg', NULL, 0, 0, NULL, NULL, 0, 0, 0, 0, 0, NULL, 0, NULL, NULL, NULL, NULL, NULL, NULL, NULL),
(48, 'area', 1, 2, 4, 15, 'Moniruzzaman', 'user-43@gmail.com', '$2y$10$2nkgX.Wgvs4q3wCgICad/uz2g90yakp5Tb5y9UYGyYSslArBSJXvK', NULL, NULL, NULL, NULL, NULL, 'user-43', NULL, NULL, NULL, NULL, 0, NULL, NULL, NULL, NULL, 0, NULL, 0, NULL, 0, NULL, 0, NULL, NULL, 0, 0, 0, NULL, 'images/default/avatar.jpg', NULL, 0, 0, NULL, NULL, 0, 0, 0, 0, 0, NULL, 0, NULL, NULL, NULL, NULL, NULL, NULL, NULL),
(49, 'area', 1, 2, 4, 16, 'Kamruzzaman', 'user-44@gmail.com', '$2y$10$2nkgX.Wgvs4q3wCgICad/uz2g90yakp5Tb5y9UYGyYSslArBSJXvK', NULL, NULL, NULL, NULL, NULL, 'user-44', NULL, NULL, NULL, NULL, 0, NULL, NULL, NULL, NULL, 0, NULL, 0, NULL, 0, NULL, 0, NULL, NULL, 0, 0, 0, NULL, 'images/default/avatar.jpg', NULL, 0, 0, NULL, NULL, 0, 0, 0, 0, 0, NULL, 0, NULL, NULL, NULL, NULL, NULL, NULL, NULL),
(50, 'area', 1, 3, 5, 17, 'Joynal Abedin', 'user-45@gmail.com', '$2y$10$2nkgX.Wgvs4q3wCgICad/uz2g90yakp5Tb5y9UYGyYSslArBSJXvK', NULL, NULL, NULL, NULL, NULL, 'user-45', NULL, NULL, NULL, NULL, 0, NULL, NULL, NULL, NULL, 0, NULL, 0, NULL, 0, NULL, 0, NULL, NULL, 0, 0, 0, NULL, 'images/default/avatar.jpg', NULL, 0, 0, NULL, NULL, 0, 0, 0, 0, 0, NULL, 0, NULL, NULL, NULL, NULL, NULL, NULL, NULL),
(51, 'area', 1, 3, 5, 17, 'Emran Hasan', 'user-46@gmail.com', '$2y$10$2nkgX.Wgvs4q3wCgICad/uz2g90yakp5Tb5y9UYGyYSslArBSJXvK', NULL, NULL, NULL, NULL, NULL, 'user-46', NULL, NULL, NULL, NULL, 0, NULL, NULL, NULL, NULL, 0, NULL, 0, NULL, 0, NULL, 0, NULL, NULL, 0, 0, 0, NULL, 'images/default/avatar.jpg', NULL, 0, 0, NULL, NULL, 0, 0, 0, 0, 0, NULL, 0, NULL, NULL, NULL, NULL, NULL, NULL, NULL),
(52, 'area', 1, 3, 5, 17, 'Ruhul Amin', 'user-47@gmail.com', '$2y$10$2nkgX.Wgvs4q3wCgICad/uz2g90yakp5Tb5y9UYGyYSslArBSJXvK', NULL, NULL, NULL, NULL, NULL, 'user-47', NULL, NULL, NULL, NULL, 0, NULL, NULL, NULL, NULL, 0, NULL, 0, NULL, 0, NULL, 0, NULL, NULL, 0, 0, 0, NULL, 'images/default/avatar.jpg', NULL, 0, 0, NULL, NULL, 0, 0, 0, 0, 0, NULL, 0, NULL, NULL, NULL, NULL, NULL, NULL, NULL),
(53, 'area', 1, 3, 5, 18, 'Mahedul Islam', 'user-48@gmail.com', '$2y$10$2nkgX.Wgvs4q3wCgICad/uz2g90yakp5Tb5y9UYGyYSslArBSJXvK', NULL, NULL, NULL, NULL, NULL, 'user-48', NULL, NULL, NULL, NULL, 0, NULL, NULL, NULL, NULL, 0, NULL, 0, NULL, 0, NULL, 0, NULL, NULL, 0, 0, 0, NULL, 'images/default/avatar.jpg', NULL, 0, 0, NULL, NULL, 0, 0, 0, 0, 0, NULL, 0, NULL, NULL, NULL, NULL, NULL, NULL, NULL),
(54, 'area', 1, 3, 6, 19, 'Kaiser Niaz', 'user-49@gmail.com', '$2y$10$2nkgX.Wgvs4q3wCgICad/uz2g90yakp5Tb5y9UYGyYSslArBSJXvK', NULL, NULL, NULL, NULL, NULL, 'user-49', NULL, NULL, NULL, NULL, 0, NULL, NULL, NULL, NULL, 0, NULL, 0, NULL, 0, NULL, 0, NULL, NULL, 0, 0, 0, NULL, 'images/default/avatar.jpg', NULL, 0, 0, NULL, NULL, 0, 0, 0, 0, 0, NULL, 0, NULL, NULL, NULL, NULL, NULL, NULL, NULL),
(55, 'area', 1, 3, 6, 19, 'Showrov Mahmud', 'user-50@gmail.com', '$2y$10$2nkgX.Wgvs4q3wCgICad/uz2g90yakp5Tb5y9UYGyYSslArBSJXvK', NULL, NULL, NULL, NULL, NULL, 'user-50', NULL, NULL, NULL, NULL, 0, NULL, NULL, NULL, NULL, 0, NULL, 0, NULL, 0, NULL, 0, NULL, NULL, 0, 0, 0, NULL, 'images/default/avatar.jpg', NULL, 0, 0, NULL, NULL, 0, 0, 0, 0, 0, NULL, 0, NULL, NULL, NULL, NULL, NULL, NULL, NULL),
(56, 'area', 1, 3, 6, 19, 'Mostafizur Rahman', 'user-51@gmail.com', '$2y$10$2nkgX.Wgvs4q3wCgICad/uz2g90yakp5Tb5y9UYGyYSslArBSJXvK', NULL, NULL, NULL, NULL, NULL, 'user-51', NULL, NULL, NULL, NULL, 0, NULL, NULL, NULL, NULL, 0, NULL, 0, NULL, 0, NULL, 0, NULL, NULL, 0, 0, 0, NULL, 'images/default/avatar.jpg', NULL, 0, 0, NULL, NULL, 0, 0, 0, 0, 0, NULL, 0, NULL, NULL, NULL, NULL, NULL, NULL, NULL),
(57, 'area', 1, 3, 6, 20, 'Enamul Hauqe', 'user-52@gmail.com', '$2y$10$2nkgX.Wgvs4q3wCgICad/uz2g90yakp5Tb5y9UYGyYSslArBSJXvK', NULL, NULL, NULL, NULL, NULL, 'user-52', NULL, NULL, NULL, NULL, 0, NULL, NULL, NULL, NULL, 0, NULL, 0, NULL, 0, NULL, 0, NULL, NULL, 0, 0, 0, NULL, 'images/default/avatar.jpg', NULL, 0, 0, NULL, NULL, 0, 0, 0, 0, 0, NULL, 0, NULL, NULL, NULL, NULL, NULL, NULL, NULL),
(58, 'area', 1, 3, 6, 20, 'Masum Billah', 'user-53@gmail.com', '$2y$10$2nkgX.Wgvs4q3wCgICad/uz2g90yakp5Tb5y9UYGyYSslArBSJXvK', NULL, NULL, NULL, NULL, NULL, 'user-53', NULL, NULL, NULL, NULL, 0, NULL, NULL, NULL, NULL, 0, NULL, 0, NULL, 0, NULL, 0, NULL, NULL, 0, 0, 0, NULL, 'images/default/avatar.jpg', NULL, 0, 0, NULL, NULL, 0, 0, 0, 0, 0, NULL, 0, NULL, NULL, NULL, NULL, NULL, NULL, NULL),
(59, 'area', 1, 3, 6, 20, 'Saiful Islam', 'user-54@gmail.com', '$2y$10$2nkgX.Wgvs4q3wCgICad/uz2g90yakp5Tb5y9UYGyYSslArBSJXvK', NULL, NULL, NULL, NULL, NULL, 'user-54', NULL, NULL, NULL, NULL, 0, NULL, NULL, NULL, NULL, 0, NULL, 0, NULL, 0, NULL, 0, NULL, NULL, 0, 0, 0, NULL, 'images/default/avatar.jpg', NULL, 0, 0, NULL, NULL, 0, 0, 0, 0, 0, NULL, 0, NULL, NULL, NULL, NULL, NULL, NULL, NULL),
(60, 'area', 1, 3, 6, 21, 'Abdullah Al-Motin', 'user-55@gmail.com', '$2y$10$2nkgX.Wgvs4q3wCgICad/uz2g90yakp5Tb5y9UYGyYSslArBSJXvK', NULL, NULL, NULL, NULL, NULL, 'user-55', NULL, NULL, NULL, NULL, 0, NULL, NULL, NULL, NULL, 0, NULL, 0, NULL, 0, NULL, 0, NULL, NULL, 0, 0, 0, NULL, 'images/default/avatar.jpg', NULL, 0, 0, NULL, NULL, 0, 0, 0, 0, 0, NULL, 0, NULL, NULL, NULL, NULL, NULL, NULL, NULL),
(61, 'area', 1, 3, 6, 21, 'Aminul Islam', 'user-56@gmail.com', '$2y$10$2nkgX.Wgvs4q3wCgICad/uz2g90yakp5Tb5y9UYGyYSslArBSJXvK', NULL, NULL, NULL, NULL, NULL, 'user-56', NULL, NULL, NULL, NULL, 0, NULL, NULL, NULL, NULL, 0, NULL, 0, NULL, 0, NULL, 0, NULL, NULL, 0, 0, 0, NULL, 'images/default/avatar.jpg', NULL, 0, 0, NULL, NULL, 0, 0, 0, 0, 0, NULL, 0, NULL, NULL, NULL, NULL, NULL, NULL, NULL),
(62, 'area', 1, 3, 6, 21, 'Md.Faruq Ahammed', 'user-57@gmail.com', '$2y$10$2nkgX.Wgvs4q3wCgICad/uz2g90yakp5Tb5y9UYGyYSslArBSJXvK', NULL, NULL, NULL, NULL, NULL, 'user-57', NULL, NULL, NULL, NULL, 0, NULL, NULL, NULL, NULL, 0, NULL, 0, NULL, 0, NULL, 0, NULL, NULL, 0, 0, 0, NULL, 'images/default/avatar.jpg', NULL, 0, 0, NULL, NULL, 0, 0, 0, 0, 0, NULL, 0, NULL, NULL, NULL, NULL, NULL, NULL, NULL),
(63, 'area', 2, 4, 7, 22, 'Md.Alamgir Hossain', 'user-58@gmail.com', '$2y$10$2nkgX.Wgvs4q3wCgICad/uz2g90yakp5Tb5y9UYGyYSslArBSJXvK', NULL, NULL, NULL, NULL, NULL, 'user-58', NULL, NULL, NULL, NULL, 0, NULL, NULL, NULL, NULL, 0, NULL, 0, NULL, 0, NULL, 0, NULL, NULL, 0, 0, 0, NULL, 'images/default/avatar.jpg', NULL, 0, 0, NULL, NULL, 0, 0, 0, 0, 0, NULL, 0, NULL, NULL, NULL, NULL, NULL, NULL, NULL),
(64, 'area', 2, 4, 7, 22, 'Md.Atiqur Rahman', 'user-59@gmail.com', '$2y$10$2nkgX.Wgvs4q3wCgICad/uz2g90yakp5Tb5y9UYGyYSslArBSJXvK', NULL, NULL, NULL, NULL, NULL, 'user-59', NULL, NULL, NULL, NULL, 0, NULL, NULL, NULL, NULL, 0, NULL, 0, NULL, 0, NULL, 0, NULL, NULL, 0, 0, 0, NULL, 'images/default/avatar.jpg', NULL, 0, 0, NULL, NULL, 0, 0, 0, 0, 0, NULL, 0, NULL, NULL, NULL, NULL, NULL, NULL, NULL),
(65, 'area', 2, 4, 7, 22, 'Md. Nur Alam', 'user-60@gmail.com', '$2y$10$2nkgX.Wgvs4q3wCgICad/uz2g90yakp5Tb5y9UYGyYSslArBSJXvK', NULL, NULL, NULL, NULL, NULL, 'user-60', NULL, NULL, NULL, NULL, 0, NULL, NULL, NULL, NULL, 0, NULL, 0, NULL, 0, NULL, 0, NULL, NULL, 0, 0, 0, NULL, 'images/default/avatar.jpg', NULL, 0, 0, NULL, NULL, 0, 0, 0, 0, 0, NULL, 0, NULL, NULL, NULL, NULL, NULL, NULL, NULL),
(66, 'area', 2, 4, 7, 23, 'Md.Harun-Or Rashid', 'user-61@gmail.com', '$2y$10$2nkgX.Wgvs4q3wCgICad/uz2g90yakp5Tb5y9UYGyYSslArBSJXvK', NULL, NULL, NULL, NULL, NULL, 'user-61', NULL, NULL, NULL, NULL, 0, NULL, NULL, NULL, NULL, 0, NULL, 0, NULL, 0, NULL, 0, NULL, NULL, 0, 0, 0, NULL, 'images/default/avatar.jpg', NULL, 0, 0, NULL, NULL, 0, 0, 0, 0, 0, NULL, 0, NULL, NULL, NULL, NULL, NULL, NULL, NULL),
(67, 'area', 2, 4, 7, 24, 'Md.Robiul Islam ', 'user-62@gmail.com', '$2y$10$2nkgX.Wgvs4q3wCgICad/uz2g90yakp5Tb5y9UYGyYSslArBSJXvK', NULL, NULL, NULL, NULL, NULL, 'user-62', NULL, NULL, NULL, NULL, 0, NULL, NULL, NULL, NULL, 0, NULL, 0, NULL, 0, NULL, 0, NULL, NULL, 0, 0, 0, NULL, 'images/default/avatar.jpg', NULL, 0, 0, NULL, NULL, 0, 0, 0, 0, 0, NULL, 0, NULL, NULL, NULL, NULL, NULL, NULL, NULL),
(68, 'area', 2, 4, 7, 24, 'Md.Nazmul Huda', 'user-63@gmail.com', '$2y$10$2nkgX.Wgvs4q3wCgICad/uz2g90yakp5Tb5y9UYGyYSslArBSJXvK', NULL, NULL, NULL, NULL, NULL, 'user-63', NULL, NULL, NULL, NULL, 0, NULL, NULL, NULL, NULL, 0, NULL, 0, NULL, 0, NULL, 0, NULL, NULL, 0, 0, 0, NULL, 'images/default/avatar.jpg', NULL, 0, 0, NULL, NULL, 0, 0, 0, 0, 0, NULL, 0, NULL, NULL, NULL, NULL, NULL, NULL, NULL),
(69, 'area', 2, 4, 8, 25, 'Md.Abu Hasan', 'user-64@gmail.com', '$2y$10$2nkgX.Wgvs4q3wCgICad/uz2g90yakp5Tb5y9UYGyYSslArBSJXvK', NULL, NULL, NULL, NULL, NULL, 'user-64', NULL, NULL, NULL, NULL, 0, NULL, NULL, NULL, NULL, 0, NULL, 0, NULL, 0, NULL, 0, NULL, NULL, 0, 0, 0, NULL, 'images/default/avatar.jpg', NULL, 0, 0, NULL, NULL, 0, 0, 0, 0, 0, NULL, 0, NULL, NULL, NULL, NULL, NULL, NULL, NULL),
(70, 'area', 2, 4, 8, 25, 'Mithu Kumar', 'user-65@gmail.com', '$2y$10$2nkgX.Wgvs4q3wCgICad/uz2g90yakp5Tb5y9UYGyYSslArBSJXvK', NULL, NULL, NULL, NULL, NULL, 'user-65', NULL, NULL, NULL, NULL, 0, NULL, NULL, NULL, NULL, 0, NULL, 0, NULL, 0, NULL, 0, NULL, NULL, 0, 0, 0, NULL, 'images/default/avatar.jpg', NULL, 0, 0, NULL, NULL, 0, 0, 0, 0, 0, NULL, 0, NULL, NULL, NULL, NULL, NULL, NULL, NULL),
(71, 'area', 2, 4, 8, 26, 'Md.Aminur Islam', 'user-66@gmail.com', '$2y$10$2nkgX.Wgvs4q3wCgICad/uz2g90yakp5Tb5y9UYGyYSslArBSJXvK', NULL, NULL, NULL, NULL, NULL, 'user-66', NULL, NULL, NULL, NULL, 0, NULL, NULL, NULL, NULL, 0, NULL, 0, NULL, 0, NULL, 0, NULL, NULL, 0, 0, 0, NULL, 'images/default/avatar.jpg', NULL, 0, 0, NULL, NULL, 0, 0, 0, 0, 0, NULL, 0, NULL, NULL, NULL, NULL, NULL, NULL, NULL),
(72, 'area', 2, 4, 8, 27, 'Md.Abdur Raouf', 'user-67@gmail.com', '$2y$10$2nkgX.Wgvs4q3wCgICad/uz2g90yakp5Tb5y9UYGyYSslArBSJXvK', NULL, NULL, NULL, NULL, NULL, 'user-67', NULL, NULL, NULL, NULL, 0, NULL, NULL, NULL, NULL, 0, NULL, 0, NULL, 0, NULL, 0, NULL, NULL, 0, 0, 0, NULL, 'images/default/avatar.jpg', NULL, 0, 0, NULL, NULL, 0, 0, 0, 0, 0, NULL, 0, NULL, NULL, NULL, NULL, NULL, NULL, NULL),
(73, 'area', 2, 5, 9, 28, 'Md.Al Mohaimin Rubel ', 'user-68@gmail.com', '$2y$10$2nkgX.Wgvs4q3wCgICad/uz2g90yakp5Tb5y9UYGyYSslArBSJXvK', NULL, NULL, NULL, NULL, NULL, 'user-68', NULL, NULL, NULL, NULL, 0, NULL, NULL, NULL, NULL, 0, NULL, 0, NULL, 0, NULL, 0, NULL, NULL, 0, 0, 0, NULL, 'images/default/avatar.jpg', NULL, 0, 0, NULL, NULL, 0, 0, 0, 0, 0, NULL, 0, NULL, NULL, NULL, NULL, NULL, NULL, NULL),
(74, 'area', 2, 5, 9, 28, 'Md.Nizam Uddin ', 'user-69@gmail.com', '$2y$10$2nkgX.Wgvs4q3wCgICad/uz2g90yakp5Tb5y9UYGyYSslArBSJXvK', NULL, NULL, NULL, NULL, NULL, 'user-69', NULL, NULL, NULL, NULL, 0, NULL, NULL, NULL, NULL, 0, NULL, 0, NULL, 0, NULL, 0, NULL, NULL, 0, 0, 0, NULL, 'images/default/avatar.jpg', NULL, 0, 0, NULL, NULL, 0, 0, 0, 0, 0, NULL, 0, NULL, NULL, NULL, NULL, NULL, NULL, NULL),
(75, 'area', 2, 5, 9, 28, 'Md.Kamrul Islam ', 'user-70@gmail.com', '$2y$10$2nkgX.Wgvs4q3wCgICad/uz2g90yakp5Tb5y9UYGyYSslArBSJXvK', NULL, NULL, NULL, NULL, NULL, 'user-70', NULL, NULL, NULL, NULL, 0, NULL, NULL, NULL, NULL, 0, NULL, 0, NULL, 0, NULL, 0, NULL, NULL, 0, 0, 0, NULL, 'images/default/avatar.jpg', NULL, 0, 0, NULL, NULL, 0, 0, 0, 0, 0, NULL, 0, NULL, NULL, NULL, NULL, NULL, NULL, NULL),
(76, 'area', 2, 5, 9, 28, 'Md.Rasel Hossain', 'user-71@gmail.com', '$2y$10$2nkgX.Wgvs4q3wCgICad/uz2g90yakp5Tb5y9UYGyYSslArBSJXvK', NULL, NULL, NULL, NULL, NULL, 'user-71', NULL, NULL, NULL, NULL, 0, NULL, NULL, NULL, NULL, 0, NULL, 0, NULL, 0, NULL, 0, NULL, NULL, 0, 0, 0, NULL, 'images/default/avatar.jpg', NULL, 0, 0, NULL, NULL, 0, 0, 0, 0, 0, NULL, 0, NULL, NULL, NULL, NULL, NULL, NULL, NULL),
(77, 'area', 2, 5, 9, 28, 'Md.Shajada Hossain', 'user-72@gmail.com', '$2y$10$2nkgX.Wgvs4q3wCgICad/uz2g90yakp5Tb5y9UYGyYSslArBSJXvK', NULL, NULL, NULL, NULL, NULL, 'user-72', NULL, NULL, NULL, NULL, 0, NULL, NULL, NULL, NULL, 0, NULL, 0, NULL, 0, NULL, 0, NULL, NULL, 0, 0, 0, NULL, 'images/default/avatar.jpg', NULL, 0, 0, NULL, NULL, 0, 0, 0, 0, 0, NULL, 0, NULL, NULL, NULL, NULL, NULL, NULL, NULL),
(78, 'area', 2, 5, 9, 29, 'Md.Bulbul Ahamed', 'user-73@gmail.com', '$2y$10$2nkgX.Wgvs4q3wCgICad/uz2g90yakp5Tb5y9UYGyYSslArBSJXvK', NULL, NULL, NULL, NULL, NULL, 'user-73', NULL, NULL, NULL, NULL, 0, NULL, NULL, NULL, NULL, 0, NULL, 0, NULL, 0, NULL, 0, NULL, NULL, 0, 0, 0, NULL, 'images/default/avatar.jpg', NULL, 0, 0, NULL, NULL, 0, 0, 0, 0, 0, NULL, 0, NULL, NULL, NULL, NULL, NULL, NULL, NULL),
(79, 'area', 2, 5, 9, 29, 'Md.Abdul Azim', 'user-74@gmail.com', '$2y$10$2nkgX.Wgvs4q3wCgICad/uz2g90yakp5Tb5y9UYGyYSslArBSJXvK', NULL, NULL, NULL, NULL, NULL, 'user-74', NULL, NULL, NULL, NULL, 0, NULL, NULL, NULL, NULL, 0, NULL, 0, NULL, 0, NULL, 0, NULL, NULL, 0, 0, 0, NULL, 'images/default/avatar.jpg', NULL, 0, 0, NULL, NULL, 0, 0, 0, 0, 0, NULL, 0, NULL, NULL, NULL, NULL, NULL, NULL, NULL),
(80, 'area', 2, 5, 9, 30, 'Md.Rakibul Islam', 'user-75@gmail.com', '$2y$10$2nkgX.Wgvs4q3wCgICad/uz2g90yakp5Tb5y9UYGyYSslArBSJXvK', NULL, NULL, NULL, NULL, NULL, 'user-75', NULL, NULL, NULL, NULL, 0, NULL, NULL, NULL, NULL, 0, NULL, 0, NULL, 0, NULL, 0, NULL, NULL, 0, 0, 0, NULL, 'images/default/avatar.jpg', NULL, 0, 0, NULL, NULL, 0, 0, 0, 0, 0, NULL, 0, NULL, NULL, NULL, NULL, NULL, NULL, NULL),
(81, 'area', 2, 5, 10, 31, 'Md.Shamsul Alam ', 'user-76@gmail.com', '$2y$10$2nkgX.Wgvs4q3wCgICad/uz2g90yakp5Tb5y9UYGyYSslArBSJXvK', NULL, NULL, NULL, NULL, NULL, 'user-76', NULL, NULL, NULL, NULL, 0, NULL, NULL, NULL, NULL, 0, NULL, 0, NULL, 0, NULL, 0, NULL, NULL, 0, 0, 0, NULL, 'images/default/avatar.jpg', NULL, 0, 0, NULL, NULL, 0, 0, 0, 0, 0, NULL, 0, NULL, NULL, NULL, NULL, NULL, NULL, NULL),
(82, 'area', 2, 5, 10, 31, 'Md.Ziaul Hasan', 'user-77@gmail.com', '$2y$10$2nkgX.Wgvs4q3wCgICad/uz2g90yakp5Tb5y9UYGyYSslArBSJXvK', NULL, NULL, NULL, NULL, NULL, 'user-77', NULL, NULL, NULL, NULL, 0, NULL, NULL, NULL, NULL, 0, NULL, 0, NULL, 0, NULL, 0, NULL, NULL, 0, 0, 0, NULL, 'images/default/avatar.jpg', NULL, 0, 0, NULL, NULL, 0, 0, 0, 0, 0, NULL, 0, NULL, NULL, NULL, NULL, NULL, NULL, NULL),
(83, 'area', 2, 5, 10, 32, 'Md.Alamgir Hossain', 'user-78@gmail.com', '$2y$10$2nkgX.Wgvs4q3wCgICad/uz2g90yakp5Tb5y9UYGyYSslArBSJXvK', NULL, NULL, NULL, NULL, NULL, 'user-78', NULL, NULL, NULL, NULL, 0, NULL, NULL, NULL, NULL, 0, NULL, 0, NULL, 0, NULL, 0, NULL, NULL, 0, 0, 0, NULL, 'images/default/avatar.jpg', NULL, 0, 0, NULL, NULL, 0, 0, 0, 0, 0, NULL, 0, NULL, NULL, NULL, NULL, NULL, NULL, NULL),
(84, 'area', 2, 5, 10, 32, 'Md.Akter Hossain', 'user-79@gmail.com', '$2y$10$2nkgX.Wgvs4q3wCgICad/uz2g90yakp5Tb5y9UYGyYSslArBSJXvK', NULL, NULL, NULL, NULL, NULL, 'user-79', NULL, NULL, NULL, NULL, 0, NULL, NULL, NULL, NULL, 0, NULL, 0, NULL, 0, NULL, 0, NULL, NULL, 0, 0, 0, NULL, 'images/default/avatar.jpg', NULL, 0, 0, NULL, NULL, 0, 0, 0, 0, 0, NULL, 0, NULL, NULL, NULL, NULL, NULL, NULL, NULL),
(85, 'area', 2, 5, 10, 32, 'Md.Abul Kashem', 'user-80@gmail.com', '$2y$10$2nkgX.Wgvs4q3wCgICad/uz2g90yakp5Tb5y9UYGyYSslArBSJXvK', NULL, NULL, NULL, NULL, NULL, 'user-80', NULL, NULL, NULL, NULL, 0, NULL, NULL, NULL, NULL, 0, NULL, 0, NULL, 0, NULL, 0, NULL, NULL, 0, 0, 0, NULL, 'images/default/avatar.jpg', NULL, 0, 0, NULL, NULL, 0, 0, 0, 0, 0, NULL, 0, NULL, NULL, NULL, NULL, NULL, NULL, NULL),
(86, 'area', 2, 5, 10, 33, 'Md.Kaiser Ahmed', 'user-81@gmail.com', '$2y$10$2nkgX.Wgvs4q3wCgICad/uz2g90yakp5Tb5y9UYGyYSslArBSJXvK', NULL, NULL, NULL, NULL, NULL, 'user-81', NULL, NULL, NULL, NULL, 0, NULL, NULL, NULL, NULL, 0, NULL, 0, NULL, 0, NULL, 0, NULL, NULL, 0, 0, 0, NULL, 'images/default/avatar.jpg', NULL, 0, 0, NULL, NULL, 0, 0, 0, 0, 0, NULL, 0, NULL, NULL, NULL, NULL, NULL, NULL, NULL),
(87, 'area', 2, 5, 10, 33, 'Md.Babul Haque', 'user-82@gmail.com', '$2y$10$2nkgX.Wgvs4q3wCgICad/uz2g90yakp5Tb5y9UYGyYSslArBSJXvK', NULL, NULL, NULL, NULL, NULL, 'user-82', NULL, NULL, NULL, NULL, 0, NULL, NULL, NULL, NULL, 0, NULL, 0, NULL, 0, NULL, 0, NULL, NULL, 0, 0, 0, NULL, 'images/default/avatar.jpg', NULL, 0, 0, NULL, NULL, 0, 0, 0, 0, 0, NULL, 0, NULL, NULL, NULL, NULL, NULL, NULL, NULL),
(88, 'area', 2, 6, 11, 34, 'Md.Momtaz Hossain', 'user-83@gmail.com', '$2y$10$2nkgX.Wgvs4q3wCgICad/uz2g90yakp5Tb5y9UYGyYSslArBSJXvK', NULL, NULL, NULL, NULL, NULL, 'user-83', NULL, NULL, NULL, NULL, 0, NULL, NULL, NULL, NULL, 0, NULL, 0, NULL, 0, NULL, 0, NULL, NULL, 0, 0, 0, NULL, 'images/default/avatar.jpg', NULL, 0, 0, NULL, NULL, 0, 0, 0, 0, 0, NULL, 0, NULL, NULL, NULL, NULL, NULL, NULL, NULL),
(89, 'area', 2, 6, 11, 34, 'Md.Tuhin Islam', 'user-84@gmail.com', '$2y$10$2nkgX.Wgvs4q3wCgICad/uz2g90yakp5Tb5y9UYGyYSslArBSJXvK', NULL, NULL, NULL, NULL, NULL, 'user-84', NULL, NULL, NULL, NULL, 0, NULL, NULL, NULL, NULL, 0, NULL, 0, NULL, 0, NULL, 0, NULL, NULL, 0, 0, 0, NULL, 'images/default/avatar.jpg', NULL, 0, 0, NULL, NULL, 0, 0, 0, 0, 0, NULL, 0, NULL, NULL, NULL, NULL, NULL, NULL, NULL),
(90, 'area', 2, 6, 11, 34, 'Md.Mehedi Hasan', 'user-85@gmail.com', '$2y$10$2nkgX.Wgvs4q3wCgICad/uz2g90yakp5Tb5y9UYGyYSslArBSJXvK', NULL, NULL, NULL, NULL, NULL, 'user-85', NULL, NULL, NULL, NULL, 0, NULL, NULL, NULL, NULL, 0, NULL, 0, NULL, 0, NULL, 0, NULL, NULL, 0, 0, 0, NULL, 'images/default/avatar.jpg', NULL, 0, 0, NULL, NULL, 0, 0, 0, 0, 0, NULL, 0, NULL, NULL, NULL, NULL, NULL, NULL, NULL),
(91, 'area', 2, 6, 11, 35, 'Md.Rajjak Molla', 'user-86@gmail.com', '$2y$10$2nkgX.Wgvs4q3wCgICad/uz2g90yakp5Tb5y9UYGyYSslArBSJXvK', NULL, NULL, NULL, NULL, NULL, 'user-86', NULL, NULL, NULL, NULL, 0, NULL, NULL, NULL, NULL, 0, NULL, 0, NULL, 0, NULL, 0, NULL, NULL, 0, 0, 0, NULL, 'images/default/avatar.jpg', NULL, 0, 0, NULL, NULL, 0, 0, 0, 0, 0, NULL, 0, NULL, NULL, NULL, NULL, NULL, NULL, NULL),
(92, 'area', 2, 6, 11, 35, 'Md. Iqbbal Hossain', 'user-87@gmail.com', '$2y$10$2nkgX.Wgvs4q3wCgICad/uz2g90yakp5Tb5y9UYGyYSslArBSJXvK', NULL, NULL, NULL, NULL, NULL, 'user-87', NULL, NULL, NULL, NULL, 0, NULL, NULL, NULL, NULL, 0, NULL, 0, NULL, 0, NULL, 0, NULL, NULL, 0, 0, 0, NULL, 'images/default/avatar.jpg', NULL, 0, 0, NULL, NULL, 0, 0, 0, 0, 0, NULL, 0, NULL, NULL, NULL, NULL, NULL, NULL, NULL),
(93, 'area', 2, 6, 11, 36, 'Md.Ariful Islam', 'user-88@gmail.com', '$2y$10$2nkgX.Wgvs4q3wCgICad/uz2g90yakp5Tb5y9UYGyYSslArBSJXvK', NULL, NULL, NULL, NULL, NULL, 'user-88', NULL, NULL, NULL, NULL, 0, NULL, NULL, NULL, NULL, 0, NULL, 0, NULL, 0, NULL, 0, NULL, NULL, 0, 0, 0, NULL, 'images/default/avatar.jpg', NULL, 0, 0, NULL, NULL, 0, 0, 0, 0, 0, NULL, 0, NULL, NULL, NULL, NULL, NULL, NULL, NULL),
(94, 'area', 2, 6, 11, 36, 'Md.Shahadat Hossain', 'user-89@gmail.com', '$2y$10$2nkgX.Wgvs4q3wCgICad/uz2g90yakp5Tb5y9UYGyYSslArBSJXvK', NULL, NULL, NULL, NULL, NULL, 'user-89', NULL, NULL, NULL, NULL, 0, NULL, NULL, NULL, NULL, 0, NULL, 0, NULL, 0, NULL, 0, NULL, NULL, 0, 0, 0, NULL, 'images/default/avatar.jpg', NULL, 0, 0, NULL, NULL, 0, 0, 0, 0, 0, NULL, 0, NULL, NULL, NULL, NULL, NULL, NULL, NULL),
(95, 'area', 2, 6, 12, 37, 'Md.Shahadot Hossain', 'user-90@gmail.com', '$2y$10$2nkgX.Wgvs4q3wCgICad/uz2g90yakp5Tb5y9UYGyYSslArBSJXvK', NULL, NULL, NULL, NULL, NULL, 'user-90', NULL, NULL, NULL, NULL, 0, NULL, NULL, NULL, NULL, 0, NULL, 0, NULL, 0, NULL, 0, NULL, NULL, 0, 0, 0, NULL, 'images/default/avatar.jpg', NULL, 0, 0, NULL, NULL, 0, 0, 0, 0, 0, NULL, 0, NULL, NULL, NULL, NULL, NULL, NULL, NULL),
(96, 'area', 2, 6, 12, 37, 'Md.Mamun Miah', 'user-91@gmail.com', '$2y$10$2nkgX.Wgvs4q3wCgICad/uz2g90yakp5Tb5y9UYGyYSslArBSJXvK', NULL, NULL, NULL, NULL, NULL, 'user-91', NULL, NULL, NULL, NULL, 0, NULL, NULL, NULL, NULL, 0, NULL, 0, NULL, 0, NULL, 0, NULL, NULL, 0, 0, 0, NULL, 'images/default/avatar.jpg', NULL, 0, 0, NULL, NULL, 0, 0, 0, 0, 0, NULL, 0, NULL, NULL, NULL, NULL, NULL, NULL, NULL),
(97, 'area', 2, 6, 12, 37, 'Md.Rasel Ali', 'user-92@gmail.com', '$2y$10$2nkgX.Wgvs4q3wCgICad/uz2g90yakp5Tb5y9UYGyYSslArBSJXvK', NULL, NULL, NULL, NULL, NULL, 'user-92', NULL, NULL, NULL, NULL, 0, NULL, NULL, NULL, NULL, 0, NULL, 0, NULL, 0, NULL, 0, NULL, NULL, 0, 0, 0, NULL, 'images/default/avatar.jpg', NULL, 0, 0, NULL, NULL, 0, 0, 0, 0, 0, NULL, 0, NULL, NULL, NULL, NULL, NULL, NULL, NULL),
(98, 'area', 2, 6, 12, 37, 'Md.Shariar Suvo', 'user-93@gmail.com', '$2y$10$2nkgX.Wgvs4q3wCgICad/uz2g90yakp5Tb5y9UYGyYSslArBSJXvK', NULL, NULL, NULL, NULL, NULL, 'user-93', NULL, NULL, NULL, NULL, 0, NULL, NULL, NULL, NULL, 0, NULL, 0, NULL, 0, NULL, 0, NULL, NULL, 0, 0, 0, NULL, 'images/default/avatar.jpg', NULL, 0, 0, NULL, NULL, 0, 0, 0, 0, 0, NULL, 0, NULL, NULL, NULL, NULL, NULL, NULL, NULL),
(99, 'area', 2, 6, 12, 38, 'Md.Alomgir Hossian', 'user-94@gmail.com', '$2y$10$2nkgX.Wgvs4q3wCgICad/uz2g90yakp5Tb5y9UYGyYSslArBSJXvK', NULL, NULL, NULL, NULL, NULL, 'user-94', NULL, NULL, NULL, NULL, 0, NULL, NULL, NULL, NULL, 0, NULL, 0, NULL, 0, NULL, 0, NULL, NULL, 0, 0, 0, NULL, 'images/default/avatar.jpg', NULL, 0, 0, NULL, NULL, 0, 0, 0, 0, 0, NULL, 0, NULL, NULL, NULL, NULL, NULL, NULL, NULL),
(100, 'area', 2, 6, 12, 38, 'Md.Rahmat Ullah', 'user-95@gmail.com', '$2y$10$2nkgX.Wgvs4q3wCgICad/uz2g90yakp5Tb5y9UYGyYSslArBSJXvK', NULL, NULL, NULL, NULL, NULL, 'user-95', NULL, NULL, NULL, NULL, 0, NULL, NULL, NULL, NULL, 0, NULL, 0, NULL, 0, NULL, 0, NULL, NULL, 0, 0, 0, NULL, 'images/default/avatar.jpg', NULL, 0, 0, NULL, NULL, 0, 0, 0, 0, 0, NULL, 0, NULL, NULL, NULL, NULL, NULL, NULL, NULL),
(101, 'area', 2, 6, 12, 39, 'Md.Humayan Kabir', 'user-96@gmail.com', '$2y$10$2nkgX.Wgvs4q3wCgICad/uz2g90yakp5Tb5y9UYGyYSslArBSJXvK', NULL, NULL, NULL, NULL, NULL, 'user-96', NULL, NULL, NULL, NULL, 0, NULL, NULL, NULL, NULL, 0, NULL, 0, NULL, 0, NULL, 0, NULL, NULL, 0, 0, 0, NULL, 'images/default/avatar.jpg', NULL, 0, 0, NULL, NULL, 0, 0, 0, 0, 0, NULL, 0, NULL, NULL, NULL, NULL, NULL, NULL, NULL),
(102, 'area', 2, 6, 12, 39, 'Md.Firoz Talukder', 'user-97@gmail.com', '$2y$10$2nkgX.Wgvs4q3wCgICad/uz2g90yakp5Tb5y9UYGyYSslArBSJXvK', NULL, NULL, NULL, NULL, NULL, 'user-97', NULL, NULL, NULL, NULL, 0, NULL, NULL, NULL, NULL, 0, NULL, 0, NULL, 0, NULL, 0, NULL, NULL, 0, 0, 0, NULL, 'images/default/avatar.jpg', NULL, 0, 0, NULL, NULL, 0, 0, 0, 0, 0, NULL, 0, NULL, NULL, NULL, NULL, NULL, NULL, NULL),
(103, 'area', 2, 7, 13, 40, 'Md.Golam Mostafa (Gias)', 'user-98@gmail.com', '$2y$10$2nkgX.Wgvs4q3wCgICad/uz2g90yakp5Tb5y9UYGyYSslArBSJXvK', NULL, NULL, NULL, NULL, NULL, 'user-98', NULL, NULL, NULL, NULL, 0, NULL, NULL, NULL, NULL, 0, NULL, 0, NULL, 0, NULL, 0, NULL, NULL, 0, 0, 0, NULL, 'images/default/avatar.jpg', NULL, 0, 0, NULL, NULL, 0, 0, 0, 0, 0, NULL, 0, NULL, NULL, NULL, NULL, NULL, NULL, NULL),
(104, 'area', 2, 7, 13, 40, 'Md.Abu Bokkor Siddik', 'user-99@gmail.com', '$2y$10$2nkgX.Wgvs4q3wCgICad/uz2g90yakp5Tb5y9UYGyYSslArBSJXvK', NULL, NULL, NULL, NULL, NULL, 'user-99', NULL, NULL, NULL, NULL, 0, NULL, NULL, NULL, NULL, 0, NULL, 0, NULL, 0, NULL, 0, NULL, NULL, 0, 0, 0, NULL, 'images/default/avatar.jpg', NULL, 0, 0, NULL, NULL, 0, 0, 0, 0, 0, NULL, 0, NULL, NULL, NULL, NULL, NULL, NULL, NULL),
(105, 'area', 2, 7, 13, 40, 'Md.Maksudul Haque ', 'user-100@gmail.com', '$2y$10$2nkgX.Wgvs4q3wCgICad/uz2g90yakp5Tb5y9UYGyYSslArBSJXvK', NULL, NULL, NULL, NULL, NULL, 'user-100', NULL, NULL, NULL, NULL, 0, NULL, NULL, NULL, NULL, 0, NULL, 0, NULL, 0, NULL, 0, NULL, NULL, 0, 0, 0, NULL, 'images/default/avatar.jpg', NULL, 0, 0, NULL, NULL, 0, 0, 0, 0, 0, NULL, 0, NULL, NULL, NULL, NULL, NULL, NULL, NULL),
(106, 'area', 2, 7, 13, 41, 'Md.Ripon Ali', 'user-101@gmail.com', '$2y$10$2nkgX.Wgvs4q3wCgICad/uz2g90yakp5Tb5y9UYGyYSslArBSJXvK', NULL, NULL, NULL, NULL, NULL, 'user-101', NULL, NULL, NULL, NULL, 0, NULL, NULL, NULL, NULL, 0, NULL, 0, NULL, 0, NULL, 0, NULL, NULL, 0, 0, 0, NULL, 'images/default/avatar.jpg', NULL, 0, 0, NULL, NULL, 0, 0, 0, 0, 0, NULL, 0, NULL, NULL, NULL, NULL, NULL, NULL, NULL),
(107, 'area', 2, 7, 13, 41, 'Md.Khabir Uddin', 'user-102@gmail.com', '$2y$10$2nkgX.Wgvs4q3wCgICad/uz2g90yakp5Tb5y9UYGyYSslArBSJXvK', NULL, NULL, NULL, NULL, NULL, 'user-102', NULL, NULL, NULL, NULL, 0, NULL, NULL, NULL, NULL, 0, NULL, 0, NULL, 0, NULL, 0, NULL, NULL, 0, 0, 0, NULL, 'images/default/avatar.jpg', NULL, 0, 0, NULL, NULL, 0, 0, 0, 0, 0, NULL, 0, NULL, NULL, NULL, NULL, NULL, NULL, NULL),
(108, 'area', 2, 7, 13, 41, 'Shabuz kumar', 'user-103@gmail.com', '$2y$10$2nkgX.Wgvs4q3wCgICad/uz2g90yakp5Tb5y9UYGyYSslArBSJXvK', NULL, NULL, NULL, NULL, NULL, 'user-103', NULL, NULL, NULL, NULL, 0, NULL, NULL, NULL, NULL, 0, NULL, 0, NULL, 0, NULL, 0, NULL, NULL, 0, 0, 0, NULL, 'images/default/avatar.jpg', NULL, 0, 0, NULL, NULL, 0, 0, 0, 0, 0, NULL, 0, NULL, NULL, NULL, NULL, NULL, NULL, NULL),
(109, 'area', 2, 7, 13, 42, 'Md.Abdus Sabur', 'user-104@gmail.com', '$2y$10$2nkgX.Wgvs4q3wCgICad/uz2g90yakp5Tb5y9UYGyYSslArBSJXvK', NULL, NULL, NULL, NULL, NULL, 'user-104', NULL, NULL, NULL, NULL, 0, NULL, NULL, NULL, NULL, 0, NULL, 0, NULL, 0, NULL, 0, NULL, NULL, 0, 0, 0, NULL, 'images/default/avatar.jpg', NULL, 0, 0, NULL, NULL, 0, 0, 0, 0, 0, NULL, 0, NULL, NULL, NULL, NULL, NULL, NULL, NULL),
(110, 'area', 2, 7, 14, 43, 'Md.Aftab Uddin', 'user-105@gmail.com', '$2y$10$2nkgX.Wgvs4q3wCgICad/uz2g90yakp5Tb5y9UYGyYSslArBSJXvK', NULL, NULL, NULL, NULL, NULL, 'user-105', NULL, NULL, NULL, NULL, 0, NULL, NULL, NULL, NULL, 0, NULL, 0, NULL, 0, NULL, 0, NULL, NULL, 0, 0, 0, NULL, 'images/default/avatar.jpg', NULL, 0, 0, NULL, NULL, 0, 0, 0, 0, 0, NULL, 0, NULL, NULL, NULL, NULL, NULL, NULL, NULL),
(111, 'area', 2, 7, 14, 43, 'Md.Manik Khan', 'user-106@gmail.com', '$2y$10$2nkgX.Wgvs4q3wCgICad/uz2g90yakp5Tb5y9UYGyYSslArBSJXvK', NULL, NULL, NULL, NULL, NULL, 'user-106', NULL, NULL, NULL, NULL, 0, NULL, NULL, NULL, NULL, 0, NULL, 0, NULL, 0, NULL, 0, NULL, NULL, 0, 0, 0, NULL, 'images/default/avatar.jpg', NULL, 0, 0, NULL, NULL, 0, 0, 0, 0, 0, NULL, 0, NULL, NULL, NULL, NULL, NULL, NULL, NULL),
(112, 'area', 2, 7, 14, 43, 'Md.Golam Mostofa', 'user-107@gmail.com', '$2y$10$2nkgX.Wgvs4q3wCgICad/uz2g90yakp5Tb5y9UYGyYSslArBSJXvK', NULL, NULL, NULL, NULL, NULL, 'user-107', NULL, NULL, NULL, NULL, 0, NULL, NULL, NULL, NULL, 0, NULL, 0, NULL, 0, NULL, 0, NULL, NULL, 0, 0, 0, NULL, 'images/default/avatar.jpg', NULL, 0, 0, NULL, NULL, 0, 0, 0, 0, 0, NULL, 0, NULL, NULL, NULL, NULL, NULL, NULL, NULL),
(113, 'area', 2, 7, 14, 44, 'Md.Faizul Islam', 'user-108@gmail.com', '$2y$10$2nkgX.Wgvs4q3wCgICad/uz2g90yakp5Tb5y9UYGyYSslArBSJXvK', NULL, NULL, NULL, NULL, NULL, 'user-108', NULL, NULL, NULL, NULL, 0, NULL, NULL, NULL, NULL, 0, NULL, 0, NULL, 0, NULL, 0, NULL, NULL, 0, 0, 0, NULL, 'images/default/avatar.jpg', NULL, 0, 0, NULL, NULL, 0, 0, 0, 0, 0, NULL, 0, NULL, NULL, NULL, NULL, NULL, NULL, NULL),
(114, 'area', 2, 7, 14, 44, 'Md.Alam Uddin', 'user-109@gmail.com', '$2y$10$2nkgX.Wgvs4q3wCgICad/uz2g90yakp5Tb5y9UYGyYSslArBSJXvK', NULL, NULL, NULL, NULL, NULL, 'user-109', NULL, NULL, NULL, NULL, 0, NULL, NULL, NULL, NULL, 0, NULL, 0, NULL, 0, NULL, 0, NULL, NULL, 0, 0, 0, NULL, 'images/default/avatar.jpg', NULL, 0, 0, NULL, NULL, 0, 0, 0, 0, 0, NULL, 0, NULL, NULL, NULL, NULL, NULL, NULL, NULL),
(115, 'area', 2, 7, 14, 45, 'Md.Mohidul Islam', 'user-110@gmail.com', '$2y$10$2nkgX.Wgvs4q3wCgICad/uz2g90yakp5Tb5y9UYGyYSslArBSJXvK', NULL, NULL, NULL, NULL, NULL, 'user-110', NULL, NULL, NULL, NULL, 0, NULL, NULL, NULL, NULL, 0, NULL, 0, NULL, 0, NULL, 0, NULL, NULL, 0, 0, 0, NULL, 'images/default/avatar.jpg', NULL, 0, 0, NULL, NULL, 0, 0, 0, 0, 0, NULL, 0, NULL, NULL, NULL, NULL, NULL, NULL, NULL),
(116, 'area', 2, 7, 14, 45, 'Md.Jahangir Alam', 'user-111@gmail.com', '$2y$10$2nkgX.Wgvs4q3wCgICad/uz2g90yakp5Tb5y9UYGyYSslArBSJXvK', NULL, NULL, NULL, NULL, NULL, 'user-111', NULL, NULL, NULL, NULL, 0, NULL, NULL, NULL, NULL, 0, NULL, 0, NULL, 0, NULL, 0, NULL, NULL, 0, 0, 0, NULL, 'images/default/avatar.jpg', NULL, 0, 0, NULL, NULL, 0, 0, 0, 0, 0, NULL, 0, NULL, NULL, NULL, NULL, NULL, NULL, NULL),
(117, 'area', 2, 8, 15, 46, 'Md. Anwer Hassan', 'user-112@gmail.com', '$2y$10$2nkgX.Wgvs4q3wCgICad/uz2g90yakp5Tb5y9UYGyYSslArBSJXvK', NULL, NULL, NULL, NULL, NULL, 'user-112', NULL, NULL, NULL, NULL, 0, NULL, NULL, NULL, NULL, 0, NULL, 0, NULL, 0, NULL, 0, NULL, NULL, 0, 0, 0, NULL, 'images/default/avatar.jpg', NULL, 0, 0, NULL, NULL, 0, 0, 0, 0, 0, NULL, 0, NULL, NULL, NULL, NULL, NULL, NULL, NULL),
(118, 'area', 2, 8, 15, 46, 'Md.Nazim Uddin', 'user-113@gmail.com', '$2y$10$2nkgX.Wgvs4q3wCgICad/uz2g90yakp5Tb5y9UYGyYSslArBSJXvK', NULL, NULL, NULL, NULL, NULL, 'user-113', NULL, NULL, NULL, NULL, 0, NULL, NULL, NULL, NULL, 0, NULL, 0, NULL, 0, NULL, 0, NULL, NULL, 0, 0, 0, NULL, 'images/default/avatar.jpg', NULL, 0, 0, NULL, NULL, 0, 0, 0, 0, 0, NULL, 0, NULL, NULL, NULL, NULL, NULL, NULL, NULL),
(119, 'area', 2, 8, 15, 46, 'Md.Rabiul Hasan', 'user-114@gmail.com', '$2y$10$2nkgX.Wgvs4q3wCgICad/uz2g90yakp5Tb5y9UYGyYSslArBSJXvK', NULL, NULL, NULL, NULL, NULL, 'user-114', NULL, NULL, NULL, NULL, 0, NULL, NULL, NULL, NULL, 0, NULL, 0, NULL, 0, NULL, 0, NULL, NULL, 0, 0, 0, NULL, 'images/default/avatar.jpg', NULL, 0, 0, NULL, NULL, 0, 0, 0, 0, 0, NULL, 0, NULL, NULL, NULL, NULL, NULL, NULL, NULL),
(120, 'area', 2, 8, 15, 47, 'Md.Ruhul Amin', 'user-115@gmail.com', '$2y$10$2nkgX.Wgvs4q3wCgICad/uz2g90yakp5Tb5y9UYGyYSslArBSJXvK', NULL, NULL, NULL, NULL, NULL, 'user-115', NULL, NULL, NULL, NULL, 0, NULL, NULL, NULL, NULL, 0, NULL, 0, NULL, 0, NULL, 0, NULL, NULL, 0, 0, 0, NULL, 'images/default/avatar.jpg', NULL, 0, 0, NULL, NULL, 0, 0, 0, 0, 0, NULL, 0, NULL, NULL, NULL, NULL, NULL, NULL, NULL),
(121, 'area', 2, 8, 15, 47, 'Md.Shobuz Hossain', 'user-116@gmail.com', '$2y$10$2nkgX.Wgvs4q3wCgICad/uz2g90yakp5Tb5y9UYGyYSslArBSJXvK', NULL, NULL, NULL, NULL, NULL, 'user-116', NULL, NULL, NULL, NULL, 0, NULL, NULL, NULL, NULL, 0, NULL, 0, NULL, 0, NULL, 0, NULL, NULL, 0, 0, 0, NULL, 'images/default/avatar.jpg', NULL, 0, 0, NULL, NULL, 0, 0, 0, 0, 0, NULL, 0, NULL, NULL, NULL, NULL, NULL, NULL, NULL),
(122, 'area', 2, 8, 15, 47, 'Md.Ali Akbar', 'user-117@gmail.com', '$2y$10$2nkgX.Wgvs4q3wCgICad/uz2g90yakp5Tb5y9UYGyYSslArBSJXvK', NULL, NULL, NULL, NULL, NULL, 'user-117', NULL, NULL, NULL, NULL, 0, NULL, NULL, NULL, NULL, 0, NULL, 0, NULL, 0, NULL, 0, NULL, NULL, 0, 0, 0, NULL, 'images/default/avatar.jpg', NULL, 0, 0, NULL, NULL, 0, 0, 0, 0, 0, NULL, 0, NULL, NULL, NULL, NULL, NULL, NULL, NULL),
(123, 'area', 2, 8, 15, 47, 'Md.Khursid ali', 'user-118@gmail.com', '$2y$10$2nkgX.Wgvs4q3wCgICad/uz2g90yakp5Tb5y9UYGyYSslArBSJXvK', NULL, NULL, NULL, NULL, NULL, 'user-118', NULL, NULL, NULL, NULL, 0, NULL, NULL, NULL, NULL, 0, NULL, 0, NULL, 0, NULL, 0, NULL, NULL, 0, 0, 0, NULL, 'images/default/avatar.jpg', NULL, 0, 0, NULL, NULL, 0, 0, 0, 0, 0, NULL, 0, NULL, NULL, NULL, NULL, NULL, NULL, NULL),
(124, 'area', 2, 8, 16, 48, 'Md.Abdur Rahim', 'user-119@gmail.com', '$2y$10$2nkgX.Wgvs4q3wCgICad/uz2g90yakp5Tb5y9UYGyYSslArBSJXvK', NULL, NULL, NULL, NULL, NULL, 'user-119', NULL, NULL, NULL, NULL, 0, NULL, NULL, NULL, NULL, 0, NULL, 0, NULL, 0, NULL, 0, NULL, NULL, 0, 0, 0, NULL, 'images/default/avatar.jpg', NULL, 0, 0, NULL, NULL, 0, 0, 0, 0, 0, NULL, 0, NULL, NULL, NULL, NULL, NULL, NULL, NULL),
(125, 'area', 2, 8, 16, 48, 'Md.Mehbub Islam', 'user-120@gmail.com', '$2y$10$2nkgX.Wgvs4q3wCgICad/uz2g90yakp5Tb5y9UYGyYSslArBSJXvK', NULL, NULL, NULL, NULL, NULL, 'user-120', NULL, NULL, NULL, NULL, 0, NULL, NULL, NULL, NULL, 0, NULL, 0, NULL, 0, NULL, 0, NULL, NULL, 0, 0, 0, NULL, 'images/default/avatar.jpg', NULL, 0, 0, NULL, NULL, 0, 0, 0, 0, 0, NULL, 0, NULL, NULL, NULL, NULL, NULL, NULL, NULL),
(126, 'area', 2, 8, 16, 49, 'Md.Selim Reza', 'user-121@gmail.com', '$2y$10$2nkgX.Wgvs4q3wCgICad/uz2g90yakp5Tb5y9UYGyYSslArBSJXvK', NULL, NULL, NULL, NULL, NULL, 'user-121', NULL, NULL, NULL, NULL, 0, NULL, NULL, NULL, NULL, 0, NULL, 0, NULL, 0, NULL, 0, NULL, NULL, 0, 0, 0, NULL, 'images/default/avatar.jpg', NULL, 0, 0, NULL, NULL, 0, 0, 0, 0, 0, NULL, 0, NULL, NULL, NULL, NULL, NULL, NULL, NULL),
(127, 'area', 2, 8, 16, 49, 'Md.Shoriful Islam', 'user-122@gmail.com', '$2y$10$2nkgX.Wgvs4q3wCgICad/uz2g90yakp5Tb5y9UYGyYSslArBSJXvK', NULL, NULL, NULL, NULL, NULL, 'user-122', NULL, NULL, NULL, NULL, 0, NULL, NULL, NULL, NULL, 0, NULL, 0, NULL, 0, NULL, 0, NULL, NULL, 0, 0, 0, NULL, 'images/default/avatar.jpg', NULL, 0, 0, NULL, NULL, 0, 0, 0, 0, 0, NULL, 0, NULL, NULL, NULL, NULL, NULL, NULL, NULL);
INSERT INTO `users` (`id`, `user_type`, `zones_id`, `regions_id`, `territories_id`, `distribution_house_id`, `name`, `email`, `password`, `password_key`, `password_expire_days`, `last_name`, `mobile`, `home_telephone`, `username`, `secret_question_1`, `secret_question_2`, `secret_question_ans_1`, `secret_question_ans_2`, `identification_type_id`, `identification_number`, `identification_expire_date`, `date_of_birth`, `gender`, `religion_id`, `father_name`, `father_occupation_id`, `mother_name`, `mother_occupation_id`, `bank_account_number`, `bank_id`, `bank_branch`, `last_login_date_time`, `default_module_id`, `created_by`, `updated_by`, `status`, `user_image`, `address`, `is_reliever`, `reliever_to`, `reliever_start_datetime`, `reliever_end_datetime`, `line_manager_id`, `designation_id`, `department_id`, `location_id`, `default_vehicle_id`, `default_url`, `default_language_id`, `joining_date`, `emergency_contact_person_name`, `emergency_contact_relation`, `emergency_contact_number`, `remember_token`, `created_at`, `updated_at`) VALUES
(128, 'area', 2, 8, 16, 49, 'Sagor Shutrodhor', 'user-123@gmail.com', '$2y$10$2nkgX.Wgvs4q3wCgICad/uz2g90yakp5Tb5y9UYGyYSslArBSJXvK', NULL, NULL, NULL, NULL, NULL, 'user-123', NULL, NULL, NULL, NULL, 0, NULL, NULL, NULL, NULL, 0, NULL, 0, NULL, 0, NULL, 0, NULL, NULL, 0, 0, 0, NULL, 'images/default/avatar.jpg', NULL, 0, 0, NULL, NULL, 0, 0, 0, 0, 0, NULL, 0, NULL, NULL, NULL, NULL, NULL, NULL, NULL),
(129, 'area', 2, 8, 16, 49, 'Md.Kawsar Ahamed', 'user-124@gmail.com', '$2y$10$2nkgX.Wgvs4q3wCgICad/uz2g90yakp5Tb5y9UYGyYSslArBSJXvK', NULL, NULL, NULL, NULL, NULL, 'user-124', NULL, NULL, NULL, NULL, 0, NULL, NULL, NULL, NULL, 0, NULL, 0, NULL, 0, NULL, 0, NULL, NULL, 0, 0, 0, NULL, 'images/default/avatar.jpg', NULL, 0, 0, NULL, NULL, 0, 0, 0, 0, 0, NULL, 0, NULL, NULL, NULL, NULL, NULL, NULL, NULL),
(130, 'area', 2, 8, 16, 50, 'Md.Hafizul Islam', 'user-125@gmail.com', '$2y$10$2nkgX.Wgvs4q3wCgICad/uz2g90yakp5Tb5y9UYGyYSslArBSJXvK', NULL, NULL, NULL, NULL, NULL, 'user-125', NULL, NULL, NULL, NULL, 0, NULL, NULL, NULL, NULL, 0, NULL, 0, NULL, 0, NULL, 0, NULL, NULL, 0, 0, 0, NULL, 'images/default/avatar.jpg', NULL, 0, 0, NULL, NULL, 0, 0, 0, 0, 0, NULL, 0, NULL, NULL, NULL, NULL, NULL, NULL, NULL),
(131, 'area', 2, 8, 16, 50, 'Md.Rony Ahmed', 'user-126@gmail.com', '$2y$10$2nkgX.Wgvs4q3wCgICad/uz2g90yakp5Tb5y9UYGyYSslArBSJXvK', NULL, NULL, NULL, NULL, NULL, 'user-126', NULL, NULL, NULL, NULL, 0, NULL, NULL, NULL, NULL, 0, NULL, 0, NULL, 0, NULL, 0, NULL, NULL, 0, 0, 0, NULL, 'images/default/avatar.jpg', NULL, 0, 0, NULL, NULL, 0, 0, 0, 0, 0, NULL, 0, NULL, NULL, NULL, NULL, NULL, NULL, NULL),
(132, 'area', 2, 8, 16, 50, 'Md.Mejanur Rahman', 'user-127@gmail.com', '$2y$10$2nkgX.Wgvs4q3wCgICad/uz2g90yakp5Tb5y9UYGyYSslArBSJXvK', NULL, NULL, NULL, NULL, NULL, 'user-127', NULL, NULL, NULL, NULL, 0, NULL, NULL, NULL, NULL, 0, NULL, 0, NULL, 0, NULL, 0, NULL, NULL, 0, 0, 0, NULL, 'images/default/avatar.jpg', NULL, 0, 0, NULL, NULL, 0, 0, 0, 0, 0, NULL, 0, NULL, NULL, NULL, NULL, NULL, NULL, NULL),
(133, 'area', 2, 8, 16, 50, 'Md.Shahin Alom', 'user-128@gmail.com', '$2y$10$2nkgX.Wgvs4q3wCgICad/uz2g90yakp5Tb5y9UYGyYSslArBSJXvK', NULL, NULL, NULL, NULL, NULL, 'user-128', NULL, NULL, NULL, NULL, 0, NULL, NULL, NULL, NULL, 0, NULL, 0, NULL, 0, NULL, 0, NULL, NULL, 0, 0, 0, NULL, 'images/default/avatar.jpg', NULL, 0, 0, NULL, NULL, 0, 0, 0, 0, 0, NULL, 0, NULL, NULL, NULL, NULL, NULL, NULL, NULL),
(134, 'area', 3, 9, 17, 51, 'Ajraf hossain', 'user-129@gmail.com', '$2y$10$2nkgX.Wgvs4q3wCgICad/uz2g90yakp5Tb5y9UYGyYSslArBSJXvK', NULL, NULL, NULL, NULL, NULL, 'user-129', NULL, NULL, NULL, NULL, 0, NULL, NULL, NULL, NULL, 0, NULL, 0, NULL, 0, NULL, 0, NULL, NULL, 0, 0, 0, NULL, 'images/default/avatar.jpg', NULL, 0, 0, NULL, NULL, 0, 0, 0, 0, 0, NULL, 0, NULL, NULL, NULL, NULL, NULL, NULL, NULL),
(135, 'area', 3, 9, 17, 51, 'Abdullah Ansary Mithon', 'user-130@gmail.com', '$2y$10$2nkgX.Wgvs4q3wCgICad/uz2g90yakp5Tb5y9UYGyYSslArBSJXvK', NULL, NULL, NULL, NULL, NULL, 'user-130', NULL, NULL, NULL, NULL, 0, NULL, NULL, NULL, NULL, 0, NULL, 0, NULL, 0, NULL, 0, NULL, NULL, 0, 0, 0, NULL, 'images/default/avatar.jpg', NULL, 0, 0, NULL, NULL, 0, 0, 0, 0, 0, NULL, 0, NULL, NULL, NULL, NULL, NULL, NULL, NULL),
(136, 'area', 3, 9, 17, 51, 'Abir Hassan', 'user-131@gmail.com', '$2y$10$2nkgX.Wgvs4q3wCgICad/uz2g90yakp5Tb5y9UYGyYSslArBSJXvK', NULL, NULL, NULL, NULL, NULL, 'user-131', NULL, NULL, NULL, NULL, 0, NULL, NULL, NULL, NULL, 0, NULL, 0, NULL, 0, NULL, 0, NULL, NULL, 0, 0, 0, NULL, 'images/default/avatar.jpg', NULL, 0, 0, NULL, NULL, 0, 0, 0, 0, 0, NULL, 0, NULL, NULL, NULL, NULL, NULL, NULL, NULL),
(137, 'area', 3, 9, 17, 51, 'Shohel Rana', 'user-132@gmail.com', '$2y$10$2nkgX.Wgvs4q3wCgICad/uz2g90yakp5Tb5y9UYGyYSslArBSJXvK', NULL, NULL, NULL, NULL, NULL, 'user-132', NULL, NULL, NULL, NULL, 0, NULL, NULL, NULL, NULL, 0, NULL, 0, NULL, 0, NULL, 0, NULL, NULL, 0, 0, 0, NULL, 'images/default/avatar.jpg', NULL, 0, 0, NULL, NULL, 0, 0, 0, 0, 0, NULL, 0, NULL, NULL, NULL, NULL, NULL, NULL, NULL),
(138, 'area', 3, 9, 17, 51, 'Rony Islam', 'user-133@gmail.com', '$2y$10$2nkgX.Wgvs4q3wCgICad/uz2g90yakp5Tb5y9UYGyYSslArBSJXvK', NULL, NULL, NULL, NULL, NULL, 'user-133', NULL, NULL, NULL, NULL, 0, NULL, NULL, NULL, NULL, 0, NULL, 0, NULL, 0, NULL, 0, NULL, NULL, 0, 0, 0, NULL, 'images/default/avatar.jpg', NULL, 0, 0, NULL, NULL, 0, 0, 0, 0, 0, NULL, 0, NULL, NULL, NULL, NULL, NULL, NULL, NULL),
(139, 'area', 3, 9, 18, 52, 'Rubel hossain', 'user-134@gmail.com', '$2y$10$2nkgX.Wgvs4q3wCgICad/uz2g90yakp5Tb5y9UYGyYSslArBSJXvK', NULL, NULL, NULL, NULL, NULL, 'user-134', NULL, NULL, NULL, NULL, 0, NULL, NULL, NULL, NULL, 0, NULL, 0, NULL, 0, NULL, 0, NULL, NULL, 0, 0, 0, NULL, 'images/default/avatar.jpg', NULL, 0, 0, NULL, NULL, 0, 0, 0, 0, 0, NULL, 0, NULL, NULL, NULL, NULL, NULL, NULL, NULL),
(140, 'area', 3, 9, 18, 52, 'Babul Akter', 'user-135@gmail.com', '$2y$10$2nkgX.Wgvs4q3wCgICad/uz2g90yakp5Tb5y9UYGyYSslArBSJXvK', NULL, NULL, NULL, NULL, NULL, 'user-135', NULL, NULL, NULL, NULL, 0, NULL, NULL, NULL, NULL, 0, NULL, 0, NULL, 0, NULL, 0, NULL, NULL, 0, 0, 0, NULL, 'images/default/avatar.jpg', NULL, 0, 0, NULL, NULL, 0, 0, 0, 0, 0, NULL, 0, NULL, NULL, NULL, NULL, NULL, NULL, NULL),
(141, 'area', 3, 9, 18, 53, 'Masud Rana', 'user-136@gmail.com', '$2y$10$2nkgX.Wgvs4q3wCgICad/uz2g90yakp5Tb5y9UYGyYSslArBSJXvK', NULL, NULL, NULL, NULL, NULL, 'user-136', NULL, NULL, NULL, NULL, 0, NULL, NULL, NULL, NULL, 0, NULL, 0, NULL, 0, NULL, 0, NULL, NULL, 0, 0, 0, NULL, 'images/default/avatar.jpg', NULL, 0, 0, NULL, NULL, 0, 0, 0, 0, 0, NULL, 0, NULL, NULL, NULL, NULL, NULL, NULL, NULL),
(142, 'area', 3, 9, 18, 53, 'Aroj ali', 'user-137@gmail.com', '$2y$10$2nkgX.Wgvs4q3wCgICad/uz2g90yakp5Tb5y9UYGyYSslArBSJXvK', NULL, NULL, NULL, NULL, NULL, 'user-137', NULL, NULL, NULL, NULL, 0, NULL, NULL, NULL, NULL, 0, NULL, 0, NULL, 0, NULL, 0, NULL, NULL, 0, 0, 0, NULL, 'images/default/avatar.jpg', NULL, 0, 0, NULL, NULL, 0, 0, 0, 0, 0, NULL, 0, NULL, NULL, NULL, NULL, NULL, NULL, NULL),
(143, 'area', 3, 9, 18, 53, 'Jamal Hossain', 'user-138@gmail.com', '$2y$10$2nkgX.Wgvs4q3wCgICad/uz2g90yakp5Tb5y9UYGyYSslArBSJXvK', NULL, NULL, NULL, NULL, NULL, 'user-138', NULL, NULL, NULL, NULL, 0, NULL, NULL, NULL, NULL, 0, NULL, 0, NULL, 0, NULL, 0, NULL, NULL, 0, 0, 0, NULL, 'images/default/avatar.jpg', NULL, 0, 0, NULL, NULL, 0, 0, 0, 0, 0, NULL, 0, NULL, NULL, NULL, NULL, NULL, NULL, NULL),
(144, 'area', 3, 9, 18, 53, 'Rahamatullah', 'user-139@gmail.com', '$2y$10$2nkgX.Wgvs4q3wCgICad/uz2g90yakp5Tb5y9UYGyYSslArBSJXvK', NULL, NULL, NULL, NULL, NULL, 'user-139', NULL, NULL, NULL, NULL, 0, NULL, NULL, NULL, NULL, 0, NULL, 0, NULL, 0, NULL, 0, NULL, NULL, 0, 0, 0, NULL, 'images/default/avatar.jpg', NULL, 0, 0, NULL, NULL, 0, 0, 0, 0, 0, NULL, 0, NULL, NULL, NULL, NULL, NULL, NULL, NULL),
(145, 'area', 3, 9, 19, 54, 'Suzan Hossain', 'user-140@gmail.com', '$2y$10$2nkgX.Wgvs4q3wCgICad/uz2g90yakp5Tb5y9UYGyYSslArBSJXvK', NULL, NULL, NULL, NULL, NULL, 'user-140', NULL, NULL, NULL, NULL, 0, NULL, NULL, NULL, NULL, 0, NULL, 0, NULL, 0, NULL, 0, NULL, NULL, 0, 0, 0, NULL, 'images/default/avatar.jpg', NULL, 0, 0, NULL, NULL, 0, 0, 0, 0, 0, NULL, 0, NULL, NULL, NULL, NULL, NULL, NULL, NULL),
(146, 'area', 3, 9, 19, 55, 'Sumon Reza', 'user-141@gmail.com', '$2y$10$2nkgX.Wgvs4q3wCgICad/uz2g90yakp5Tb5y9UYGyYSslArBSJXvK', NULL, NULL, NULL, NULL, NULL, 'user-141', NULL, NULL, NULL, NULL, 0, NULL, NULL, NULL, NULL, 0, NULL, 0, NULL, 0, NULL, 0, NULL, NULL, 0, 0, 0, NULL, 'images/default/avatar.jpg', NULL, 0, 0, NULL, NULL, 0, 0, 0, 0, 0, NULL, 0, NULL, NULL, NULL, NULL, NULL, NULL, NULL),
(147, 'area', 3, 9, 19, 56, 'Moazzem Hossain', 'user-142@gmail.com', '$2y$10$2nkgX.Wgvs4q3wCgICad/uz2g90yakp5Tb5y9UYGyYSslArBSJXvK', NULL, NULL, NULL, NULL, NULL, 'user-142', NULL, NULL, NULL, NULL, 0, NULL, NULL, NULL, NULL, 0, NULL, 0, NULL, 0, NULL, 0, NULL, NULL, 0, 0, 0, NULL, 'images/default/avatar.jpg', NULL, 0, 0, NULL, NULL, 0, 0, 0, 0, 0, NULL, 0, NULL, NULL, NULL, NULL, NULL, NULL, NULL),
(148, 'area', 3, 9, 19, 56, 'Mizanur Rahman', 'user-143@gmail.com', '$2y$10$2nkgX.Wgvs4q3wCgICad/uz2g90yakp5Tb5y9UYGyYSslArBSJXvK', NULL, NULL, NULL, NULL, NULL, 'user-143', NULL, NULL, NULL, NULL, 0, NULL, NULL, NULL, NULL, 0, NULL, 0, NULL, 0, NULL, 0, NULL, NULL, 0, 0, 0, NULL, 'images/default/avatar.jpg', NULL, 0, 0, NULL, NULL, 0, 0, 0, 0, 0, NULL, 0, NULL, NULL, NULL, NULL, NULL, NULL, NULL),
(149, 'area', 3, 10, 20, 57, 'Aiyub ali', 'user-144@gmail.com', '$2y$10$2nkgX.Wgvs4q3wCgICad/uz2g90yakp5Tb5y9UYGyYSslArBSJXvK', NULL, NULL, NULL, NULL, NULL, 'user-144', NULL, NULL, NULL, NULL, 0, NULL, NULL, NULL, NULL, 0, NULL, 0, NULL, 0, NULL, 0, NULL, NULL, 0, 0, 0, NULL, 'images/default/avatar.jpg', NULL, 0, 0, NULL, NULL, 0, 0, 0, 0, 0, NULL, 0, NULL, NULL, NULL, NULL, NULL, NULL, NULL),
(150, 'area', 3, 10, 20, 57, 'Abdul Majid ', 'user-145@gmail.com', '$2y$10$2nkgX.Wgvs4q3wCgICad/uz2g90yakp5Tb5y9UYGyYSslArBSJXvK', NULL, NULL, NULL, NULL, NULL, 'user-145', NULL, NULL, NULL, NULL, 0, NULL, NULL, NULL, NULL, 0, NULL, 0, NULL, 0, NULL, 0, NULL, NULL, 0, 0, 0, NULL, 'images/default/avatar.jpg', NULL, 0, 0, NULL, NULL, 0, 0, 0, 0, 0, NULL, 0, NULL, NULL, NULL, NULL, NULL, NULL, NULL),
(151, 'area', 3, 10, 20, 57, 'Rakibul islam', 'user-146@gmail.com', '$2y$10$2nkgX.Wgvs4q3wCgICad/uz2g90yakp5Tb5y9UYGyYSslArBSJXvK', NULL, NULL, NULL, NULL, NULL, 'user-146', NULL, NULL, NULL, NULL, 0, NULL, NULL, NULL, NULL, 0, NULL, 0, NULL, 0, NULL, 0, NULL, NULL, 0, 0, 0, NULL, 'images/default/avatar.jpg', NULL, 0, 0, NULL, NULL, 0, 0, 0, 0, 0, NULL, 0, NULL, NULL, NULL, NULL, NULL, NULL, NULL),
(152, 'area', 3, 10, 20, 57, 'Rafikul Islam', 'user-147@gmail.com', '$2y$10$2nkgX.Wgvs4q3wCgICad/uz2g90yakp5Tb5y9UYGyYSslArBSJXvK', NULL, NULL, NULL, NULL, NULL, 'user-147', NULL, NULL, NULL, NULL, 0, NULL, NULL, NULL, NULL, 0, NULL, 0, NULL, 0, NULL, 0, NULL, NULL, 0, 0, 0, NULL, 'images/default/avatar.jpg', NULL, 0, 0, NULL, NULL, 0, 0, 0, 0, 0, NULL, 0, NULL, NULL, NULL, NULL, NULL, NULL, NULL),
(153, 'area', 3, 10, 20, 57, 'Khokoon ali', 'user-148@gmail.com', '$2y$10$2nkgX.Wgvs4q3wCgICad/uz2g90yakp5Tb5y9UYGyYSslArBSJXvK', NULL, NULL, NULL, NULL, NULL, 'user-148', NULL, NULL, NULL, NULL, 0, NULL, NULL, NULL, NULL, 0, NULL, 0, NULL, 0, NULL, 0, NULL, NULL, 0, 0, 0, NULL, 'images/default/avatar.jpg', NULL, 0, 0, NULL, NULL, 0, 0, 0, 0, 0, NULL, 0, NULL, NULL, NULL, NULL, NULL, NULL, NULL),
(154, 'area', 3, 10, 20, 57, 'Hasib Hossain', 'user-149@gmail.com', '$2y$10$2nkgX.Wgvs4q3wCgICad/uz2g90yakp5Tb5y9UYGyYSslArBSJXvK', NULL, NULL, NULL, NULL, NULL, 'user-149', NULL, NULL, NULL, NULL, 0, NULL, NULL, NULL, NULL, 0, NULL, 0, NULL, 0, NULL, 0, NULL, NULL, 0, 0, 0, NULL, 'images/default/avatar.jpg', NULL, 0, 0, NULL, NULL, 0, 0, 0, 0, 0, NULL, 0, NULL, NULL, NULL, NULL, NULL, NULL, NULL),
(155, 'area', 3, 10, 21, 58, 'Ashikul islam', 'user-150@gmail.com', '$2y$10$2nkgX.Wgvs4q3wCgICad/uz2g90yakp5Tb5y9UYGyYSslArBSJXvK', NULL, NULL, NULL, NULL, NULL, 'user-150', NULL, NULL, NULL, NULL, 0, NULL, NULL, NULL, NULL, 0, NULL, 0, NULL, 0, NULL, 0, NULL, NULL, 0, 0, 0, NULL, 'images/default/avatar.jpg', NULL, 0, 0, NULL, NULL, 0, 0, 0, 0, 0, NULL, 0, NULL, NULL, NULL, NULL, NULL, NULL, NULL),
(156, 'area', 3, 10, 21, 58, 'Shafikul Islam', 'user-151@gmail.com', '$2y$10$2nkgX.Wgvs4q3wCgICad/uz2g90yakp5Tb5y9UYGyYSslArBSJXvK', NULL, NULL, NULL, NULL, NULL, 'user-151', NULL, NULL, NULL, NULL, 0, NULL, NULL, NULL, NULL, 0, NULL, 0, NULL, 0, NULL, 0, NULL, NULL, 0, 0, 0, NULL, 'images/default/avatar.jpg', NULL, 0, 0, NULL, NULL, 0, 0, 0, 0, 0, NULL, 0, NULL, NULL, NULL, NULL, NULL, NULL, NULL),
(157, 'area', 3, 10, 21, 58, 'Rashad Khan', 'user-152@gmail.com', '$2y$10$2nkgX.Wgvs4q3wCgICad/uz2g90yakp5Tb5y9UYGyYSslArBSJXvK', NULL, NULL, NULL, NULL, NULL, 'user-152', NULL, NULL, NULL, NULL, 0, NULL, NULL, NULL, NULL, 0, NULL, 0, NULL, 0, NULL, 0, NULL, NULL, 0, 0, 0, NULL, 'images/default/avatar.jpg', NULL, 0, 0, NULL, NULL, 0, 0, 0, 0, 0, NULL, 0, NULL, NULL, NULL, NULL, NULL, NULL, NULL),
(158, 'area', 3, 10, 21, 59, 'Rafiqul islam', 'user-153@gmail.com', '$2y$10$2nkgX.Wgvs4q3wCgICad/uz2g90yakp5Tb5y9UYGyYSslArBSJXvK', NULL, NULL, NULL, NULL, NULL, 'user-153', NULL, NULL, NULL, NULL, 0, NULL, NULL, NULL, NULL, 0, NULL, 0, NULL, 0, NULL, 0, NULL, NULL, 0, 0, 0, NULL, 'images/default/avatar.jpg', NULL, 0, 0, NULL, NULL, 0, 0, 0, 0, 0, NULL, 0, NULL, NULL, NULL, NULL, NULL, NULL, NULL),
(159, 'area', 3, 10, 21, 59, 'Mostofa Kamal', 'user-154@gmail.com', '$2y$10$2nkgX.Wgvs4q3wCgICad/uz2g90yakp5Tb5y9UYGyYSslArBSJXvK', NULL, NULL, NULL, NULL, NULL, 'user-154', NULL, NULL, NULL, NULL, 0, NULL, NULL, NULL, NULL, 0, NULL, 0, NULL, 0, NULL, 0, NULL, NULL, 0, 0, 0, NULL, 'images/default/avatar.jpg', NULL, 0, 0, NULL, NULL, 0, 0, 0, 0, 0, NULL, 0, NULL, NULL, NULL, NULL, NULL, NULL, NULL),
(160, 'area', 3, 10, 22, 60, 'Amirul islam', 'user-155@gmail.com', '$2y$10$2nkgX.Wgvs4q3wCgICad/uz2g90yakp5Tb5y9UYGyYSslArBSJXvK', NULL, NULL, NULL, NULL, NULL, 'user-155', NULL, NULL, NULL, NULL, 0, NULL, NULL, NULL, NULL, 0, NULL, 0, NULL, 0, NULL, 0, NULL, NULL, 0, 0, 0, NULL, 'images/default/avatar.jpg', NULL, 0, 0, NULL, NULL, 0, 0, 0, 0, 0, NULL, 0, NULL, NULL, NULL, NULL, NULL, NULL, NULL),
(161, 'area', 3, 10, 22, 60, 'Rased Ali', 'user-156@gmail.com', '$2y$10$2nkgX.Wgvs4q3wCgICad/uz2g90yakp5Tb5y9UYGyYSslArBSJXvK', NULL, NULL, NULL, NULL, NULL, 'user-156', NULL, NULL, NULL, NULL, 0, NULL, NULL, NULL, NULL, 0, NULL, 0, NULL, 0, NULL, 0, NULL, NULL, 0, 0, 0, NULL, 'images/default/avatar.jpg', NULL, 0, 0, NULL, NULL, 0, 0, 0, 0, 0, NULL, 0, NULL, NULL, NULL, NULL, NULL, NULL, NULL),
(162, 'area', 3, 10, 22, 61, 'Ashraful siraj', 'user-157@gmail.com', '$2y$10$2nkgX.Wgvs4q3wCgICad/uz2g90yakp5Tb5y9UYGyYSslArBSJXvK', NULL, NULL, NULL, NULL, NULL, 'user-157', NULL, NULL, NULL, NULL, 0, NULL, NULL, NULL, NULL, 0, NULL, 0, NULL, 0, NULL, 0, NULL, NULL, 0, 0, 0, NULL, 'images/default/avatar.jpg', NULL, 0, 0, NULL, NULL, 0, 0, 0, 0, 0, NULL, 0, NULL, NULL, NULL, NULL, NULL, NULL, NULL),
(163, 'area', 3, 10, 22, 61, 'Showkat Zamil', 'user-158@gmail.com', '$2y$10$2nkgX.Wgvs4q3wCgICad/uz2g90yakp5Tb5y9UYGyYSslArBSJXvK', NULL, NULL, NULL, NULL, NULL, 'user-158', NULL, NULL, NULL, NULL, 0, NULL, NULL, NULL, NULL, 0, NULL, 0, NULL, 0, NULL, 0, NULL, NULL, 0, 0, 0, NULL, 'images/default/avatar.jpg', NULL, 0, 0, NULL, NULL, 0, 0, 0, 0, 0, NULL, 0, NULL, NULL, NULL, NULL, NULL, NULL, NULL),
(164, 'area', 3, 10, 22, 61, 'Rakibul Islam', 'user-159@gmail.com', '$2y$10$2nkgX.Wgvs4q3wCgICad/uz2g90yakp5Tb5y9UYGyYSslArBSJXvK', NULL, NULL, NULL, NULL, NULL, 'user-159', NULL, NULL, NULL, NULL, 0, NULL, NULL, NULL, NULL, 0, NULL, 0, NULL, 0, NULL, 0, NULL, NULL, 0, 0, 0, NULL, 'images/default/avatar.jpg', NULL, 0, 0, NULL, NULL, 0, 0, 0, 0, 0, NULL, 0, NULL, NULL, NULL, NULL, NULL, NULL, NULL),
(165, 'area', 3, 11, 23, 62, 'Abu taher', 'user-160@gmail.com', '$2y$10$2nkgX.Wgvs4q3wCgICad/uz2g90yakp5Tb5y9UYGyYSslArBSJXvK', NULL, NULL, NULL, NULL, NULL, 'user-160', NULL, NULL, NULL, NULL, 0, NULL, NULL, NULL, NULL, 0, NULL, 0, NULL, 0, NULL, 0, NULL, NULL, 0, 0, 0, NULL, 'images/default/avatar.jpg', NULL, 0, 0, NULL, NULL, 0, 0, 0, 0, 0, NULL, 0, NULL, NULL, NULL, NULL, NULL, NULL, NULL),
(166, 'area', 3, 11, 23, 62, 'Abdur Razzak', 'user-161@gmail.com', '$2y$10$2nkgX.Wgvs4q3wCgICad/uz2g90yakp5Tb5y9UYGyYSslArBSJXvK', NULL, NULL, NULL, NULL, NULL, 'user-161', NULL, NULL, NULL, NULL, 0, NULL, NULL, NULL, NULL, 0, NULL, 0, NULL, 0, NULL, 0, NULL, NULL, 0, 0, 0, NULL, 'images/default/avatar.jpg', NULL, 0, 0, NULL, NULL, 0, 0, 0, 0, 0, NULL, 0, NULL, NULL, NULL, NULL, NULL, NULL, NULL),
(167, 'area', 3, 11, 23, 62, 'Anamul halque', 'user-162@gmail.com', '$2y$10$2nkgX.Wgvs4q3wCgICad/uz2g90yakp5Tb5y9UYGyYSslArBSJXvK', NULL, NULL, NULL, NULL, NULL, 'user-162', NULL, NULL, NULL, NULL, 0, NULL, NULL, NULL, NULL, 0, NULL, 0, NULL, 0, NULL, 0, NULL, NULL, 0, 0, 0, NULL, 'images/default/avatar.jpg', NULL, 0, 0, NULL, NULL, 0, 0, 0, 0, 0, NULL, 0, NULL, NULL, NULL, NULL, NULL, NULL, NULL),
(168, 'area', 3, 11, 23, 62, 'Prosanto kumar', 'user-163@gmail.com', '$2y$10$2nkgX.Wgvs4q3wCgICad/uz2g90yakp5Tb5y9UYGyYSslArBSJXvK', NULL, NULL, NULL, NULL, NULL, 'user-163', NULL, NULL, NULL, NULL, 0, NULL, NULL, NULL, NULL, 0, NULL, 0, NULL, 0, NULL, 0, NULL, NULL, 0, 0, 0, NULL, 'images/default/avatar.jpg', NULL, 0, 0, NULL, NULL, 0, 0, 0, 0, 0, NULL, 0, NULL, NULL, NULL, NULL, NULL, NULL, NULL),
(169, 'area', 3, 11, 24, 63, 'Abu Taher', 'user-164@gmail.com', '$2y$10$2nkgX.Wgvs4q3wCgICad/uz2g90yakp5Tb5y9UYGyYSslArBSJXvK', NULL, NULL, NULL, NULL, NULL, 'user-164', NULL, NULL, NULL, NULL, 0, NULL, NULL, NULL, NULL, 0, NULL, 0, NULL, 0, NULL, 0, NULL, NULL, 0, 0, 0, NULL, 'images/default/avatar.jpg', NULL, 0, 0, NULL, NULL, 0, 0, 0, 0, 0, NULL, 0, NULL, NULL, NULL, NULL, NULL, NULL, NULL),
(170, 'area', 3, 11, 24, 63, 'Md.Rokonuzzaman Khan', 'user-165@gmail.com', '$2y$10$2nkgX.Wgvs4q3wCgICad/uz2g90yakp5Tb5y9UYGyYSslArBSJXvK', NULL, NULL, NULL, NULL, NULL, 'user-165', NULL, NULL, NULL, NULL, 0, NULL, NULL, NULL, NULL, 0, NULL, 0, NULL, 0, NULL, 0, NULL, NULL, 0, 0, 0, NULL, 'images/default/avatar.jpg', NULL, 0, 0, NULL, NULL, 0, 0, 0, 0, 0, NULL, 0, NULL, NULL, NULL, NULL, NULL, NULL, NULL),
(171, 'area', 3, 11, 24, 63, 'Md.Shahidul Islam', 'user-166@gmail.com', '$2y$10$2nkgX.Wgvs4q3wCgICad/uz2g90yakp5Tb5y9UYGyYSslArBSJXvK', NULL, NULL, NULL, NULL, NULL, 'user-166', NULL, NULL, NULL, NULL, 0, NULL, NULL, NULL, NULL, 0, NULL, 0, NULL, 0, NULL, 0, NULL, NULL, 0, 0, 0, NULL, 'images/default/avatar.jpg', NULL, 0, 0, NULL, NULL, 0, 0, 0, 0, 0, NULL, 0, NULL, NULL, NULL, NULL, NULL, NULL, NULL),
(172, 'area', 3, 11, 24, 64, 'No ASo', 'user-167@gmail.com', '$2y$10$2nkgX.Wgvs4q3wCgICad/uz2g90yakp5Tb5y9UYGyYSslArBSJXvK', NULL, NULL, NULL, NULL, NULL, 'user-167', NULL, NULL, NULL, NULL, 0, NULL, NULL, NULL, NULL, 0, NULL, 0, NULL, 0, NULL, 0, NULL, NULL, 0, 0, 0, NULL, 'images/default/avatar.jpg', NULL, 0, 0, NULL, NULL, 0, 0, 0, 0, 0, NULL, 0, NULL, NULL, NULL, NULL, NULL, NULL, NULL),
(173, 'area', 3, 11, 24, 65, 'Md.Ashraful Islam', 'user-168@gmail.com', '$2y$10$2nkgX.Wgvs4q3wCgICad/uz2g90yakp5Tb5y9UYGyYSslArBSJXvK', NULL, NULL, NULL, NULL, NULL, 'user-168', NULL, NULL, NULL, NULL, 0, NULL, NULL, NULL, NULL, 0, NULL, 0, NULL, 0, NULL, 0, NULL, NULL, 0, 0, 0, NULL, 'images/default/avatar.jpg', NULL, 0, 0, NULL, NULL, 0, 0, 0, 0, 0, NULL, 0, NULL, NULL, NULL, NULL, NULL, NULL, NULL),
(174, 'area', 3, 11, 24, 65, 'Md.Tarik Siddiki', 'user-169@gmail.com', '$2y$10$2nkgX.Wgvs4q3wCgICad/uz2g90yakp5Tb5y9UYGyYSslArBSJXvK', NULL, NULL, NULL, NULL, NULL, 'user-169', NULL, NULL, NULL, NULL, 0, NULL, NULL, NULL, NULL, 0, NULL, 0, NULL, 0, NULL, 0, NULL, NULL, 0, 0, 0, NULL, 'images/default/avatar.jpg', NULL, 0, 0, NULL, NULL, 0, 0, 0, 0, 0, NULL, 0, NULL, NULL, NULL, NULL, NULL, NULL, NULL),
(175, 'area', 3, 11, 25, 66, 'Moin Uddin', 'user-170@gmail.com', '$2y$10$2nkgX.Wgvs4q3wCgICad/uz2g90yakp5Tb5y9UYGyYSslArBSJXvK', NULL, NULL, NULL, NULL, NULL, 'user-170', NULL, NULL, NULL, NULL, 0, NULL, NULL, NULL, NULL, 0, NULL, 0, NULL, 0, NULL, 0, NULL, NULL, 0, 0, 0, NULL, 'images/default/avatar.jpg', NULL, 0, 0, NULL, NULL, 0, 0, 0, 0, 0, NULL, 0, NULL, NULL, NULL, NULL, NULL, NULL, NULL),
(176, 'area', 3, 11, 25, 66, 'Hasanur Jaman', 'user-171@gmail.com', '$2y$10$2nkgX.Wgvs4q3wCgICad/uz2g90yakp5Tb5y9UYGyYSslArBSJXvK', NULL, NULL, NULL, NULL, NULL, 'user-171', NULL, NULL, NULL, NULL, 0, NULL, NULL, NULL, NULL, 0, NULL, 0, NULL, 0, NULL, 0, NULL, NULL, 0, 0, 0, NULL, 'images/default/avatar.jpg', NULL, 0, 0, NULL, NULL, 0, 0, 0, 0, 0, NULL, 0, NULL, NULL, NULL, NULL, NULL, NULL, NULL),
(177, 'area', 3, 11, 25, 67, 'Md.Imrul Hossain', 'user-172@gmail.com', '$2y$10$2nkgX.Wgvs4q3wCgICad/uz2g90yakp5Tb5y9UYGyYSslArBSJXvK', NULL, NULL, NULL, NULL, NULL, 'user-172', NULL, NULL, NULL, NULL, 0, NULL, NULL, NULL, NULL, 0, NULL, 0, NULL, 0, NULL, 0, NULL, NULL, 0, 0, 0, NULL, 'images/default/avatar.jpg', NULL, 0, 0, NULL, NULL, 0, 0, 0, 0, 0, NULL, 0, NULL, NULL, NULL, NULL, NULL, NULL, NULL),
(178, 'area', 3, 11, 25, 68, 'No ASo', 'user-173@gmail.com', '$2y$10$2nkgX.Wgvs4q3wCgICad/uz2g90yakp5Tb5y9UYGyYSslArBSJXvK', NULL, NULL, NULL, NULL, NULL, 'user-173', NULL, NULL, NULL, NULL, 0, NULL, NULL, NULL, NULL, 0, NULL, 0, NULL, 0, NULL, 0, NULL, NULL, 0, 0, 0, NULL, 'images/default/avatar.jpg', NULL, 0, 0, NULL, NULL, 0, 0, 0, 0, 0, NULL, 0, NULL, NULL, NULL, NULL, NULL, NULL, NULL),
(179, 'area', 3, 11, 26, 69, 'Md.Merag hossain', 'user-174@gmail.com', '$2y$10$2nkgX.Wgvs4q3wCgICad/uz2g90yakp5Tb5y9UYGyYSslArBSJXvK', NULL, NULL, NULL, NULL, NULL, 'user-174', NULL, NULL, NULL, NULL, 0, NULL, NULL, NULL, NULL, 0, NULL, 0, NULL, 0, NULL, 0, NULL, NULL, 0, 0, 0, NULL, 'images/default/avatar.jpg', NULL, 0, 0, NULL, NULL, 0, 0, 0, 0, 0, NULL, 0, NULL, NULL, NULL, NULL, NULL, NULL, NULL),
(180, 'area', 3, 11, 26, 69, 'Md.Rashed Khan', 'user-175@gmail.com', '$2y$10$2nkgX.Wgvs4q3wCgICad/uz2g90yakp5Tb5y9UYGyYSslArBSJXvK', NULL, NULL, NULL, NULL, NULL, 'user-175', NULL, NULL, NULL, NULL, 0, NULL, NULL, NULL, NULL, 0, NULL, 0, NULL, 0, NULL, 0, NULL, NULL, 0, 0, 0, NULL, 'images/default/avatar.jpg', NULL, 0, 0, NULL, NULL, 0, 0, 0, 0, 0, NULL, 0, NULL, NULL, NULL, NULL, NULL, NULL, NULL),
(181, 'area', 3, 11, 26, 69, 'Mojahidul Islam Sykot', 'user-176@gmail.com', '$2y$10$2nkgX.Wgvs4q3wCgICad/uz2g90yakp5Tb5y9UYGyYSslArBSJXvK', NULL, NULL, NULL, NULL, NULL, 'user-176', NULL, NULL, NULL, NULL, 0, NULL, NULL, NULL, NULL, 0, NULL, 0, NULL, 0, NULL, 0, NULL, NULL, 0, 0, 0, NULL, 'images/default/avatar.jpg', NULL, 0, 0, NULL, NULL, 0, 0, 0, 0, 0, NULL, 0, NULL, NULL, NULL, NULL, NULL, NULL, NULL),
(182, 'area', 3, 11, 26, 70, 'Md.Sheikh Salim Kabir', 'user-177@gmail.com', '$2y$10$2nkgX.Wgvs4q3wCgICad/uz2g90yakp5Tb5y9UYGyYSslArBSJXvK', NULL, NULL, NULL, NULL, NULL, 'user-177', NULL, NULL, NULL, NULL, 0, NULL, NULL, NULL, NULL, 0, NULL, 0, NULL, 0, NULL, 0, NULL, NULL, 0, 0, 0, NULL, 'images/default/avatar.jpg', NULL, 0, 0, NULL, NULL, 0, 0, 0, 0, 0, NULL, 0, NULL, NULL, NULL, NULL, NULL, NULL, NULL),
(183, 'area', 3, 11, 26, 69, 'Saddam Hossain', 'user-178@gmail.com', '$2y$10$2nkgX.Wgvs4q3wCgICad/uz2g90yakp5Tb5y9UYGyYSslArBSJXvK', NULL, NULL, NULL, NULL, NULL, 'user-178', NULL, NULL, NULL, NULL, 0, NULL, NULL, NULL, NULL, 0, NULL, 0, NULL, 0, NULL, 0, NULL, NULL, 0, 0, 0, NULL, 'images/default/avatar.jpg', NULL, 0, 0, NULL, NULL, 0, 0, 0, 0, 0, NULL, 0, NULL, NULL, NULL, NULL, NULL, NULL, NULL),
(184, 'area', 3, 11, 26, 71, 'Md.Iqbal hossain ', 'user-179@gmail.com', '$2y$10$2nkgX.Wgvs4q3wCgICad/uz2g90yakp5Tb5y9UYGyYSslArBSJXvK', NULL, NULL, NULL, NULL, NULL, 'user-179', NULL, NULL, NULL, NULL, 0, NULL, NULL, NULL, NULL, 0, NULL, 0, NULL, 0, NULL, 0, NULL, NULL, 0, 0, 0, NULL, 'images/default/avatar.jpg', NULL, 0, 0, NULL, NULL, 0, 0, 0, 0, 0, NULL, 0, NULL, NULL, NULL, NULL, NULL, NULL, NULL),
(185, 'area', 3, 12, 27, 72, 'Md.Ezabul Hossen', 'user-180@gmail.com', '$2y$10$2nkgX.Wgvs4q3wCgICad/uz2g90yakp5Tb5y9UYGyYSslArBSJXvK', NULL, NULL, NULL, NULL, NULL, 'user-180', NULL, NULL, NULL, NULL, 0, NULL, NULL, NULL, NULL, 0, NULL, 0, NULL, 0, NULL, 0, NULL, NULL, 0, 0, 0, NULL, 'images/default/avatar.jpg', NULL, 0, 0, NULL, NULL, 0, 0, 0, 0, 0, NULL, 0, NULL, NULL, NULL, NULL, NULL, NULL, NULL),
(186, 'area', 3, 12, 27, 72, 'Nasir Uddin', 'user-181@gmail.com', '$2y$10$2nkgX.Wgvs4q3wCgICad/uz2g90yakp5Tb5y9UYGyYSslArBSJXvK', NULL, NULL, NULL, NULL, NULL, 'user-181', NULL, NULL, NULL, NULL, 0, NULL, NULL, NULL, NULL, 0, NULL, 0, NULL, 0, NULL, 0, NULL, NULL, 0, 0, 0, NULL, 'images/default/avatar.jpg', NULL, 0, 0, NULL, NULL, 0, 0, 0, 0, 0, NULL, 0, NULL, NULL, NULL, NULL, NULL, NULL, NULL),
(187, 'area', 3, 12, 27, 72, 'Md. Nizam Hossen', 'user-182@gmail.com', '$2y$10$2nkgX.Wgvs4q3wCgICad/uz2g90yakp5Tb5y9UYGyYSslArBSJXvK', NULL, NULL, NULL, NULL, NULL, 'user-182', NULL, NULL, NULL, NULL, 0, NULL, NULL, NULL, NULL, 0, NULL, 0, NULL, 0, NULL, 0, NULL, NULL, 0, 0, 0, NULL, 'images/default/avatar.jpg', NULL, 0, 0, NULL, NULL, 0, 0, 0, 0, 0, NULL, 0, NULL, NULL, NULL, NULL, NULL, NULL, NULL),
(188, 'area', 3, 12, 27, 72, 'Nazmul Hossain', 'user-183@gmail.com', '$2y$10$2nkgX.Wgvs4q3wCgICad/uz2g90yakp5Tb5y9UYGyYSslArBSJXvK', NULL, NULL, NULL, NULL, NULL, 'user-183', NULL, NULL, NULL, NULL, 0, NULL, NULL, NULL, NULL, 0, NULL, 0, NULL, 0, NULL, 0, NULL, NULL, 0, 0, 0, NULL, 'images/default/avatar.jpg', NULL, 0, 0, NULL, NULL, 0, 0, 0, 0, 0, NULL, 0, NULL, NULL, NULL, NULL, NULL, NULL, NULL),
(189, 'area', 3, 12, 28, 73, 'Bahadur Khan', 'user-184@gmail.com', '$2y$10$2nkgX.Wgvs4q3wCgICad/uz2g90yakp5Tb5y9UYGyYSslArBSJXvK', NULL, NULL, NULL, NULL, NULL, 'user-184', NULL, NULL, NULL, NULL, 0, NULL, NULL, NULL, NULL, 0, NULL, 0, NULL, 0, NULL, 0, NULL, NULL, 0, 0, 0, NULL, 'images/default/avatar.jpg', NULL, 0, 0, NULL, NULL, 0, 0, 0, 0, 0, NULL, 0, NULL, NULL, NULL, NULL, NULL, NULL, NULL),
(190, 'area', 3, 12, 28, 73, 'Borhan Rabbani ', 'user-185@gmail.com', '$2y$10$2nkgX.Wgvs4q3wCgICad/uz2g90yakp5Tb5y9UYGyYSslArBSJXvK', NULL, NULL, NULL, NULL, NULL, 'user-185', NULL, NULL, NULL, NULL, 0, NULL, NULL, NULL, NULL, 0, NULL, 0, NULL, 0, NULL, 0, NULL, NULL, 0, 0, 0, NULL, 'images/default/avatar.jpg', NULL, 0, 0, NULL, NULL, 0, 0, 0, 0, 0, NULL, 0, NULL, NULL, NULL, NULL, NULL, NULL, NULL),
(191, 'area', 3, 12, 28, 73, 'Sariful Islam', 'user-186@gmail.com', '$2y$10$2nkgX.Wgvs4q3wCgICad/uz2g90yakp5Tb5y9UYGyYSslArBSJXvK', NULL, NULL, NULL, NULL, NULL, 'user-186', NULL, NULL, NULL, NULL, 0, NULL, NULL, NULL, NULL, 0, NULL, 0, NULL, 0, NULL, 0, NULL, NULL, 0, 0, 0, NULL, 'images/default/avatar.jpg', NULL, 0, 0, NULL, NULL, 0, 0, 0, 0, 0, NULL, 0, NULL, NULL, NULL, NULL, NULL, NULL, NULL),
(192, 'area', 3, 12, 28, 74, 'Shahidul Islam', 'user-187@gmail.com', '$2y$10$2nkgX.Wgvs4q3wCgICad/uz2g90yakp5Tb5y9UYGyYSslArBSJXvK', NULL, NULL, NULL, NULL, NULL, 'user-187', NULL, NULL, NULL, NULL, 0, NULL, NULL, NULL, NULL, 0, NULL, 0, NULL, 0, NULL, 0, NULL, NULL, 0, 0, 0, NULL, 'images/default/avatar.jpg', NULL, 0, 0, NULL, NULL, 0, 0, 0, 0, 0, NULL, 0, NULL, NULL, NULL, NULL, NULL, NULL, NULL),
(193, 'area', 3, 12, 28, 74, 'Abdur Rashid', 'user-188@gmail.com', '$2y$10$2nkgX.Wgvs4q3wCgICad/uz2g90yakp5Tb5y9UYGyYSslArBSJXvK', NULL, NULL, NULL, NULL, NULL, 'user-188', NULL, NULL, NULL, NULL, 0, NULL, NULL, NULL, NULL, 0, NULL, 0, NULL, 0, NULL, 0, NULL, NULL, 0, 0, 0, NULL, 'images/default/avatar.jpg', NULL, 0, 0, NULL, NULL, 0, 0, 0, 0, 0, NULL, 0, NULL, NULL, NULL, NULL, NULL, NULL, NULL),
(194, 'area', 3, 12, 28, 75, 'Ashrar Hossain', 'user-189@gmail.com', '$2y$10$2nkgX.Wgvs4q3wCgICad/uz2g90yakp5Tb5y9UYGyYSslArBSJXvK', NULL, NULL, NULL, NULL, NULL, 'user-189', NULL, NULL, NULL, NULL, 0, NULL, NULL, NULL, NULL, 0, NULL, 0, NULL, 0, NULL, 0, NULL, NULL, 0, 0, 0, NULL, 'images/default/avatar.jpg', NULL, 0, 0, NULL, NULL, 0, 0, 0, 0, 0, NULL, 0, NULL, NULL, NULL, NULL, NULL, NULL, NULL),
(195, 'area', 3, 12, 28, 75, 'Arafat Biswas', 'user-190@gmail.com', '$2y$10$2nkgX.Wgvs4q3wCgICad/uz2g90yakp5Tb5y9UYGyYSslArBSJXvK', NULL, NULL, NULL, NULL, NULL, 'user-190', NULL, NULL, NULL, NULL, 0, NULL, NULL, NULL, NULL, 0, NULL, 0, NULL, 0, NULL, 0, NULL, NULL, 0, 0, 0, NULL, 'images/default/avatar.jpg', NULL, 0, 0, NULL, NULL, 0, 0, 0, 0, 0, NULL, 0, NULL, NULL, NULL, NULL, NULL, NULL, NULL),
(196, 'area', 3, 12, 29, 76, 'Md.Kamrul Islam ', 'user-191@gmail.com', '$2y$10$2nkgX.Wgvs4q3wCgICad/uz2g90yakp5Tb5y9UYGyYSslArBSJXvK', NULL, NULL, NULL, NULL, NULL, 'user-191', NULL, NULL, NULL, NULL, 0, NULL, NULL, NULL, NULL, 0, NULL, 0, NULL, 0, NULL, 0, NULL, NULL, 0, 0, 0, NULL, 'images/default/avatar.jpg', NULL, 0, 0, NULL, NULL, 0, 0, 0, 0, 0, NULL, 0, NULL, NULL, NULL, NULL, NULL, NULL, NULL),
(197, 'area', 3, 12, 29, 76, 'Shawon Mollah ', 'user-192@gmail.com', '$2y$10$2nkgX.Wgvs4q3wCgICad/uz2g90yakp5Tb5y9UYGyYSslArBSJXvK', NULL, NULL, NULL, NULL, NULL, 'user-192', NULL, NULL, NULL, NULL, 0, NULL, NULL, NULL, NULL, 0, NULL, 0, NULL, 0, NULL, 0, NULL, NULL, 0, 0, 0, NULL, 'images/default/avatar.jpg', NULL, 0, 0, NULL, NULL, 0, 0, 0, 0, 0, NULL, 0, NULL, NULL, NULL, NULL, NULL, NULL, NULL),
(198, 'area', 3, 12, 29, 76, 'Abdur Razzak ', 'user-193@gmail.com', '$2y$10$2nkgX.Wgvs4q3wCgICad/uz2g90yakp5Tb5y9UYGyYSslArBSJXvK', NULL, NULL, NULL, NULL, NULL, 'user-193', NULL, NULL, NULL, NULL, 0, NULL, NULL, NULL, NULL, 0, NULL, 0, NULL, 0, NULL, 0, NULL, NULL, 0, 0, 0, NULL, 'images/default/avatar.jpg', NULL, 0, 0, NULL, NULL, 0, 0, 0, 0, 0, NULL, 0, NULL, NULL, NULL, NULL, NULL, NULL, NULL),
(199, 'area', 3, 12, 29, 76, 'G M Abul Hasan ', 'user-194@gmail.com', '$2y$10$2nkgX.Wgvs4q3wCgICad/uz2g90yakp5Tb5y9UYGyYSslArBSJXvK', NULL, NULL, NULL, NULL, NULL, 'user-194', NULL, NULL, NULL, NULL, 0, NULL, NULL, NULL, NULL, 0, NULL, 0, NULL, 0, NULL, 0, NULL, NULL, 0, 0, 0, NULL, 'images/default/avatar.jpg', NULL, 0, 0, NULL, NULL, 0, 0, 0, 0, 0, NULL, 0, NULL, NULL, NULL, NULL, NULL, NULL, NULL),
(200, 'area', 3, 13, 30, 77, 'Shahin Hossain', 'user-195@gmail.com', '$2y$10$2nkgX.Wgvs4q3wCgICad/uz2g90yakp5Tb5y9UYGyYSslArBSJXvK', NULL, NULL, NULL, NULL, NULL, 'user-195', NULL, NULL, NULL, NULL, 0, NULL, NULL, NULL, NULL, 0, NULL, 0, NULL, 0, NULL, 0, NULL, NULL, 0, 0, 0, NULL, 'images/default/avatar.jpg', NULL, 0, 0, NULL, NULL, 0, 0, 0, 0, 0, NULL, 0, NULL, NULL, NULL, NULL, NULL, NULL, NULL),
(201, 'area', 3, 13, 30, 77, 'Abdul Karim Molla', 'user-196@gmail.com', '$2y$10$2nkgX.Wgvs4q3wCgICad/uz2g90yakp5Tb5y9UYGyYSslArBSJXvK', NULL, NULL, NULL, NULL, NULL, 'user-196', NULL, NULL, NULL, NULL, 0, NULL, NULL, NULL, NULL, 0, NULL, 0, NULL, 0, NULL, 0, NULL, NULL, 0, 0, 0, NULL, 'images/default/avatar.jpg', NULL, 0, 0, NULL, NULL, 0, 0, 0, 0, 0, NULL, 0, NULL, NULL, NULL, NULL, NULL, NULL, NULL),
(202, 'area', 3, 13, 30, 77, 'Sanjay', 'user-197@gmail.com', '$2y$10$2nkgX.Wgvs4q3wCgICad/uz2g90yakp5Tb5y9UYGyYSslArBSJXvK', NULL, NULL, NULL, NULL, NULL, 'user-197', NULL, NULL, NULL, NULL, 0, NULL, NULL, NULL, NULL, 0, NULL, 0, NULL, 0, NULL, 0, NULL, NULL, 0, 0, 0, NULL, 'images/default/avatar.jpg', NULL, 0, 0, NULL, NULL, 0, 0, 0, 0, 0, NULL, 0, NULL, NULL, NULL, NULL, NULL, NULL, NULL),
(203, 'area', 3, 13, 30, 77, 'Md. Saiful Islam ', 'user-198@gmail.com', '$2y$10$2nkgX.Wgvs4q3wCgICad/uz2g90yakp5Tb5y9UYGyYSslArBSJXvK', NULL, NULL, NULL, NULL, NULL, 'user-198', NULL, NULL, NULL, NULL, 0, NULL, NULL, NULL, NULL, 0, NULL, 0, NULL, 0, NULL, 0, NULL, NULL, 0, 0, 0, NULL, 'images/default/avatar.jpg', NULL, 0, 0, NULL, NULL, 0, 0, 0, 0, 0, NULL, 0, NULL, NULL, NULL, NULL, NULL, NULL, NULL),
(204, 'area', 3, 13, 30, 78, 'Safikul Alam', 'user-199@gmail.com', '$2y$10$2nkgX.Wgvs4q3wCgICad/uz2g90yakp5Tb5y9UYGyYSslArBSJXvK', NULL, NULL, NULL, NULL, NULL, 'user-199', NULL, NULL, NULL, NULL, 0, NULL, NULL, NULL, NULL, 0, NULL, 0, NULL, 0, NULL, 0, NULL, NULL, 0, 0, 0, NULL, 'images/default/avatar.jpg', NULL, 0, 0, NULL, NULL, 0, 0, 0, 0, 0, NULL, 0, NULL, NULL, NULL, NULL, NULL, NULL, NULL),
(205, 'area', 3, 13, 30, 78, 'Md. Mahadi Hasan', 'user-200@gmail.com', '$2y$10$2nkgX.Wgvs4q3wCgICad/uz2g90yakp5Tb5y9UYGyYSslArBSJXvK', NULL, NULL, NULL, NULL, NULL, 'user-200', NULL, NULL, NULL, NULL, 0, NULL, NULL, NULL, NULL, 0, NULL, 0, NULL, 0, NULL, 0, NULL, NULL, 0, 0, 0, NULL, 'images/default/avatar.jpg', NULL, 0, 0, NULL, NULL, 0, 0, 0, 0, 0, NULL, 0, NULL, NULL, NULL, NULL, NULL, NULL, NULL),
(206, 'area', 3, 13, 31, 78, 'Sanjoy Debnath', 'user-201@gmail.com', '$2y$10$2nkgX.Wgvs4q3wCgICad/uz2g90yakp5Tb5y9UYGyYSslArBSJXvK', NULL, NULL, NULL, NULL, NULL, 'user-201', NULL, NULL, NULL, NULL, 0, NULL, NULL, NULL, NULL, 0, NULL, 0, NULL, 0, NULL, 0, NULL, NULL, 0, 0, 0, NULL, 'images/default/avatar.jpg', NULL, 0, 0, NULL, NULL, 0, 0, 0, 0, 0, NULL, 0, NULL, NULL, NULL, NULL, NULL, NULL, NULL),
(207, 'area', 3, 13, 31, 78, 'Shajedul Islam', 'user-202@gmail.com', '$2y$10$2nkgX.Wgvs4q3wCgICad/uz2g90yakp5Tb5y9UYGyYSslArBSJXvK', NULL, NULL, NULL, NULL, NULL, 'user-202', NULL, NULL, NULL, NULL, 0, NULL, NULL, NULL, NULL, 0, NULL, 0, NULL, 0, NULL, 0, NULL, NULL, 0, 0, 0, NULL, 'images/default/avatar.jpg', NULL, 0, 0, NULL, NULL, 0, 0, 0, 0, 0, NULL, 0, NULL, NULL, NULL, NULL, NULL, NULL, NULL),
(208, 'area', 3, 13, 31, 78, 'Sohan Sekh', 'user-203@gmail.com', '$2y$10$2nkgX.Wgvs4q3wCgICad/uz2g90yakp5Tb5y9UYGyYSslArBSJXvK', NULL, NULL, NULL, NULL, NULL, 'user-203', NULL, NULL, NULL, NULL, 0, NULL, NULL, NULL, NULL, 0, NULL, 0, NULL, 0, NULL, 0, NULL, NULL, 0, 0, 0, NULL, 'images/default/avatar.jpg', NULL, 0, 0, NULL, NULL, 0, 0, 0, 0, 0, NULL, 0, NULL, NULL, NULL, NULL, NULL, NULL, NULL),
(209, 'area', 3, 13, 31, 81, 'Ariful Islam', 'user-204@gmail.com', '$2y$10$2nkgX.Wgvs4q3wCgICad/uz2g90yakp5Tb5y9UYGyYSslArBSJXvK', NULL, NULL, NULL, NULL, NULL, 'user-204', NULL, NULL, NULL, NULL, 0, NULL, NULL, NULL, NULL, 0, NULL, 0, NULL, 0, NULL, 0, NULL, NULL, 0, 0, 0, NULL, 'images/default/avatar.jpg', NULL, 0, 0, NULL, NULL, 0, 0, 0, 0, 0, NULL, 0, NULL, NULL, NULL, NULL, NULL, NULL, NULL),
(210, 'area', 3, 14, 32, 82, 'Shipon Miah', 'user-205@gmail.com', '$2y$10$2nkgX.Wgvs4q3wCgICad/uz2g90yakp5Tb5y9UYGyYSslArBSJXvK', NULL, NULL, NULL, NULL, NULL, 'user-205', NULL, NULL, NULL, NULL, 0, NULL, NULL, NULL, NULL, 0, NULL, 0, NULL, 0, NULL, 0, NULL, NULL, 0, 0, 0, NULL, 'images/default/avatar.jpg', NULL, 0, 0, NULL, NULL, 0, 0, 0, 0, 0, NULL, 0, NULL, NULL, NULL, NULL, NULL, NULL, NULL),
(211, 'area', 3, 14, 32, 82, 'Sanjoy Banik', 'user-206@gmail.com', '$2y$10$2nkgX.Wgvs4q3wCgICad/uz2g90yakp5Tb5y9UYGyYSslArBSJXvK', NULL, NULL, NULL, NULL, NULL, 'user-206', NULL, NULL, NULL, NULL, 0, NULL, NULL, NULL, NULL, 0, NULL, 0, NULL, 0, NULL, 0, NULL, NULL, 0, 0, 0, NULL, 'images/default/avatar.jpg', NULL, 0, 0, NULL, NULL, 0, 0, 0, 0, 0, NULL, 0, NULL, NULL, NULL, NULL, NULL, NULL, NULL),
(212, 'area', 3, 14, 32, 82, 'Polash', 'user-207@gmail.com', '$2y$10$2nkgX.Wgvs4q3wCgICad/uz2g90yakp5Tb5y9UYGyYSslArBSJXvK', NULL, NULL, NULL, NULL, NULL, 'user-207', NULL, NULL, NULL, NULL, 0, NULL, NULL, NULL, NULL, 0, NULL, 0, NULL, 0, NULL, 0, NULL, NULL, 0, 0, 0, NULL, 'images/default/avatar.jpg', NULL, 0, 0, NULL, NULL, 0, 0, 0, 0, 0, NULL, 0, NULL, NULL, NULL, NULL, NULL, NULL, NULL),
(213, 'area', 3, 14, 32, 83, 'Saifur Rahman', 'user-208@gmail.com', '$2y$10$2nkgX.Wgvs4q3wCgICad/uz2g90yakp5Tb5y9UYGyYSslArBSJXvK', NULL, NULL, NULL, NULL, NULL, 'user-208', NULL, NULL, NULL, NULL, 0, NULL, NULL, NULL, NULL, 0, NULL, 0, NULL, 0, NULL, 0, NULL, NULL, 0, 0, 0, NULL, 'images/default/avatar.jpg', NULL, 0, 0, NULL, NULL, 0, 0, 0, 0, 0, NULL, 0, NULL, NULL, NULL, NULL, NULL, NULL, NULL),
(214, 'area', 3, 14, 32, 83, 'Nabid Talukder', 'user-209@gmail.com', '$2y$10$2nkgX.Wgvs4q3wCgICad/uz2g90yakp5Tb5y9UYGyYSslArBSJXvK', NULL, NULL, NULL, NULL, NULL, 'user-209', NULL, NULL, NULL, NULL, 0, NULL, NULL, NULL, NULL, 0, NULL, 0, NULL, 0, NULL, 0, NULL, NULL, 0, 0, 0, NULL, 'images/default/avatar.jpg', NULL, 0, 0, NULL, NULL, 0, 0, 0, 0, 0, NULL, 0, NULL, NULL, NULL, NULL, NULL, NULL, NULL),
(215, 'area', 3, 14, 33, 84, 'Abdul Alim', 'user-210@gmail.com', '$2y$10$2nkgX.Wgvs4q3wCgICad/uz2g90yakp5Tb5y9UYGyYSslArBSJXvK', NULL, NULL, NULL, NULL, NULL, 'user-210', NULL, NULL, NULL, NULL, 0, NULL, NULL, NULL, NULL, 0, NULL, 0, NULL, 0, NULL, 0, NULL, NULL, 0, 0, 0, NULL, 'images/default/avatar.jpg', NULL, 0, 0, NULL, NULL, 0, 0, 0, 0, 0, NULL, 0, NULL, NULL, NULL, NULL, NULL, NULL, NULL),
(216, 'area', 3, 14, 33, 84, 'Mosharaf', 'user-211@gmail.com', '$2y$10$2nkgX.Wgvs4q3wCgICad/uz2g90yakp5Tb5y9UYGyYSslArBSJXvK', NULL, NULL, NULL, NULL, NULL, 'user-211', NULL, NULL, NULL, NULL, 0, NULL, NULL, NULL, NULL, 0, NULL, 0, NULL, 0, NULL, 0, NULL, NULL, 0, 0, 0, NULL, 'images/default/avatar.jpg', NULL, 0, 0, NULL, NULL, 0, 0, 0, 0, 0, NULL, 0, NULL, NULL, NULL, NULL, NULL, NULL, NULL),
(217, 'area', 3, 14, 33, 85, 'Al Mamun', 'user-212@gmail.com', '$2y$10$2nkgX.Wgvs4q3wCgICad/uz2g90yakp5Tb5y9UYGyYSslArBSJXvK', NULL, NULL, NULL, NULL, NULL, 'user-212', NULL, NULL, NULL, NULL, 0, NULL, NULL, NULL, NULL, 0, NULL, 0, NULL, 0, NULL, 0, NULL, NULL, 0, 0, 0, NULL, 'images/default/avatar.jpg', NULL, 0, 0, NULL, NULL, 0, 0, 0, 0, 0, NULL, 0, NULL, NULL, NULL, NULL, NULL, NULL, NULL),
(218, 'area', 3, 14, 33, 86, 'Wahiduzzaman', 'user-213@gmail.com', '$2y$10$2nkgX.Wgvs4q3wCgICad/uz2g90yakp5Tb5y9UYGyYSslArBSJXvK', NULL, NULL, NULL, NULL, NULL, 'user-213', NULL, NULL, NULL, NULL, 0, NULL, NULL, NULL, NULL, 0, NULL, 0, NULL, 0, NULL, 0, NULL, NULL, 0, 0, 0, NULL, 'images/default/avatar.jpg', NULL, 0, 0, NULL, NULL, 0, 0, 0, 0, 0, NULL, 0, NULL, NULL, NULL, NULL, NULL, NULL, NULL),
(219, 'area', 3, 14, 33, 86, 'Pulukesh ', 'user-214@gmail.com', '$2y$10$2nkgX.Wgvs4q3wCgICad/uz2g90yakp5Tb5y9UYGyYSslArBSJXvK', NULL, NULL, NULL, NULL, NULL, 'user-214', NULL, NULL, NULL, NULL, 0, NULL, NULL, NULL, NULL, 0, NULL, 0, NULL, 0, NULL, 0, NULL, NULL, 0, 0, 0, NULL, 'images/default/avatar.jpg', NULL, 0, 0, NULL, NULL, 0, 0, 0, 0, 0, NULL, 0, NULL, NULL, NULL, NULL, NULL, NULL, NULL),
(220, 'area', 3, 14, 34, 87, 'Mamun Mollah', 'user-215@gmail.com', '$2y$10$2nkgX.Wgvs4q3wCgICad/uz2g90yakp5Tb5y9UYGyYSslArBSJXvK', NULL, NULL, NULL, NULL, NULL, 'user-215', NULL, NULL, NULL, NULL, 0, NULL, NULL, NULL, NULL, 0, NULL, 0, NULL, 0, NULL, 0, NULL, NULL, 0, 0, 0, NULL, 'images/default/avatar.jpg', NULL, 0, 0, NULL, NULL, 0, 0, 0, 0, 0, NULL, 0, NULL, NULL, NULL, NULL, NULL, NULL, NULL),
(221, 'area', 3, 14, 34, 87, 'Md. Jafor Shak', 'user-216@gmail.com', '$2y$10$2nkgX.Wgvs4q3wCgICad/uz2g90yakp5Tb5y9UYGyYSslArBSJXvK', NULL, NULL, NULL, NULL, NULL, 'user-216', NULL, NULL, NULL, NULL, 0, NULL, NULL, NULL, NULL, 0, NULL, 0, NULL, 0, NULL, 0, NULL, NULL, 0, 0, 0, NULL, 'images/default/avatar.jpg', NULL, 0, 0, NULL, NULL, 0, 0, 0, 0, 0, NULL, 0, NULL, NULL, NULL, NULL, NULL, NULL, NULL),
(222, 'area', 3, 14, 34, 87, 'Munshi Al Imran', 'user-217@gmail.com', '$2y$10$2nkgX.Wgvs4q3wCgICad/uz2g90yakp5Tb5y9UYGyYSslArBSJXvK', NULL, NULL, NULL, NULL, NULL, 'user-217', NULL, NULL, NULL, NULL, 0, NULL, NULL, NULL, NULL, 0, NULL, 0, NULL, 0, NULL, 0, NULL, NULL, 0, 0, 0, NULL, 'images/default/avatar.jpg', NULL, 0, 0, NULL, NULL, 0, 0, 0, 0, 0, NULL, 0, NULL, NULL, NULL, NULL, NULL, NULL, NULL),
(223, 'area', 3, 14, 34, 88, 'Sakil Hossen', 'user-218@gmail.com', '$2y$10$2nkgX.Wgvs4q3wCgICad/uz2g90yakp5Tb5y9UYGyYSslArBSJXvK', NULL, NULL, NULL, NULL, NULL, 'user-218', NULL, NULL, NULL, NULL, 0, NULL, NULL, NULL, NULL, 0, NULL, 0, NULL, 0, NULL, 0, NULL, NULL, 0, 0, 0, NULL, 'images/default/avatar.jpg', NULL, 0, 0, NULL, NULL, 0, 0, 0, 0, 0, NULL, 0, NULL, NULL, NULL, NULL, NULL, NULL, NULL),
(224, 'area', 3, 14, 34, 89, 'Maheudden Hossen', 'user-219@gmail.com', '$2y$10$2nkgX.Wgvs4q3wCgICad/uz2g90yakp5Tb5y9UYGyYSslArBSJXvK', NULL, NULL, NULL, NULL, NULL, 'user-219', NULL, NULL, NULL, NULL, 0, NULL, NULL, NULL, NULL, 0, NULL, 0, NULL, 0, NULL, 0, NULL, NULL, 0, 0, 0, NULL, 'images/default/avatar.jpg', NULL, 0, 0, NULL, NULL, 0, 0, 0, 0, 0, NULL, 0, NULL, NULL, NULL, NULL, NULL, NULL, NULL),
(225, 'area', 3, 14, 34, 90, 'Rakibul Rahnan', 'user-220@gmail.com', '$2y$10$2nkgX.Wgvs4q3wCgICad/uz2g90yakp5Tb5y9UYGyYSslArBSJXvK', NULL, NULL, NULL, NULL, NULL, 'user-220', NULL, NULL, NULL, NULL, 0, NULL, NULL, NULL, NULL, 0, NULL, 0, NULL, 0, NULL, 0, NULL, NULL, 0, 0, 0, NULL, 'images/default/avatar.jpg', NULL, 0, 0, NULL, NULL, 0, 0, 0, 0, 0, NULL, 0, NULL, NULL, NULL, NULL, NULL, NULL, NULL),
(226, 'area', 3, 14, 34, 90, 'Jamirul Islam', 'user-221@gmail.com', '$2y$10$2nkgX.Wgvs4q3wCgICad/uz2g90yakp5Tb5y9UYGyYSslArBSJXvK', NULL, NULL, NULL, NULL, NULL, 'user-221', NULL, NULL, NULL, NULL, 0, NULL, NULL, NULL, NULL, 0, NULL, 0, NULL, 0, NULL, 0, NULL, NULL, 0, 0, 0, NULL, 'images/default/avatar.jpg', NULL, 0, 0, NULL, NULL, 0, 0, 0, 0, 0, NULL, 0, NULL, NULL, NULL, NULL, NULL, NULL, NULL),
(227, 'area', 3, 14, 34, 91, 'Md. Ripon Hossain', 'user-222@gmail.com', '$2y$10$2nkgX.Wgvs4q3wCgICad/uz2g90yakp5Tb5y9UYGyYSslArBSJXvK', NULL, NULL, NULL, NULL, NULL, 'user-222', NULL, NULL, NULL, NULL, 0, NULL, NULL, NULL, NULL, 0, NULL, 0, NULL, 0, NULL, 0, NULL, NULL, 0, 0, 0, NULL, 'images/default/avatar.jpg', NULL, 0, 0, NULL, NULL, 0, 0, 0, 0, 0, NULL, 0, NULL, NULL, NULL, NULL, NULL, NULL, NULL),
(228, 'area', 4, 15, 35, 92, 'Jahangir Alom ', 'user-223@gmail.com', '$2y$10$2nkgX.Wgvs4q3wCgICad/uz2g90yakp5Tb5y9UYGyYSslArBSJXvK', NULL, NULL, NULL, NULL, NULL, 'user-223', NULL, NULL, NULL, NULL, 0, NULL, NULL, NULL, NULL, 0, NULL, 0, NULL, 0, NULL, 0, NULL, NULL, 0, 0, 0, NULL, 'images/default/avatar.jpg', NULL, 0, 0, NULL, NULL, 0, 0, 0, 0, 0, NULL, 0, NULL, NULL, NULL, NULL, NULL, NULL, NULL),
(229, 'area', 4, 15, 35, 92, 'Md. Sirajul Islam', 'user-224@gmail.com', '$2y$10$2nkgX.Wgvs4q3wCgICad/uz2g90yakp5Tb5y9UYGyYSslArBSJXvK', NULL, NULL, NULL, NULL, NULL, 'user-224', NULL, NULL, NULL, NULL, 0, NULL, NULL, NULL, NULL, 0, NULL, 0, NULL, 0, NULL, 0, NULL, NULL, 0, 0, 0, NULL, 'images/default/avatar.jpg', NULL, 0, 0, NULL, NULL, 0, 0, 0, 0, 0, NULL, 0, NULL, NULL, NULL, NULL, NULL, NULL, NULL),
(230, 'area', 4, 15, 35, 92, 'Arun Debnath ', 'user-225@gmail.com', '$2y$10$2nkgX.Wgvs4q3wCgICad/uz2g90yakp5Tb5y9UYGyYSslArBSJXvK', NULL, NULL, NULL, NULL, NULL, 'user-225', NULL, NULL, NULL, NULL, 0, NULL, NULL, NULL, NULL, 0, NULL, 0, NULL, 0, NULL, 0, NULL, NULL, 0, 0, 0, NULL, 'images/default/avatar.jpg', NULL, 0, 0, NULL, NULL, 0, 0, 0, 0, 0, NULL, 0, NULL, NULL, NULL, NULL, NULL, NULL, NULL),
(231, 'area', 4, 15, 35, 92, 'Motiur Rahman', 'user-226@gmail.com', '$2y$10$2nkgX.Wgvs4q3wCgICad/uz2g90yakp5Tb5y9UYGyYSslArBSJXvK', NULL, NULL, NULL, NULL, NULL, 'user-226', NULL, NULL, NULL, NULL, 0, NULL, NULL, NULL, NULL, 0, NULL, 0, NULL, 0, NULL, 0, NULL, NULL, 0, 0, 0, NULL, 'images/default/avatar.jpg', NULL, 0, 0, NULL, NULL, 0, 0, 0, 0, 0, NULL, 0, NULL, NULL, NULL, NULL, NULL, NULL, NULL),
(232, 'area', 4, 15, 35, 92, 'Abdul Alim', 'user-227@gmail.com', '$2y$10$2nkgX.Wgvs4q3wCgICad/uz2g90yakp5Tb5y9UYGyYSslArBSJXvK', NULL, NULL, NULL, NULL, NULL, 'user-227', NULL, NULL, NULL, NULL, 0, NULL, NULL, NULL, NULL, 0, NULL, 0, NULL, 0, NULL, 0, NULL, NULL, 0, 0, 0, NULL, 'images/default/avatar.jpg', NULL, 0, 0, NULL, NULL, 0, 0, 0, 0, 0, NULL, 0, NULL, NULL, NULL, NULL, NULL, NULL, NULL),
(233, 'area', 4, 15, 35, 93, 'Rezaul Karim', 'user-228@gmail.com', '$2y$10$2nkgX.Wgvs4q3wCgICad/uz2g90yakp5Tb5y9UYGyYSslArBSJXvK', NULL, NULL, NULL, NULL, NULL, 'user-228', NULL, NULL, NULL, NULL, 0, NULL, NULL, NULL, NULL, 0, NULL, 0, NULL, 0, NULL, 0, NULL, NULL, 0, 0, 0, NULL, 'images/default/avatar.jpg', NULL, 0, 0, NULL, NULL, 0, 0, 0, 0, 0, NULL, 0, NULL, NULL, NULL, NULL, NULL, NULL, NULL),
(234, 'area', 4, 15, 35, 93, 'Sultan Ahmed', 'user-229@gmail.com', '$2y$10$2nkgX.Wgvs4q3wCgICad/uz2g90yakp5Tb5y9UYGyYSslArBSJXvK', NULL, NULL, NULL, NULL, NULL, 'user-229', NULL, NULL, NULL, NULL, 0, NULL, NULL, NULL, NULL, 0, NULL, 0, NULL, 0, NULL, 0, NULL, NULL, 0, 0, 0, NULL, 'images/default/avatar.jpg', NULL, 0, 0, NULL, NULL, 0, 0, 0, 0, 0, NULL, 0, NULL, NULL, NULL, NULL, NULL, NULL, NULL),
(235, 'area', 4, 15, 35, 94, 'Prithish Kumer debnath', 'user-230@gmail.com', '$2y$10$2nkgX.Wgvs4q3wCgICad/uz2g90yakp5Tb5y9UYGyYSslArBSJXvK', NULL, NULL, NULL, NULL, NULL, 'user-230', NULL, NULL, NULL, NULL, 0, NULL, NULL, NULL, NULL, 0, NULL, 0, NULL, 0, NULL, 0, NULL, NULL, 0, 0, 0, NULL, 'images/default/avatar.jpg', NULL, 0, 0, NULL, NULL, 0, 0, 0, 0, 0, NULL, 0, NULL, NULL, NULL, NULL, NULL, NULL, NULL),
(236, 'area', 4, 15, 35, 94, 'Md.Rasel Mia', 'user-231@gmail.com', '$2y$10$2nkgX.Wgvs4q3wCgICad/uz2g90yakp5Tb5y9UYGyYSslArBSJXvK', NULL, NULL, NULL, NULL, NULL, 'user-231', NULL, NULL, NULL, NULL, 0, NULL, NULL, NULL, NULL, 0, NULL, 0, NULL, 0, NULL, 0, NULL, NULL, 0, 0, 0, NULL, 'images/default/avatar.jpg', NULL, 0, 0, NULL, NULL, 0, 0, 0, 0, 0, NULL, 0, NULL, NULL, NULL, NULL, NULL, NULL, NULL),
(237, 'area', 4, 15, 35, 95, 'Ashikurzzaman', 'user-232@gmail.com', '$2y$10$2nkgX.Wgvs4q3wCgICad/uz2g90yakp5Tb5y9UYGyYSslArBSJXvK', NULL, NULL, NULL, NULL, NULL, 'user-232', NULL, NULL, NULL, NULL, 0, NULL, NULL, NULL, NULL, 0, NULL, 0, NULL, 0, NULL, 0, NULL, NULL, 0, 0, 0, NULL, 'images/default/avatar.jpg', NULL, 0, 0, NULL, NULL, 0, 0, 0, 0, 0, NULL, 0, NULL, NULL, NULL, NULL, NULL, NULL, NULL),
(238, 'area', 4, 15, 35, 95, 'Srekanto Banik', 'user-233@gmail.com', '$2y$10$2nkgX.Wgvs4q3wCgICad/uz2g90yakp5Tb5y9UYGyYSslArBSJXvK', NULL, NULL, NULL, NULL, NULL, 'user-233', NULL, NULL, NULL, NULL, 0, NULL, NULL, NULL, NULL, 0, NULL, 0, NULL, 0, NULL, 0, NULL, NULL, 0, 0, 0, NULL, 'images/default/avatar.jpg', NULL, 0, 0, NULL, NULL, 0, 0, 0, 0, 0, NULL, 0, NULL, NULL, NULL, NULL, NULL, NULL, NULL),
(239, 'area', 4, 15, 36, 96, 'Md.Ibrahim ', 'user-234@gmail.com', '$2y$10$2nkgX.Wgvs4q3wCgICad/uz2g90yakp5Tb5y9UYGyYSslArBSJXvK', NULL, NULL, NULL, NULL, NULL, 'user-234', NULL, NULL, NULL, NULL, 0, NULL, NULL, NULL, NULL, 0, NULL, 0, NULL, 0, NULL, 0, NULL, NULL, 0, 0, 0, NULL, 'images/default/avatar.jpg', NULL, 0, 0, NULL, NULL, 0, 0, 0, 0, 0, NULL, 0, NULL, NULL, NULL, NULL, NULL, NULL, NULL),
(240, 'area', 4, 15, 36, 96, 'Md.Masum Miah', 'user-235@gmail.com', '$2y$10$2nkgX.Wgvs4q3wCgICad/uz2g90yakp5Tb5y9UYGyYSslArBSJXvK', NULL, NULL, NULL, NULL, NULL, 'user-235', NULL, NULL, NULL, NULL, 0, NULL, NULL, NULL, NULL, 0, NULL, 0, NULL, 0, NULL, 0, NULL, NULL, 0, 0, 0, NULL, 'images/default/avatar.jpg', NULL, 0, 0, NULL, NULL, 0, 0, 0, 0, 0, NULL, 0, NULL, NULL, NULL, NULL, NULL, NULL, NULL),
(241, 'area', 4, 15, 36, 96, 'Abu Naim Md.Faruk', 'user-236@gmail.com', '$2y$10$2nkgX.Wgvs4q3wCgICad/uz2g90yakp5Tb5y9UYGyYSslArBSJXvK', NULL, NULL, NULL, NULL, NULL, 'user-236', NULL, NULL, NULL, NULL, 0, NULL, NULL, NULL, NULL, 0, NULL, 0, NULL, 0, NULL, 0, NULL, NULL, 0, 0, 0, NULL, 'images/default/avatar.jpg', NULL, 0, 0, NULL, NULL, 0, 0, 0, 0, 0, NULL, 0, NULL, NULL, NULL, NULL, NULL, NULL, NULL),
(242, 'area', 4, 15, 36, 96, 'Ankur Kumar sarker', 'user-237@gmail.com', '$2y$10$2nkgX.Wgvs4q3wCgICad/uz2g90yakp5Tb5y9UYGyYSslArBSJXvK', NULL, NULL, NULL, NULL, NULL, 'user-237', NULL, NULL, NULL, NULL, 0, NULL, NULL, NULL, NULL, 0, NULL, 0, NULL, 0, NULL, 0, NULL, NULL, 0, 0, 0, NULL, 'images/default/avatar.jpg', NULL, 0, 0, NULL, NULL, 0, 0, 0, 0, 0, NULL, 0, NULL, NULL, NULL, NULL, NULL, NULL, NULL),
(243, 'area', 4, 15, 36, 97, 'Abul Kasem', 'user-238@gmail.com', '$2y$10$2nkgX.Wgvs4q3wCgICad/uz2g90yakp5Tb5y9UYGyYSslArBSJXvK', NULL, NULL, NULL, NULL, NULL, 'user-238', NULL, NULL, NULL, NULL, 0, NULL, NULL, NULL, NULL, 0, NULL, 0, NULL, 0, NULL, 0, NULL, NULL, 0, 0, 0, NULL, 'images/default/avatar.jpg', NULL, 0, 0, NULL, NULL, 0, 0, 0, 0, 0, NULL, 0, NULL, NULL, NULL, NULL, NULL, NULL, NULL),
(244, 'area', 4, 15, 36, 97, 'Elahi Newaz', 'user-239@gmail.com', '$2y$10$2nkgX.Wgvs4q3wCgICad/uz2g90yakp5Tb5y9UYGyYSslArBSJXvK', NULL, NULL, NULL, NULL, NULL, 'user-239', NULL, NULL, NULL, NULL, 0, NULL, NULL, NULL, NULL, 0, NULL, 0, NULL, 0, NULL, 0, NULL, NULL, 0, 0, 0, NULL, 'images/default/avatar.jpg', NULL, 0, 0, NULL, NULL, 0, 0, 0, 0, 0, NULL, 0, NULL, NULL, NULL, NULL, NULL, NULL, NULL),
(245, 'area', 4, 16, 37, 98, 'Golam Mostafa', 'user-240@gmail.com', '$2y$10$2nkgX.Wgvs4q3wCgICad/uz2g90yakp5Tb5y9UYGyYSslArBSJXvK', NULL, NULL, NULL, NULL, NULL, 'user-240', NULL, NULL, NULL, NULL, 0, NULL, NULL, NULL, NULL, 0, NULL, 0, NULL, 0, NULL, 0, NULL, NULL, 0, 0, 0, NULL, 'images/default/avatar.jpg', NULL, 0, 0, NULL, NULL, 0, 0, 0, 0, 0, NULL, 0, NULL, NULL, NULL, NULL, NULL, NULL, NULL),
(246, 'area', 4, 16, 37, 98, 'Ashraf Ali', 'user-241@gmail.com', '$2y$10$2nkgX.Wgvs4q3wCgICad/uz2g90yakp5Tb5y9UYGyYSslArBSJXvK', NULL, NULL, NULL, NULL, NULL, 'user-241', NULL, NULL, NULL, NULL, 0, NULL, NULL, NULL, NULL, 0, NULL, 0, NULL, 0, NULL, 0, NULL, NULL, 0, 0, 0, NULL, 'images/default/avatar.jpg', NULL, 0, 0, NULL, NULL, 0, 0, 0, 0, 0, NULL, 0, NULL, NULL, NULL, NULL, NULL, NULL, NULL),
(247, 'area', 4, 16, 37, 98, 'Rezaul Islam', 'user-242@gmail.com', '$2y$10$2nkgX.Wgvs4q3wCgICad/uz2g90yakp5Tb5y9UYGyYSslArBSJXvK', NULL, NULL, NULL, NULL, NULL, 'user-242', NULL, NULL, NULL, NULL, 0, NULL, NULL, NULL, NULL, 0, NULL, 0, NULL, 0, NULL, 0, NULL, NULL, 0, 0, 0, NULL, 'images/default/avatar.jpg', NULL, 0, 0, NULL, NULL, 0, 0, 0, 0, 0, NULL, 0, NULL, NULL, NULL, NULL, NULL, NULL, NULL),
(248, 'area', 4, 16, 37, 99, 'Niloy Madhu', 'user-243@gmail.com', '$2y$10$2nkgX.Wgvs4q3wCgICad/uz2g90yakp5Tb5y9UYGyYSslArBSJXvK', NULL, NULL, NULL, NULL, NULL, 'user-243', NULL, NULL, NULL, NULL, 0, NULL, NULL, NULL, NULL, 0, NULL, 0, NULL, 0, NULL, 0, NULL, NULL, 0, 0, 0, NULL, 'images/default/avatar.jpg', NULL, 0, 0, NULL, NULL, 0, 0, 0, 0, 0, NULL, 0, NULL, NULL, NULL, NULL, NULL, NULL, NULL),
(249, 'area', 4, 16, 37, 99, 'Al Amin', 'user-244@gmail.com', '$2y$10$2nkgX.Wgvs4q3wCgICad/uz2g90yakp5Tb5y9UYGyYSslArBSJXvK', NULL, NULL, NULL, NULL, NULL, 'user-244', NULL, NULL, NULL, NULL, 0, NULL, NULL, NULL, NULL, 0, NULL, 0, NULL, 0, NULL, 0, NULL, NULL, 0, 0, 0, NULL, 'images/default/avatar.jpg', NULL, 0, 0, NULL, NULL, 0, 0, 0, 0, 0, NULL, 0, NULL, NULL, NULL, NULL, NULL, NULL, NULL);
INSERT INTO `users` (`id`, `user_type`, `zones_id`, `regions_id`, `territories_id`, `distribution_house_id`, `name`, `email`, `password`, `password_key`, `password_expire_days`, `last_name`, `mobile`, `home_telephone`, `username`, `secret_question_1`, `secret_question_2`, `secret_question_ans_1`, `secret_question_ans_2`, `identification_type_id`, `identification_number`, `identification_expire_date`, `date_of_birth`, `gender`, `religion_id`, `father_name`, `father_occupation_id`, `mother_name`, `mother_occupation_id`, `bank_account_number`, `bank_id`, `bank_branch`, `last_login_date_time`, `default_module_id`, `created_by`, `updated_by`, `status`, `user_image`, `address`, `is_reliever`, `reliever_to`, `reliever_start_datetime`, `reliever_end_datetime`, `line_manager_id`, `designation_id`, `department_id`, `location_id`, `default_vehicle_id`, `default_url`, `default_language_id`, `joining_date`, `emergency_contact_person_name`, `emergency_contact_relation`, `emergency_contact_number`, `remember_token`, `created_at`, `updated_at`) VALUES
(250, 'area', 4, 16, 37, 100, 'Md. Abdur Rahim', 'user-245@gmail.com', '$2y$10$2nkgX.Wgvs4q3wCgICad/uz2g90yakp5Tb5y9UYGyYSslArBSJXvK', NULL, NULL, NULL, NULL, NULL, 'user-245', NULL, NULL, NULL, NULL, 0, NULL, NULL, NULL, NULL, 0, NULL, 0, NULL, 0, NULL, 0, NULL, NULL, 0, 0, 0, NULL, 'images/default/avatar.jpg', NULL, 0, 0, NULL, NULL, 0, 0, 0, 0, 0, NULL, 0, NULL, NULL, NULL, NULL, NULL, NULL, NULL),
(251, 'area', 4, 16, 37, 100, 'Azizul hoq', 'user-246@gmail.com', '$2y$10$2nkgX.Wgvs4q3wCgICad/uz2g90yakp5Tb5y9UYGyYSslArBSJXvK', NULL, NULL, NULL, NULL, NULL, 'user-246', NULL, NULL, NULL, NULL, 0, NULL, NULL, NULL, NULL, 0, NULL, 0, NULL, 0, NULL, 0, NULL, NULL, 0, 0, 0, NULL, 'images/default/avatar.jpg', NULL, 0, 0, NULL, NULL, 0, 0, 0, 0, 0, NULL, 0, NULL, NULL, NULL, NULL, NULL, NULL, NULL),
(252, 'area', 4, 16, 37, 101, 'Ashraful Kabir', 'user-247@gmail.com', '$2y$10$2nkgX.Wgvs4q3wCgICad/uz2g90yakp5Tb5y9UYGyYSslArBSJXvK', NULL, NULL, NULL, NULL, NULL, 'user-247', NULL, NULL, NULL, NULL, 0, NULL, NULL, NULL, NULL, 0, NULL, 0, NULL, 0, NULL, 0, NULL, NULL, 0, 0, 0, NULL, 'images/default/avatar.jpg', NULL, 0, 0, NULL, NULL, 0, 0, 0, 0, 0, NULL, 0, NULL, NULL, NULL, NULL, NULL, NULL, NULL),
(253, 'area', 4, 16, 37, 102, 'Saiful Islam', 'user-248@gmail.com', '$2y$10$2nkgX.Wgvs4q3wCgICad/uz2g90yakp5Tb5y9UYGyYSslArBSJXvK', NULL, NULL, NULL, NULL, NULL, 'user-248', NULL, NULL, NULL, NULL, 0, NULL, NULL, NULL, NULL, 0, NULL, 0, NULL, 0, NULL, 0, NULL, NULL, 0, 0, 0, NULL, 'images/default/avatar.jpg', NULL, 0, 0, NULL, NULL, 0, 0, 0, 0, 0, NULL, 0, NULL, NULL, NULL, NULL, NULL, NULL, NULL),
(254, 'area', 4, 16, 38, 103, 'Tanvir Rahman', 'user-249@gmail.com', '$2y$10$2nkgX.Wgvs4q3wCgICad/uz2g90yakp5Tb5y9UYGyYSslArBSJXvK', NULL, NULL, NULL, NULL, NULL, 'user-249', NULL, NULL, NULL, NULL, 0, NULL, NULL, NULL, NULL, 0, NULL, 0, NULL, 0, NULL, 0, NULL, NULL, 0, 0, 0, NULL, 'images/default/avatar.jpg', NULL, 0, 0, NULL, NULL, 0, 0, 0, 0, 0, NULL, 0, NULL, NULL, NULL, NULL, NULL, NULL, NULL),
(255, 'area', 4, 16, 38, 103, 'Md.Sabirul Islam Sabbir', 'user-250@gmail.com', '$2y$10$2nkgX.Wgvs4q3wCgICad/uz2g90yakp5Tb5y9UYGyYSslArBSJXvK', NULL, NULL, NULL, NULL, NULL, 'user-250', NULL, NULL, NULL, NULL, 0, NULL, NULL, NULL, NULL, 0, NULL, 0, NULL, 0, NULL, 0, NULL, NULL, 0, 0, 0, NULL, 'images/default/avatar.jpg', NULL, 0, 0, NULL, NULL, 0, 0, 0, 0, 0, NULL, 0, NULL, NULL, NULL, NULL, NULL, NULL, NULL),
(256, 'area', 4, 16, 38, 103, 'Mahmudul Hasan', 'user-251@gmail.com', '$2y$10$2nkgX.Wgvs4q3wCgICad/uz2g90yakp5Tb5y9UYGyYSslArBSJXvK', NULL, NULL, NULL, NULL, NULL, 'user-251', NULL, NULL, NULL, NULL, 0, NULL, NULL, NULL, NULL, 0, NULL, 0, NULL, 0, NULL, 0, NULL, NULL, 0, 0, 0, NULL, 'images/default/avatar.jpg', NULL, 0, 0, NULL, NULL, 0, 0, 0, 0, 0, NULL, 0, NULL, NULL, NULL, NULL, NULL, NULL, NULL),
(257, 'area', 4, 16, 38, 104, 'Jibon Miah', 'user-252@gmail.com', '$2y$10$2nkgX.Wgvs4q3wCgICad/uz2g90yakp5Tb5y9UYGyYSslArBSJXvK', NULL, NULL, NULL, NULL, NULL, 'user-252', NULL, NULL, NULL, NULL, 0, NULL, NULL, NULL, NULL, 0, NULL, 0, NULL, 0, NULL, 0, NULL, NULL, 0, 0, 0, NULL, 'images/default/avatar.jpg', NULL, 0, 0, NULL, NULL, 0, 0, 0, 0, 0, NULL, 0, NULL, NULL, NULL, NULL, NULL, NULL, NULL),
(258, 'area', 4, 16, 38, 104, 'Md.Yusuf', 'user-253@gmail.com', '$2y$10$2nkgX.Wgvs4q3wCgICad/uz2g90yakp5Tb5y9UYGyYSslArBSJXvK', NULL, NULL, NULL, NULL, NULL, 'user-253', NULL, NULL, NULL, NULL, 0, NULL, NULL, NULL, NULL, 0, NULL, 0, NULL, 0, NULL, 0, NULL, NULL, 0, 0, 0, NULL, 'images/default/avatar.jpg', NULL, 0, 0, NULL, NULL, 0, 0, 0, 0, 0, NULL, 0, NULL, NULL, NULL, NULL, NULL, NULL, NULL),
(259, 'area', 4, 17, 39, 105, 'Joy sarker', 'user-254@gmail.com', '$2y$10$2nkgX.Wgvs4q3wCgICad/uz2g90yakp5Tb5y9UYGyYSslArBSJXvK', NULL, NULL, NULL, NULL, NULL, 'user-254', NULL, NULL, NULL, NULL, 0, NULL, NULL, NULL, NULL, 0, NULL, 0, NULL, 0, NULL, 0, NULL, NULL, 0, 0, 0, NULL, 'images/default/avatar.jpg', NULL, 0, 0, NULL, NULL, 0, 0, 0, 0, 0, NULL, 0, NULL, NULL, NULL, NULL, NULL, NULL, NULL),
(260, 'area', 4, 17, 39, 105, 'Emrul Alom ', 'user-255@gmail.com', '$2y$10$2nkgX.Wgvs4q3wCgICad/uz2g90yakp5Tb5y9UYGyYSslArBSJXvK', NULL, NULL, NULL, NULL, NULL, 'user-255', NULL, NULL, NULL, NULL, 0, NULL, NULL, NULL, NULL, 0, NULL, 0, NULL, 0, NULL, 0, NULL, NULL, 0, 0, 0, NULL, 'images/default/avatar.jpg', NULL, 0, 0, NULL, NULL, 0, 0, 0, 0, 0, NULL, 0, NULL, NULL, NULL, NULL, NULL, NULL, NULL),
(261, 'area', 4, 17, 39, 106, 'Jubayed Mia', 'user-256@gmail.com', '$2y$10$2nkgX.Wgvs4q3wCgICad/uz2g90yakp5Tb5y9UYGyYSslArBSJXvK', NULL, NULL, NULL, NULL, NULL, 'user-256', NULL, NULL, NULL, NULL, 0, NULL, NULL, NULL, NULL, 0, NULL, 0, NULL, 0, NULL, 0, NULL, NULL, 0, 0, 0, NULL, 'images/default/avatar.jpg', NULL, 0, 0, NULL, NULL, 0, 0, 0, 0, 0, NULL, 0, NULL, NULL, NULL, NULL, NULL, NULL, NULL),
(262, 'area', 4, 17, 39, 107, 'Md. Khairul Islam', 'user-257@gmail.com', '$2y$10$2nkgX.Wgvs4q3wCgICad/uz2g90yakp5Tb5y9UYGyYSslArBSJXvK', NULL, NULL, NULL, NULL, NULL, 'user-257', NULL, NULL, NULL, NULL, 0, NULL, NULL, NULL, NULL, 0, NULL, 0, NULL, 0, NULL, 0, NULL, NULL, 0, 0, 0, NULL, 'images/default/avatar.jpg', NULL, 0, 0, NULL, NULL, 0, 0, 0, 0, 0, NULL, 0, NULL, NULL, NULL, NULL, NULL, NULL, NULL),
(263, 'area', 4, 17, 39, 108, 'Chandan Biswas', 'user-258@gmail.com', '$2y$10$2nkgX.Wgvs4q3wCgICad/uz2g90yakp5Tb5y9UYGyYSslArBSJXvK', NULL, NULL, NULL, NULL, NULL, 'user-258', NULL, NULL, NULL, NULL, 0, NULL, NULL, NULL, NULL, 0, NULL, 0, NULL, 0, NULL, 0, NULL, NULL, 0, 0, 0, NULL, 'images/default/avatar.jpg', NULL, 0, 0, NULL, NULL, 0, 0, 0, 0, 0, NULL, 0, NULL, NULL, NULL, NULL, NULL, NULL, NULL),
(264, 'area', 4, 17, 40, 109, 'Nahid Hasan ', 'user-259@gmail.com', '$2y$10$2nkgX.Wgvs4q3wCgICad/uz2g90yakp5Tb5y9UYGyYSslArBSJXvK', NULL, NULL, NULL, NULL, NULL, 'user-259', NULL, NULL, NULL, NULL, 0, NULL, NULL, NULL, NULL, 0, NULL, 0, NULL, 0, NULL, 0, NULL, NULL, 0, 0, 0, NULL, 'images/default/avatar.jpg', NULL, 0, 0, NULL, NULL, 0, 0, 0, 0, 0, NULL, 0, NULL, NULL, NULL, NULL, NULL, NULL, NULL),
(265, 'area', 4, 17, 40, 109, 'Fazlur Haque', 'user-260@gmail.com', '$2y$10$2nkgX.Wgvs4q3wCgICad/uz2g90yakp5Tb5y9UYGyYSslArBSJXvK', NULL, NULL, NULL, NULL, NULL, 'user-260', NULL, NULL, NULL, NULL, 0, NULL, NULL, NULL, NULL, 0, NULL, 0, NULL, 0, NULL, 0, NULL, NULL, 0, 0, 0, NULL, 'images/default/avatar.jpg', NULL, 0, 0, NULL, NULL, 0, 0, 0, 0, 0, NULL, 0, NULL, NULL, NULL, NULL, NULL, NULL, NULL),
(266, 'area', 4, 17, 40, 110, 'Md. Mojnu Miah', 'user-261@gmail.com', '$2y$10$2nkgX.Wgvs4q3wCgICad/uz2g90yakp5Tb5y9UYGyYSslArBSJXvK', NULL, NULL, NULL, NULL, NULL, 'user-261', NULL, NULL, NULL, NULL, 0, NULL, NULL, NULL, NULL, 0, NULL, 0, NULL, 0, NULL, 0, NULL, NULL, 0, 0, 0, NULL, 'images/default/avatar.jpg', NULL, 0, 0, NULL, NULL, 0, 0, 0, 0, 0, NULL, 0, NULL, NULL, NULL, NULL, NULL, NULL, NULL),
(267, 'area', 4, 17, 40, 111, 'Md. Oliullah', 'user-262@gmail.com', '$2y$10$2nkgX.Wgvs4q3wCgICad/uz2g90yakp5Tb5y9UYGyYSslArBSJXvK', NULL, NULL, NULL, NULL, NULL, 'user-262', NULL, NULL, NULL, NULL, 0, NULL, NULL, NULL, NULL, 0, NULL, 0, NULL, 0, NULL, 0, NULL, NULL, 0, 0, 0, NULL, 'images/default/avatar.jpg', NULL, 0, 0, NULL, NULL, 0, 0, 0, 0, 0, NULL, 0, NULL, NULL, NULL, NULL, NULL, NULL, NULL),
(268, 'area', 4, 17, 40, 112, 'Shahin- Al- Azad', 'user-263@gmail.com', '$2y$10$2nkgX.Wgvs4q3wCgICad/uz2g90yakp5Tb5y9UYGyYSslArBSJXvK', NULL, NULL, NULL, NULL, NULL, 'user-263', NULL, NULL, NULL, NULL, 0, NULL, NULL, NULL, NULL, 0, NULL, 0, NULL, 0, NULL, 0, NULL, NULL, 0, 0, 0, NULL, 'images/default/avatar.jpg', NULL, 0, 0, NULL, NULL, 0, 0, 0, 0, 0, NULL, 0, NULL, NULL, NULL, NULL, NULL, NULL, NULL),
(269, 'area', 4, 17, 41, 113, 'Monjurul Hoque', 'user-264@gmail.com', '$2y$10$2nkgX.Wgvs4q3wCgICad/uz2g90yakp5Tb5y9UYGyYSslArBSJXvK', NULL, NULL, NULL, NULL, NULL, 'user-264', NULL, NULL, NULL, NULL, 0, NULL, NULL, NULL, NULL, 0, NULL, 0, NULL, 0, NULL, 0, NULL, NULL, 0, 0, 0, NULL, 'images/default/avatar.jpg', NULL, 0, 0, NULL, NULL, 0, 0, 0, 0, 0, NULL, 0, NULL, NULL, NULL, NULL, NULL, NULL, NULL),
(270, 'area', 4, 17, 41, 113, 'Khalilur Rahman', 'user-265@gmail.com', '$2y$10$2nkgX.Wgvs4q3wCgICad/uz2g90yakp5Tb5y9UYGyYSslArBSJXvK', NULL, NULL, NULL, NULL, NULL, 'user-265', NULL, NULL, NULL, NULL, 0, NULL, NULL, NULL, NULL, 0, NULL, 0, NULL, 0, NULL, 0, NULL, NULL, 0, 0, 0, NULL, 'images/default/avatar.jpg', NULL, 0, 0, NULL, NULL, 0, 0, 0, 0, 0, NULL, 0, NULL, NULL, NULL, NULL, NULL, NULL, NULL),
(271, 'area', 4, 17, 41, 113, 'Liton Ali', 'user-266@gmail.com', '$2y$10$2nkgX.Wgvs4q3wCgICad/uz2g90yakp5Tb5y9UYGyYSslArBSJXvK', NULL, NULL, NULL, NULL, NULL, 'user-266', NULL, NULL, NULL, NULL, 0, NULL, NULL, NULL, NULL, 0, NULL, 0, NULL, 0, NULL, 0, NULL, NULL, 0, 0, 0, NULL, 'images/default/avatar.jpg', NULL, 0, 0, NULL, NULL, 0, 0, 0, 0, 0, NULL, 0, NULL, NULL, NULL, NULL, NULL, NULL, NULL),
(272, 'area', 4, 17, 41, 114, 'Md. Mahmudul Hasan Uzzal', 'user-267@gmail.com', '$2y$10$2nkgX.Wgvs4q3wCgICad/uz2g90yakp5Tb5y9UYGyYSslArBSJXvK', NULL, NULL, NULL, NULL, NULL, 'user-267', NULL, NULL, NULL, NULL, 0, NULL, NULL, NULL, NULL, 0, NULL, 0, NULL, 0, NULL, 0, NULL, NULL, 0, 0, 0, NULL, 'images/default/avatar.jpg', NULL, 0, 0, NULL, NULL, 0, 0, 0, 0, 0, NULL, 0, NULL, NULL, NULL, NULL, NULL, NULL, NULL),
(273, 'area', 4, 17, 41, 114, 'Forhad  bhuiyan', 'user-268@gmail.com', '$2y$10$2nkgX.Wgvs4q3wCgICad/uz2g90yakp5Tb5y9UYGyYSslArBSJXvK', NULL, NULL, NULL, NULL, NULL, 'user-268', NULL, NULL, NULL, NULL, 0, NULL, NULL, NULL, NULL, 0, NULL, 0, NULL, 0, NULL, 0, NULL, NULL, 0, 0, 0, NULL, 'images/default/avatar.jpg', NULL, 0, 0, NULL, NULL, 0, 0, 0, 0, 0, NULL, 0, NULL, NULL, NULL, NULL, NULL, NULL, NULL),
(274, 'area', 4, 17, 41, 115, 'Nitai Chandra das', 'user-269@gmail.com', '$2y$10$2nkgX.Wgvs4q3wCgICad/uz2g90yakp5Tb5y9UYGyYSslArBSJXvK', NULL, NULL, NULL, NULL, NULL, 'user-269', NULL, NULL, NULL, NULL, 0, NULL, NULL, NULL, NULL, 0, NULL, 0, NULL, 0, NULL, 0, NULL, NULL, 0, 0, 0, NULL, 'images/default/avatar.jpg', NULL, 0, 0, NULL, NULL, 0, 0, 0, 0, 0, NULL, 0, NULL, NULL, NULL, NULL, NULL, NULL, NULL),
(275, 'area', 4, 17, 41, 116, 'Yasin Ali', 'user-270@gmail.com', '$2y$10$2nkgX.Wgvs4q3wCgICad/uz2g90yakp5Tb5y9UYGyYSslArBSJXvK', NULL, NULL, NULL, NULL, NULL, 'user-270', NULL, NULL, NULL, NULL, 0, NULL, NULL, NULL, NULL, 0, NULL, 0, NULL, 0, NULL, 0, NULL, NULL, 0, 0, 0, NULL, 'images/default/avatar.jpg', NULL, 0, 0, NULL, NULL, 0, 0, 0, 0, 0, NULL, 0, NULL, NULL, NULL, NULL, NULL, NULL, NULL),
(276, 'area', 4, 17, 41, 116, 'Salman sadi', 'user-271@gmail.com', '$2y$10$2nkgX.Wgvs4q3wCgICad/uz2g90yakp5Tb5y9UYGyYSslArBSJXvK', NULL, NULL, NULL, NULL, NULL, 'user-271', NULL, NULL, NULL, NULL, 0, NULL, NULL, NULL, NULL, 0, NULL, 0, NULL, 0, NULL, 0, NULL, NULL, 0, 0, 0, NULL, 'images/default/avatar.jpg', NULL, 0, 0, NULL, NULL, 0, 0, 0, 0, 0, NULL, 0, NULL, NULL, NULL, NULL, NULL, NULL, NULL),
(277, 'area', 4, 17, 41, 116, 'Bidda Mia', 'user-272@gmail.com', '$2y$10$2nkgX.Wgvs4q3wCgICad/uz2g90yakp5Tb5y9UYGyYSslArBSJXvK', NULL, NULL, NULL, NULL, NULL, 'user-272', NULL, NULL, NULL, NULL, 0, NULL, NULL, NULL, NULL, 0, NULL, 0, NULL, 0, NULL, 0, NULL, NULL, 0, 0, 0, NULL, 'images/default/avatar.jpg', NULL, 0, 0, NULL, NULL, 0, 0, 0, 0, 0, NULL, 0, NULL, NULL, NULL, NULL, NULL, NULL, NULL),
(278, 'area', 5, 18, 42, 117, 'Md. Sohel Rana ', 'user-273@gmail.com', '$2y$10$2nkgX.Wgvs4q3wCgICad/uz2g90yakp5Tb5y9UYGyYSslArBSJXvK', NULL, NULL, NULL, NULL, NULL, 'user-273', NULL, NULL, NULL, NULL, 0, NULL, NULL, NULL, NULL, 0, NULL, 0, NULL, 0, NULL, 0, NULL, NULL, 0, 0, 0, NULL, 'images/default/avatar.jpg', NULL, 0, 0, NULL, NULL, 0, 0, 0, 0, 0, NULL, 0, NULL, NULL, NULL, NULL, NULL, NULL, NULL),
(279, 'area', 5, 18, 42, 117, 'Eklas Howlader', 'user-274@gmail.com', '$2y$10$2nkgX.Wgvs4q3wCgICad/uz2g90yakp5Tb5y9UYGyYSslArBSJXvK', NULL, NULL, NULL, NULL, NULL, 'user-274', NULL, NULL, NULL, NULL, 0, NULL, NULL, NULL, NULL, 0, NULL, 0, NULL, 0, NULL, 0, NULL, NULL, 0, 0, 0, NULL, 'images/default/avatar.jpg', NULL, 0, 0, NULL, NULL, 0, 0, 0, 0, 0, NULL, 0, NULL, NULL, NULL, NULL, NULL, NULL, NULL),
(280, 'area', 5, 18, 42, 117, 'Mohammad Mamun ', 'user-275@gmail.com', '$2y$10$2nkgX.Wgvs4q3wCgICad/uz2g90yakp5Tb5y9UYGyYSslArBSJXvK', NULL, NULL, NULL, NULL, NULL, 'user-275', NULL, NULL, NULL, NULL, 0, NULL, NULL, NULL, NULL, 0, NULL, 0, NULL, 0, NULL, 0, NULL, NULL, 0, 0, 0, NULL, 'images/default/avatar.jpg', NULL, 0, 0, NULL, NULL, 0, 0, 0, 0, 0, NULL, 0, NULL, NULL, NULL, NULL, NULL, NULL, NULL),
(281, 'area', 5, 18, 42, 118, 'Syed Sazzadur Rahman ', 'user-276@gmail.com', '$2y$10$2nkgX.Wgvs4q3wCgICad/uz2g90yakp5Tb5y9UYGyYSslArBSJXvK', NULL, NULL, NULL, NULL, NULL, 'user-276', NULL, NULL, NULL, NULL, 0, NULL, NULL, NULL, NULL, 0, NULL, 0, NULL, 0, NULL, 0, NULL, NULL, 0, 0, 0, NULL, 'images/default/avatar.jpg', NULL, 0, 0, NULL, NULL, 0, 0, 0, 0, 0, NULL, 0, NULL, NULL, NULL, NULL, NULL, NULL, NULL),
(282, 'area', 5, 18, 43, 119, 'Md. Asib Hossin ', 'user-277@gmail.com', '$2y$10$2nkgX.Wgvs4q3wCgICad/uz2g90yakp5Tb5y9UYGyYSslArBSJXvK', NULL, NULL, NULL, NULL, NULL, 'user-277', NULL, NULL, NULL, NULL, 0, NULL, NULL, NULL, NULL, 0, NULL, 0, NULL, 0, NULL, 0, NULL, NULL, 0, 0, 0, NULL, 'images/default/avatar.jpg', NULL, 0, 0, NULL, NULL, 0, 0, 0, 0, 0, NULL, 0, NULL, NULL, NULL, NULL, NULL, NULL, NULL),
(283, 'area', 5, 18, 43, 119, 'Bimol Sarkar', 'user-278@gmail.com', '$2y$10$2nkgX.Wgvs4q3wCgICad/uz2g90yakp5Tb5y9UYGyYSslArBSJXvK', NULL, NULL, NULL, NULL, NULL, 'user-278', NULL, NULL, NULL, NULL, 0, NULL, NULL, NULL, NULL, 0, NULL, 0, NULL, 0, NULL, 0, NULL, NULL, 0, 0, 0, NULL, 'images/default/avatar.jpg', NULL, 0, 0, NULL, NULL, 0, 0, 0, 0, 0, NULL, 0, NULL, NULL, NULL, NULL, NULL, NULL, NULL),
(284, 'area', 5, 18, 43, 119, 'MD. Ashraful Islam', 'user-279@gmail.com', '$2y$10$2nkgX.Wgvs4q3wCgICad/uz2g90yakp5Tb5y9UYGyYSslArBSJXvK', NULL, NULL, NULL, NULL, NULL, 'user-279', NULL, NULL, NULL, NULL, 0, NULL, NULL, NULL, NULL, 0, NULL, 0, NULL, 0, NULL, 0, NULL, NULL, 0, 0, 0, NULL, 'images/default/avatar.jpg', NULL, 0, 0, NULL, NULL, 0, 0, 0, 0, 0, NULL, 0, NULL, NULL, NULL, NULL, NULL, NULL, NULL),
(285, 'area', 5, 18, 43, 119, 'Salauddin Sikder', 'user-280@gmail.com', '$2y$10$2nkgX.Wgvs4q3wCgICad/uz2g90yakp5Tb5y9UYGyYSslArBSJXvK', NULL, NULL, NULL, NULL, NULL, 'user-280', NULL, NULL, NULL, NULL, 0, NULL, NULL, NULL, NULL, 0, NULL, 0, NULL, 0, NULL, 0, NULL, NULL, 0, 0, 0, NULL, 'images/default/avatar.jpg', NULL, 0, 0, NULL, NULL, 0, 0, 0, 0, 0, NULL, 0, NULL, NULL, NULL, NULL, NULL, NULL, NULL),
(286, 'area', 5, 18, 43, 119, 'Tariqul Islam', 'user-281@gmail.com', '$2y$10$2nkgX.Wgvs4q3wCgICad/uz2g90yakp5Tb5y9UYGyYSslArBSJXvK', NULL, NULL, NULL, NULL, NULL, 'user-281', NULL, NULL, NULL, NULL, 0, NULL, NULL, NULL, NULL, 0, NULL, 0, NULL, 0, NULL, 0, NULL, NULL, 0, 0, 0, NULL, 'images/default/avatar.jpg', NULL, 0, 0, NULL, NULL, 0, 0, 0, 0, 0, NULL, 0, NULL, NULL, NULL, NULL, NULL, NULL, NULL),
(287, 'area', 5, 18, 43, 119, 'AL-Amin', 'user-282@gmail.com', '$2y$10$2nkgX.Wgvs4q3wCgICad/uz2g90yakp5Tb5y9UYGyYSslArBSJXvK', NULL, NULL, NULL, NULL, NULL, 'user-282', NULL, NULL, NULL, NULL, 0, NULL, NULL, NULL, NULL, 0, NULL, 0, NULL, 0, NULL, 0, NULL, NULL, 0, 0, 0, NULL, 'images/default/avatar.jpg', NULL, 0, 0, NULL, NULL, 0, 0, 0, 0, 0, NULL, 0, NULL, NULL, NULL, NULL, NULL, NULL, NULL),
(288, 'area', 5, 18, 44, 120, 'Md. Nasir uddin', 'user-283@gmail.com', '$2y$10$2nkgX.Wgvs4q3wCgICad/uz2g90yakp5Tb5y9UYGyYSslArBSJXvK', NULL, NULL, NULL, NULL, NULL, 'user-283', NULL, NULL, NULL, NULL, 0, NULL, NULL, NULL, NULL, 0, NULL, 0, NULL, 0, NULL, 0, NULL, NULL, 0, 0, 0, NULL, 'images/default/avatar.jpg', NULL, 0, 0, NULL, NULL, 0, 0, 0, 0, 0, NULL, 0, NULL, NULL, NULL, NULL, NULL, NULL, NULL),
(289, 'area', 5, 18, 44, 120, 'Mokshedul Islam', 'user-284@gmail.com', '$2y$10$2nkgX.Wgvs4q3wCgICad/uz2g90yakp5Tb5y9UYGyYSslArBSJXvK', NULL, NULL, NULL, NULL, NULL, 'user-284', NULL, NULL, NULL, NULL, 0, NULL, NULL, NULL, NULL, 0, NULL, 0, NULL, 0, NULL, 0, NULL, NULL, 0, 0, 0, NULL, 'images/default/avatar.jpg', NULL, 0, 0, NULL, NULL, 0, 0, 0, 0, 0, NULL, 0, NULL, NULL, NULL, NULL, NULL, NULL, NULL),
(290, 'area', 5, 18, 44, 120, 'Md. Ferdous Alam ', 'user-285@gmail.com', '$2y$10$2nkgX.Wgvs4q3wCgICad/uz2g90yakp5Tb5y9UYGyYSslArBSJXvK', NULL, NULL, NULL, NULL, NULL, 'user-285', NULL, NULL, NULL, NULL, 0, NULL, NULL, NULL, NULL, 0, NULL, 0, NULL, 0, NULL, 0, NULL, NULL, 0, 0, 0, NULL, 'images/default/avatar.jpg', NULL, 0, 0, NULL, NULL, 0, 0, 0, 0, 0, NULL, 0, NULL, NULL, NULL, NULL, NULL, NULL, NULL),
(291, 'area', 5, 18, 45, 121, 'Md. Joynal Abedin', 'user-286@gmail.com', '$2y$10$2nkgX.Wgvs4q3wCgICad/uz2g90yakp5Tb5y9UYGyYSslArBSJXvK', NULL, NULL, NULL, NULL, NULL, 'user-286', NULL, NULL, NULL, NULL, 0, NULL, NULL, NULL, NULL, 0, NULL, 0, NULL, 0, NULL, 0, NULL, NULL, 0, 0, 0, NULL, 'images/default/avatar.jpg', NULL, 0, 0, NULL, NULL, 0, 0, 0, 0, 0, NULL, 0, NULL, NULL, NULL, NULL, NULL, NULL, NULL),
(292, 'area', 5, 18, 45, 121, 'Jakir Hossain', 'user-287@gmail.com', '$2y$10$2nkgX.Wgvs4q3wCgICad/uz2g90yakp5Tb5y9UYGyYSslArBSJXvK', NULL, NULL, NULL, NULL, NULL, 'user-287', NULL, NULL, NULL, NULL, 0, NULL, NULL, NULL, NULL, 0, NULL, 0, NULL, 0, NULL, 0, NULL, NULL, 0, 0, 0, NULL, 'images/default/avatar.jpg', NULL, 0, 0, NULL, NULL, 0, 0, 0, 0, 0, NULL, 0, NULL, NULL, NULL, NULL, NULL, NULL, NULL),
(293, 'area', 5, 18, 45, 121, 'Abdus Salam', 'user-288@gmail.com', '$2y$10$2nkgX.Wgvs4q3wCgICad/uz2g90yakp5Tb5y9UYGyYSslArBSJXvK', NULL, NULL, NULL, NULL, NULL, 'user-288', NULL, NULL, NULL, NULL, 0, NULL, NULL, NULL, NULL, 0, NULL, 0, NULL, 0, NULL, 0, NULL, NULL, 0, 0, 0, NULL, 'images/default/avatar.jpg', NULL, 0, 0, NULL, NULL, 0, 0, 0, 0, 0, NULL, 0, NULL, NULL, NULL, NULL, NULL, NULL, NULL),
(294, 'area', 5, 18, 45, 121, 'Minhaz Uddin', 'user-289@gmail.com', '$2y$10$2nkgX.Wgvs4q3wCgICad/uz2g90yakp5Tb5y9UYGyYSslArBSJXvK', NULL, NULL, NULL, NULL, NULL, 'user-289', NULL, NULL, NULL, NULL, 0, NULL, NULL, NULL, NULL, 0, NULL, 0, NULL, 0, NULL, 0, NULL, NULL, 0, 0, 0, NULL, 'images/default/avatar.jpg', NULL, 0, 0, NULL, NULL, 0, 0, 0, 0, 0, NULL, 0, NULL, NULL, NULL, NULL, NULL, NULL, NULL),
(295, 'area', 5, 18, 45, 121, 'Mizanur Rahman', 'user-290@gmail.com', '$2y$10$2nkgX.Wgvs4q3wCgICad/uz2g90yakp5Tb5y9UYGyYSslArBSJXvK', NULL, NULL, NULL, NULL, NULL, 'user-290', NULL, NULL, NULL, NULL, 0, NULL, NULL, NULL, NULL, 0, NULL, 0, NULL, 0, NULL, 0, NULL, NULL, 0, 0, 0, NULL, 'images/default/avatar.jpg', NULL, 0, 0, NULL, NULL, 0, 0, 0, 0, 0, NULL, 0, NULL, NULL, NULL, NULL, NULL, NULL, NULL),
(296, 'area', 5, 19, 46, 122, 'Nazmul Hoque', 'user-291@gmail.com', '$2y$10$2nkgX.Wgvs4q3wCgICad/uz2g90yakp5Tb5y9UYGyYSslArBSJXvK', NULL, NULL, NULL, NULL, NULL, 'user-291', NULL, NULL, NULL, NULL, 0, NULL, NULL, NULL, NULL, 0, NULL, 0, NULL, 0, NULL, 0, NULL, NULL, 0, 0, 0, NULL, 'images/default/avatar.jpg', NULL, 0, 0, NULL, NULL, 0, 0, 0, 0, 0, NULL, 0, NULL, NULL, NULL, NULL, NULL, NULL, NULL),
(297, 'area', 5, 19, 46, 122, 'Md. Sohel Rana ', 'user-292@gmail.com', '$2y$10$2nkgX.Wgvs4q3wCgICad/uz2g90yakp5Tb5y9UYGyYSslArBSJXvK', NULL, NULL, NULL, NULL, NULL, 'user-292', NULL, NULL, NULL, NULL, 0, NULL, NULL, NULL, NULL, 0, NULL, 0, NULL, 0, NULL, 0, NULL, NULL, 0, 0, 0, NULL, 'images/default/avatar.jpg', NULL, 0, 0, NULL, NULL, 0, 0, 0, 0, 0, NULL, 0, NULL, NULL, NULL, NULL, NULL, NULL, NULL),
(298, 'area', 5, 19, 46, 122, 'Md. Moshiur Rahman', 'user-293@gmail.com', '$2y$10$2nkgX.Wgvs4q3wCgICad/uz2g90yakp5Tb5y9UYGyYSslArBSJXvK', NULL, NULL, NULL, NULL, NULL, 'user-293', NULL, NULL, NULL, NULL, 0, NULL, NULL, NULL, NULL, 0, NULL, 0, NULL, 0, NULL, 0, NULL, NULL, 0, 0, 0, NULL, 'images/default/avatar.jpg', NULL, 0, 0, NULL, NULL, 0, 0, 0, 0, 0, NULL, 0, NULL, NULL, NULL, NULL, NULL, NULL, NULL),
(299, 'area', 5, 19, 46, 122, 'Alamgir Kabir', 'user-294@gmail.com', '$2y$10$2nkgX.Wgvs4q3wCgICad/uz2g90yakp5Tb5y9UYGyYSslArBSJXvK', NULL, NULL, NULL, NULL, NULL, 'user-294', NULL, NULL, NULL, NULL, 0, NULL, NULL, NULL, NULL, 0, NULL, 0, NULL, 0, NULL, 0, NULL, NULL, 0, 0, 0, NULL, 'images/default/avatar.jpg', NULL, 0, 0, NULL, NULL, 0, 0, 0, 0, 0, NULL, 0, NULL, NULL, NULL, NULL, NULL, NULL, NULL),
(300, 'area', 5, 19, 47, 123, 'Md. Fazul Haque ', 'user-295@gmail.com', '$2y$10$2nkgX.Wgvs4q3wCgICad/uz2g90yakp5Tb5y9UYGyYSslArBSJXvK', NULL, NULL, NULL, NULL, NULL, 'user-295', NULL, NULL, NULL, NULL, 0, NULL, NULL, NULL, NULL, 0, NULL, 0, NULL, 0, NULL, 0, NULL, NULL, 0, 0, 0, NULL, 'images/default/avatar.jpg', NULL, 0, 0, NULL, NULL, 0, 0, 0, 0, 0, NULL, 0, NULL, NULL, NULL, NULL, NULL, NULL, NULL),
(301, 'area', 5, 19, 47, 123, 'Imran ', 'user-296@gmail.com', '$2y$10$2nkgX.Wgvs4q3wCgICad/uz2g90yakp5Tb5y9UYGyYSslArBSJXvK', NULL, NULL, NULL, NULL, NULL, 'user-296', NULL, NULL, NULL, NULL, 0, NULL, NULL, NULL, NULL, 0, NULL, 0, NULL, 0, NULL, 0, NULL, NULL, 0, 0, 0, NULL, 'images/default/avatar.jpg', NULL, 0, 0, NULL, NULL, 0, 0, 0, 0, 0, NULL, 0, NULL, NULL, NULL, NULL, NULL, NULL, NULL),
(302, 'area', 5, 19, 48, 124, 'Md. Emran Hossain ', 'user-297@gmail.com', '$2y$10$2nkgX.Wgvs4q3wCgICad/uz2g90yakp5Tb5y9UYGyYSslArBSJXvK', NULL, NULL, NULL, NULL, NULL, 'user-297', NULL, NULL, NULL, NULL, 0, NULL, NULL, NULL, NULL, 0, NULL, 0, NULL, 0, NULL, 0, NULL, NULL, 0, 0, 0, NULL, 'images/default/avatar.jpg', NULL, 0, 0, NULL, NULL, 0, 0, 0, 0, 0, NULL, 0, NULL, NULL, NULL, NULL, NULL, NULL, NULL),
(303, 'area', 5, 19, 48, 124, 'Md. Milton Mia', 'user-298@gmail.com', '$2y$10$2nkgX.Wgvs4q3wCgICad/uz2g90yakp5Tb5y9UYGyYSslArBSJXvK', NULL, NULL, NULL, NULL, NULL, 'user-298', NULL, NULL, NULL, NULL, 0, NULL, NULL, NULL, NULL, 0, NULL, 0, NULL, 0, NULL, 0, NULL, NULL, 0, 0, 0, NULL, 'images/default/avatar.jpg', NULL, 0, 0, NULL, NULL, 0, 0, 0, 0, 0, NULL, 0, NULL, NULL, NULL, NULL, NULL, NULL, NULL),
(304, 'area', 5, 19, 48, 124, 'Mustafizur Rahman', 'user-299@gmail.com', '$2y$10$2nkgX.Wgvs4q3wCgICad/uz2g90yakp5Tb5y9UYGyYSslArBSJXvK', NULL, NULL, NULL, NULL, NULL, 'user-299', NULL, NULL, NULL, NULL, 0, NULL, NULL, NULL, NULL, 0, NULL, 0, NULL, 0, NULL, 0, NULL, NULL, 0, 0, 0, NULL, 'images/default/avatar.jpg', NULL, 0, 0, NULL, NULL, 0, 0, 0, 0, 0, NULL, 0, NULL, NULL, NULL, NULL, NULL, NULL, NULL),
(305, 'area', 5, 19, 49, 125, 'Saddam Hossain', 'user-300@gmail.com', '$2y$10$2nkgX.Wgvs4q3wCgICad/uz2g90yakp5Tb5y9UYGyYSslArBSJXvK', NULL, NULL, NULL, NULL, NULL, 'user-300', NULL, NULL, NULL, NULL, 0, NULL, NULL, NULL, NULL, 0, NULL, 0, NULL, 0, NULL, 0, NULL, NULL, 0, 0, 0, NULL, 'images/default/avatar.jpg', NULL, 0, 0, NULL, NULL, 0, 0, 0, 0, 0, NULL, 0, NULL, NULL, NULL, NULL, NULL, NULL, NULL),
(306, 'area', 5, 19, 49, 125, 'Md. Baized Islam', 'user-301@gmail.com', '$2y$10$2nkgX.Wgvs4q3wCgICad/uz2g90yakp5Tb5y9UYGyYSslArBSJXvK', NULL, NULL, NULL, NULL, NULL, 'user-301', NULL, NULL, NULL, NULL, 0, NULL, NULL, NULL, NULL, 0, NULL, 0, NULL, 0, NULL, 0, NULL, NULL, 0, 0, 0, NULL, 'images/default/avatar.jpg', NULL, 0, 0, NULL, NULL, 0, 0, 0, 0, 0, NULL, 0, NULL, NULL, NULL, NULL, NULL, NULL, NULL),
(307, 'area', 5, 19, 49, 125, 'Arman Kazi', 'user-302@gmail.com', '$2y$10$2nkgX.Wgvs4q3wCgICad/uz2g90yakp5Tb5y9UYGyYSslArBSJXvK', NULL, NULL, NULL, NULL, NULL, 'user-302', NULL, NULL, NULL, NULL, 0, NULL, NULL, NULL, NULL, 0, NULL, 0, NULL, 0, NULL, 0, NULL, NULL, 0, 0, 0, NULL, 'images/default/avatar.jpg', NULL, 0, 0, NULL, NULL, 0, 0, 0, 0, 0, NULL, 0, NULL, NULL, NULL, NULL, NULL, NULL, NULL),
(308, 'area', 5, 19, 49, 125, 'Habibur Rahman', 'user-303@gmail.com', '$2y$10$2nkgX.Wgvs4q3wCgICad/uz2g90yakp5Tb5y9UYGyYSslArBSJXvK', NULL, NULL, NULL, NULL, NULL, 'user-303', NULL, NULL, NULL, NULL, 0, NULL, NULL, NULL, NULL, 0, NULL, 0, NULL, 0, NULL, 0, NULL, NULL, 0, 0, 0, NULL, 'images/default/avatar.jpg', NULL, 0, 0, NULL, NULL, 0, 0, 0, 0, 0, NULL, 0, NULL, NULL, NULL, NULL, NULL, NULL, NULL),
(309, 'area', 5, 19, 50, 126, 'Usub Ali', 'user-304@gmail.com', '$2y$10$2nkgX.Wgvs4q3wCgICad/uz2g90yakp5Tb5y9UYGyYSslArBSJXvK', NULL, NULL, NULL, NULL, NULL, 'user-304', NULL, NULL, NULL, NULL, 0, NULL, NULL, NULL, NULL, 0, NULL, 0, NULL, 0, NULL, 0, NULL, NULL, 0, 0, 0, NULL, 'images/default/avatar.jpg', NULL, 0, 0, NULL, NULL, 0, 0, 0, 0, 0, NULL, 0, NULL, NULL, NULL, NULL, NULL, NULL, NULL),
(310, 'area', 5, 19, 50, 126, 'Kamruzzaman', 'user-305@gmail.com', '$2y$10$2nkgX.Wgvs4q3wCgICad/uz2g90yakp5Tb5y9UYGyYSslArBSJXvK', NULL, NULL, NULL, NULL, NULL, 'user-305', NULL, NULL, NULL, NULL, 0, NULL, NULL, NULL, NULL, 0, NULL, 0, NULL, 0, NULL, 0, NULL, NULL, 0, 0, 0, NULL, 'images/default/avatar.jpg', NULL, 0, 0, NULL, NULL, 0, 0, 0, 0, 0, NULL, 0, NULL, NULL, NULL, NULL, NULL, NULL, NULL),
(311, 'area', 5, 19, 50, 126, 'Rafiqul Islam', 'user-306@gmail.com', '$2y$10$2nkgX.Wgvs4q3wCgICad/uz2g90yakp5Tb5y9UYGyYSslArBSJXvK', NULL, NULL, NULL, NULL, NULL, 'user-306', NULL, NULL, NULL, NULL, 0, NULL, NULL, NULL, NULL, 0, NULL, 0, NULL, 0, NULL, 0, NULL, NULL, 0, 0, 0, NULL, 'images/default/avatar.jpg', NULL, 0, 0, NULL, NULL, 0, 0, 0, 0, 0, NULL, 0, NULL, NULL, NULL, NULL, NULL, NULL, NULL),
(312, 'area', 5, 19, 51, 127, 'Sadakatul Bari', 'user-307@gmail.com', '$2y$10$2nkgX.Wgvs4q3wCgICad/uz2g90yakp5Tb5y9UYGyYSslArBSJXvK', NULL, NULL, NULL, NULL, NULL, 'user-307', NULL, NULL, NULL, NULL, 0, NULL, NULL, NULL, NULL, 0, NULL, 0, NULL, 0, NULL, 0, NULL, NULL, 0, 0, 0, NULL, 'images/default/avatar.jpg', NULL, 0, 0, NULL, NULL, 0, 0, 0, 0, 0, NULL, 0, NULL, NULL, NULL, NULL, NULL, NULL, NULL),
(313, 'area', 5, 19, 51, 127, 'Tuhin Mia', 'user-308@gmail.com', '$2y$10$2nkgX.Wgvs4q3wCgICad/uz2g90yakp5Tb5y9UYGyYSslArBSJXvK', NULL, NULL, NULL, NULL, NULL, 'user-308', NULL, NULL, NULL, NULL, 0, NULL, NULL, NULL, NULL, 0, NULL, 0, NULL, 0, NULL, 0, NULL, NULL, 0, 0, 0, NULL, 'images/default/avatar.jpg', NULL, 0, 0, NULL, NULL, 0, 0, 0, 0, 0, NULL, 0, NULL, NULL, NULL, NULL, NULL, NULL, NULL),
(314, 'area', 5, 19, 51, 127, 'Minarul Islam', 'user-309@gmail.com', '$2y$10$2nkgX.Wgvs4q3wCgICad/uz2g90yakp5Tb5y9UYGyYSslArBSJXvK', NULL, NULL, NULL, NULL, NULL, 'user-309', NULL, NULL, NULL, NULL, 0, NULL, NULL, NULL, NULL, 0, NULL, 0, NULL, 0, NULL, 0, NULL, NULL, 0, 0, 0, NULL, 'images/default/avatar.jpg', NULL, 0, 0, NULL, NULL, 0, 0, 0, 0, 0, NULL, 0, NULL, NULL, NULL, NULL, NULL, NULL, NULL),
(315, 'area', 5, 19, 51, 128, 'Zillur Rahman', 'user-310@gmail.com', '$2y$10$2nkgX.Wgvs4q3wCgICad/uz2g90yakp5Tb5y9UYGyYSslArBSJXvK', NULL, NULL, NULL, NULL, NULL, 'user-310', NULL, NULL, NULL, NULL, 0, NULL, NULL, NULL, NULL, 0, NULL, 0, NULL, 0, NULL, 0, NULL, NULL, 0, 0, 0, NULL, 'images/default/avatar.jpg', NULL, 0, 0, NULL, NULL, 0, 0, 0, 0, 0, NULL, 0, NULL, NULL, NULL, NULL, NULL, NULL, NULL),
(316, 'area', 5, 19, 51, 128, 'Md.Maidul Islam', 'user-311@gmail.com', '$2y$10$2nkgX.Wgvs4q3wCgICad/uz2g90yakp5Tb5y9UYGyYSslArBSJXvK', NULL, NULL, NULL, NULL, NULL, 'user-311', NULL, NULL, NULL, NULL, 0, NULL, NULL, NULL, NULL, 0, NULL, 0, NULL, 0, NULL, 0, NULL, NULL, 0, 0, 0, NULL, 'images/default/avatar.jpg', NULL, 0, 0, NULL, NULL, 0, 0, 0, 0, 0, NULL, 0, NULL, NULL, NULL, NULL, NULL, NULL, NULL),
(317, 'area', 5, 20, 52, 129, 'Ronojit Billua ', 'user-312@gmail.com', '$2y$10$2nkgX.Wgvs4q3wCgICad/uz2g90yakp5Tb5y9UYGyYSslArBSJXvK', NULL, NULL, NULL, NULL, NULL, 'user-312', NULL, NULL, NULL, NULL, 0, NULL, NULL, NULL, NULL, 0, NULL, 0, NULL, 0, NULL, 0, NULL, NULL, 0, 0, 0, NULL, 'images/default/avatar.jpg', NULL, 0, 0, NULL, NULL, 0, 0, 0, 0, 0, NULL, 0, NULL, NULL, NULL, NULL, NULL, NULL, NULL),
(318, 'area', 5, 20, 52, 129, 'Md. Anwar Hossain Liton', 'user-313@gmail.com', '$2y$10$2nkgX.Wgvs4q3wCgICad/uz2g90yakp5Tb5y9UYGyYSslArBSJXvK', NULL, NULL, NULL, NULL, NULL, 'user-313', NULL, NULL, NULL, NULL, 0, NULL, NULL, NULL, NULL, 0, NULL, 0, NULL, 0, NULL, 0, NULL, NULL, 0, 0, 0, NULL, 'images/default/avatar.jpg', NULL, 0, 0, NULL, NULL, 0, 0, 0, 0, 0, NULL, 0, NULL, NULL, NULL, NULL, NULL, NULL, NULL),
(319, 'area', 5, 20, 52, 129, 'Uzzal Chakraborty', 'user-314@gmail.com', '$2y$10$2nkgX.Wgvs4q3wCgICad/uz2g90yakp5Tb5y9UYGyYSslArBSJXvK', NULL, NULL, NULL, NULL, NULL, 'user-314', NULL, NULL, NULL, NULL, 0, NULL, NULL, NULL, NULL, 0, NULL, 0, NULL, 0, NULL, 0, NULL, NULL, 0, 0, 0, NULL, 'images/default/avatar.jpg', NULL, 0, 0, NULL, NULL, 0, 0, 0, 0, 0, NULL, 0, NULL, NULL, NULL, NULL, NULL, NULL, NULL),
(320, 'area', 5, 20, 52, 129, 'Md. Shahin Miah', 'user-315@gmail.com', '$2y$10$2nkgX.Wgvs4q3wCgICad/uz2g90yakp5Tb5y9UYGyYSslArBSJXvK', NULL, NULL, NULL, NULL, NULL, 'user-315', NULL, NULL, NULL, NULL, 0, NULL, NULL, NULL, NULL, 0, NULL, 0, NULL, 0, NULL, 0, NULL, NULL, 0, 0, 0, NULL, 'images/default/avatar.jpg', NULL, 0, 0, NULL, NULL, 0, 0, 0, 0, 0, NULL, 0, NULL, NULL, NULL, NULL, NULL, NULL, NULL),
(321, 'area', 5, 20, 52, 129, 'Dulal Ahmed', 'user-316@gmail.com', '$2y$10$2nkgX.Wgvs4q3wCgICad/uz2g90yakp5Tb5y9UYGyYSslArBSJXvK', NULL, NULL, NULL, NULL, NULL, 'user-316', NULL, NULL, NULL, NULL, 0, NULL, NULL, NULL, NULL, 0, NULL, 0, NULL, 0, NULL, 0, NULL, NULL, 0, 0, 0, NULL, 'images/default/avatar.jpg', NULL, 0, 0, NULL, NULL, 0, 0, 0, 0, 0, NULL, 0, NULL, NULL, NULL, NULL, NULL, NULL, NULL),
(322, 'area', 5, 20, 52, 129, 'Mahtab Hossain', 'user-317@gmail.com', '$2y$10$2nkgX.Wgvs4q3wCgICad/uz2g90yakp5Tb5y9UYGyYSslArBSJXvK', NULL, NULL, NULL, NULL, NULL, 'user-317', NULL, NULL, NULL, NULL, 0, NULL, NULL, NULL, NULL, 0, NULL, 0, NULL, 0, NULL, 0, NULL, NULL, 0, 0, 0, NULL, 'images/default/avatar.jpg', NULL, 0, 0, NULL, NULL, 0, 0, 0, 0, 0, NULL, 0, NULL, NULL, NULL, NULL, NULL, NULL, NULL),
(323, 'area', 5, 20, 53, 130, 'Md. Imran Khan', 'user-318@gmail.com', '$2y$10$2nkgX.Wgvs4q3wCgICad/uz2g90yakp5Tb5y9UYGyYSslArBSJXvK', NULL, NULL, NULL, NULL, NULL, 'user-318', NULL, NULL, NULL, NULL, 0, NULL, NULL, NULL, NULL, 0, NULL, 0, NULL, 0, NULL, 0, NULL, NULL, 0, 0, 0, NULL, 'images/default/avatar.jpg', NULL, 0, 0, NULL, NULL, 0, 0, 0, 0, 0, NULL, 0, NULL, NULL, NULL, NULL, NULL, NULL, NULL),
(324, 'area', 5, 20, 53, 130, 'Rubel Miah', 'user-319@gmail.com', '$2y$10$2nkgX.Wgvs4q3wCgICad/uz2g90yakp5Tb5y9UYGyYSslArBSJXvK', NULL, NULL, NULL, NULL, NULL, 'user-319', NULL, NULL, NULL, NULL, 0, NULL, NULL, NULL, NULL, 0, NULL, 0, NULL, 0, NULL, 0, NULL, NULL, 0, 0, 0, NULL, 'images/default/avatar.jpg', NULL, 0, 0, NULL, NULL, 0, 0, 0, 0, 0, NULL, 0, NULL, NULL, NULL, NULL, NULL, NULL, NULL),
(325, 'area', 5, 20, 53, 131, 'Md Saifur Rahman', 'user-320@gmail.com', '$2y$10$2nkgX.Wgvs4q3wCgICad/uz2g90yakp5Tb5y9UYGyYSslArBSJXvK', NULL, NULL, NULL, NULL, NULL, 'user-320', NULL, NULL, NULL, NULL, 0, NULL, NULL, NULL, NULL, 0, NULL, 0, NULL, 0, NULL, 0, NULL, NULL, 0, 0, 0, NULL, 'images/default/avatar.jpg', NULL, 0, 0, NULL, NULL, 0, 0, 0, 0, 0, NULL, 0, NULL, NULL, NULL, NULL, NULL, NULL, NULL),
(326, 'area', 5, 20, 53, 131, 'Osman Miah', 'user-321@gmail.com', '$2y$10$2nkgX.Wgvs4q3wCgICad/uz2g90yakp5Tb5y9UYGyYSslArBSJXvK', NULL, NULL, NULL, NULL, NULL, 'user-321', NULL, NULL, NULL, NULL, 0, NULL, NULL, NULL, NULL, 0, NULL, 0, NULL, 0, NULL, 0, NULL, NULL, 0, 0, 0, NULL, 'images/default/avatar.jpg', NULL, 0, 0, NULL, NULL, 0, 0, 0, 0, 0, NULL, 0, NULL, NULL, NULL, NULL, NULL, NULL, NULL),
(327, 'area', 5, 20, 54, 132, 'Md. Rakibul Islam ', 'user-322@gmail.com', '$2y$10$2nkgX.Wgvs4q3wCgICad/uz2g90yakp5Tb5y9UYGyYSslArBSJXvK', NULL, NULL, NULL, NULL, NULL, 'user-322', NULL, NULL, NULL, NULL, 0, NULL, NULL, NULL, NULL, 0, NULL, 0, NULL, 0, NULL, 0, NULL, NULL, 0, 0, 0, NULL, 'images/default/avatar.jpg', NULL, 0, 0, NULL, NULL, 0, 0, 0, 0, 0, NULL, 0, NULL, NULL, NULL, NULL, NULL, NULL, NULL),
(328, 'area', 5, 20, 54, 132, 'Mehedi Hassan', 'user-323@gmail.com', '$2y$10$2nkgX.Wgvs4q3wCgICad/uz2g90yakp5Tb5y9UYGyYSslArBSJXvK', NULL, NULL, NULL, NULL, NULL, 'user-323', NULL, NULL, NULL, NULL, 0, NULL, NULL, NULL, NULL, 0, NULL, 0, NULL, 0, NULL, 0, NULL, NULL, 0, 0, 0, NULL, 'images/default/avatar.jpg', NULL, 0, 0, NULL, NULL, 0, 0, 0, 0, 0, NULL, 0, NULL, NULL, NULL, NULL, NULL, NULL, NULL),
(329, 'area', 5, 20, 54, 132, 'Aminul Islam( 1 )', 'user-324@gmail.com', '$2y$10$2nkgX.Wgvs4q3wCgICad/uz2g90yakp5Tb5y9UYGyYSslArBSJXvK', NULL, NULL, NULL, NULL, NULL, 'user-324', NULL, NULL, NULL, NULL, 0, NULL, NULL, NULL, NULL, 0, NULL, 0, NULL, 0, NULL, 0, NULL, NULL, 0, 0, 0, NULL, 'images/default/avatar.jpg', NULL, 0, 0, NULL, NULL, 0, 0, 0, 0, 0, NULL, 0, NULL, NULL, NULL, NULL, NULL, NULL, NULL),
(330, 'area', 5, 20, 54, 132, 'Aminul Islam( 2 )', 'user-325@gmail.com', '$2y$10$2nkgX.Wgvs4q3wCgICad/uz2g90yakp5Tb5y9UYGyYSslArBSJXvK', NULL, NULL, NULL, NULL, NULL, 'user-325', NULL, NULL, NULL, NULL, 0, NULL, NULL, NULL, NULL, 0, NULL, 0, NULL, 0, NULL, 0, NULL, NULL, 0, 0, 0, NULL, 'images/default/avatar.jpg', NULL, 0, 0, NULL, NULL, 0, 0, 0, 0, 0, NULL, 0, NULL, NULL, NULL, NULL, NULL, NULL, NULL),
(331, 'area', 5, 20, 54, 132, 'Md. Jamal ', 'user-326@gmail.com', '$2y$10$2nkgX.Wgvs4q3wCgICad/uz2g90yakp5Tb5y9UYGyYSslArBSJXvK', NULL, NULL, NULL, NULL, NULL, 'user-326', NULL, NULL, NULL, NULL, 0, NULL, NULL, NULL, NULL, 0, NULL, 0, NULL, 0, NULL, 0, NULL, NULL, 0, 0, 0, NULL, 'images/default/avatar.jpg', NULL, 0, 0, NULL, NULL, 0, 0, 0, 0, 0, NULL, 0, NULL, NULL, NULL, NULL, NULL, NULL, NULL),
(332, 'area', 5, 20, 54, 133, 'Md. Jamal Howlader ', 'user-327@gmail.com', '$2y$10$2nkgX.Wgvs4q3wCgICad/uz2g90yakp5Tb5y9UYGyYSslArBSJXvK', NULL, NULL, NULL, NULL, NULL, 'user-327', NULL, NULL, NULL, NULL, 0, NULL, NULL, NULL, NULL, 0, NULL, 0, NULL, 0, NULL, 0, NULL, NULL, 0, 0, 0, NULL, 'images/default/avatar.jpg', NULL, 0, 0, NULL, NULL, 0, 0, 0, 0, 0, NULL, 0, NULL, NULL, NULL, NULL, NULL, NULL, NULL),
(333, 'area', 5, 20, 54, 133, 'Ayub Ali Akando', 'user-328@gmail.com', '$2y$10$2nkgX.Wgvs4q3wCgICad/uz2g90yakp5Tb5y9UYGyYSslArBSJXvK', NULL, NULL, NULL, NULL, NULL, 'user-328', NULL, NULL, NULL, NULL, 0, NULL, NULL, NULL, NULL, 0, NULL, 0, NULL, 0, NULL, 0, NULL, NULL, 0, 0, 0, NULL, 'images/default/avatar.jpg', NULL, 0, 0, NULL, NULL, 0, 0, 0, 0, 0, NULL, 0, NULL, NULL, NULL, NULL, NULL, NULL, NULL),
(334, 'area', 5, 20, 54, 133, 'Shahjahan Miah', 'user-329@gmail.com', '$2y$10$2nkgX.Wgvs4q3wCgICad/uz2g90yakp5Tb5y9UYGyYSslArBSJXvK', NULL, NULL, NULL, NULL, NULL, 'user-329', NULL, NULL, NULL, NULL, 0, NULL, NULL, NULL, NULL, 0, NULL, 0, NULL, 0, NULL, 0, NULL, NULL, 0, 0, 0, NULL, 'images/default/avatar.jpg', NULL, 0, 0, NULL, NULL, 0, 0, 0, 0, 0, NULL, 0, NULL, NULL, NULL, NULL, NULL, NULL, NULL),
(335, 'area', 5, 21, 55, 134, 'Md.Jony Islam', 'user-330@gmail.com', '$2y$10$2nkgX.Wgvs4q3wCgICad/uz2g90yakp5Tb5y9UYGyYSslArBSJXvK', NULL, NULL, NULL, NULL, NULL, 'user-330', NULL, NULL, NULL, NULL, 0, NULL, NULL, NULL, NULL, 0, NULL, 0, NULL, 0, NULL, 0, NULL, NULL, 0, 0, 0, NULL, 'images/default/avatar.jpg', NULL, 0, 0, NULL, NULL, 0, 0, 0, 0, 0, NULL, 0, NULL, NULL, NULL, NULL, NULL, NULL, NULL),
(336, 'area', 5, 21, 55, 134, 'Mizanur Rahman', 'user-331@gmail.com', '$2y$10$2nkgX.Wgvs4q3wCgICad/uz2g90yakp5Tb5y9UYGyYSslArBSJXvK', NULL, NULL, NULL, NULL, NULL, 'user-331', NULL, NULL, NULL, NULL, 0, NULL, NULL, NULL, NULL, 0, NULL, 0, NULL, 0, NULL, 0, NULL, NULL, 0, 0, 0, NULL, 'images/default/avatar.jpg', NULL, 0, 0, NULL, NULL, 0, 0, 0, 0, 0, NULL, 0, NULL, NULL, NULL, NULL, NULL, NULL, NULL),
(337, 'area', 5, 21, 55, 134, 'Md. Bulbul', 'user-332@gmail.com', '$2y$10$2nkgX.Wgvs4q3wCgICad/uz2g90yakp5Tb5y9UYGyYSslArBSJXvK', NULL, NULL, NULL, NULL, NULL, 'user-332', NULL, NULL, NULL, NULL, 0, NULL, NULL, NULL, NULL, 0, NULL, 0, NULL, 0, NULL, 0, NULL, NULL, 0, 0, 0, NULL, 'images/default/avatar.jpg', NULL, 0, 0, NULL, NULL, 0, 0, 0, 0, 0, NULL, 0, NULL, NULL, NULL, NULL, NULL, NULL, NULL),
(338, 'area', 5, 21, 55, 134, 'Abu Bakkar Siddique', 'user-333@gmail.com', '$2y$10$2nkgX.Wgvs4q3wCgICad/uz2g90yakp5Tb5y9UYGyYSslArBSJXvK', NULL, NULL, NULL, NULL, NULL, 'user-333', NULL, NULL, NULL, NULL, 0, NULL, NULL, NULL, NULL, 0, NULL, 0, NULL, 0, NULL, 0, NULL, NULL, 0, 0, 0, NULL, 'images/default/avatar.jpg', NULL, 0, 0, NULL, NULL, 0, 0, 0, 0, 0, NULL, 0, NULL, NULL, NULL, NULL, NULL, NULL, NULL),
(339, 'area', 5, 21, 55, 135, 'Abu Bakkar Siddik', 'user-334@gmail.com', '$2y$10$2nkgX.Wgvs4q3wCgICad/uz2g90yakp5Tb5y9UYGyYSslArBSJXvK', NULL, NULL, NULL, NULL, NULL, 'user-334', NULL, NULL, NULL, NULL, 0, NULL, NULL, NULL, NULL, 0, NULL, 0, NULL, 0, NULL, 0, NULL, NULL, 0, 0, 0, NULL, 'images/default/avatar.jpg', NULL, 0, 0, NULL, NULL, 0, 0, 0, 0, 0, NULL, 0, NULL, NULL, NULL, NULL, NULL, NULL, NULL),
(340, 'area', 5, 21, 55, 135, 'Md. Nadim', 'user-335@gmail.com', '$2y$10$2nkgX.Wgvs4q3wCgICad/uz2g90yakp5Tb5y9UYGyYSslArBSJXvK', NULL, NULL, NULL, NULL, NULL, 'user-335', NULL, NULL, NULL, NULL, 0, NULL, NULL, NULL, NULL, 0, NULL, 0, NULL, 0, NULL, 0, NULL, NULL, 0, 0, 0, NULL, 'images/default/avatar.jpg', NULL, 0, 0, NULL, NULL, 0, 0, 0, 0, 0, NULL, 0, NULL, NULL, NULL, NULL, NULL, NULL, NULL),
(341, 'area', 5, 21, 55, 135, 'Kamruzzaman', 'user-336@gmail.com', '$2y$10$2nkgX.Wgvs4q3wCgICad/uz2g90yakp5Tb5y9UYGyYSslArBSJXvK', NULL, NULL, NULL, NULL, NULL, 'user-336', NULL, NULL, NULL, NULL, 0, NULL, NULL, NULL, NULL, 0, NULL, 0, NULL, 0, NULL, 0, NULL, NULL, 0, 0, 0, NULL, 'images/default/avatar.jpg', NULL, 0, 0, NULL, NULL, 0, 0, 0, 0, 0, NULL, 0, NULL, NULL, NULL, NULL, NULL, NULL, NULL),
(342, 'area', 5, 21, 55, 135, 'Ruhul Amin', 'user-337@gmail.com', '$2y$10$2nkgX.Wgvs4q3wCgICad/uz2g90yakp5Tb5y9UYGyYSslArBSJXvK', NULL, NULL, NULL, NULL, NULL, 'user-337', NULL, NULL, NULL, NULL, 0, NULL, NULL, NULL, NULL, 0, NULL, 0, NULL, 0, NULL, 0, NULL, NULL, 0, 0, 0, NULL, 'images/default/avatar.jpg', NULL, 0, 0, NULL, NULL, 0, 0, 0, 0, 0, NULL, 0, NULL, NULL, NULL, NULL, NULL, NULL, NULL),
(343, 'area', 5, 21, 56, 136, 'Md. Ismail Hossain', 'user-338@gmail.com', '$2y$10$2nkgX.Wgvs4q3wCgICad/uz2g90yakp5Tb5y9UYGyYSslArBSJXvK', NULL, NULL, NULL, NULL, NULL, 'user-338', NULL, NULL, NULL, NULL, 0, NULL, NULL, NULL, NULL, 0, NULL, 0, NULL, 0, NULL, 0, NULL, NULL, 0, 0, 0, NULL, 'images/default/avatar.jpg', NULL, 0, 0, NULL, NULL, 0, 0, 0, 0, 0, NULL, 0, NULL, NULL, NULL, NULL, NULL, NULL, NULL),
(344, 'area', 5, 21, 56, 136, 'Md.Mosharaf ', 'user-339@gmail.com', '$2y$10$2nkgX.Wgvs4q3wCgICad/uz2g90yakp5Tb5y9UYGyYSslArBSJXvK', NULL, NULL, NULL, NULL, NULL, 'user-339', NULL, NULL, NULL, NULL, 0, NULL, NULL, NULL, NULL, 0, NULL, 0, NULL, 0, NULL, 0, NULL, NULL, 0, 0, 0, NULL, 'images/default/avatar.jpg', NULL, 0, 0, NULL, NULL, 0, 0, 0, 0, 0, NULL, 0, NULL, NULL, NULL, NULL, NULL, NULL, NULL),
(345, 'area', 5, 21, 56, 136, 'Md.Nahid Hasan', 'user-340@gmail.com', '$2y$10$2nkgX.Wgvs4q3wCgICad/uz2g90yakp5Tb5y9UYGyYSslArBSJXvK', NULL, NULL, NULL, NULL, NULL, 'user-340', NULL, NULL, NULL, NULL, 0, NULL, NULL, NULL, NULL, 0, NULL, 0, NULL, 0, NULL, 0, NULL, NULL, 0, 0, 0, NULL, 'images/default/avatar.jpg', NULL, 0, 0, NULL, NULL, 0, 0, 0, 0, 0, NULL, 0, NULL, NULL, NULL, NULL, NULL, NULL, NULL),
(346, 'area', 5, 21, 56, 137, 'Azizul Haque', 'user-341@gmail.com', '$2y$10$2nkgX.Wgvs4q3wCgICad/uz2g90yakp5Tb5y9UYGyYSslArBSJXvK', NULL, NULL, NULL, NULL, NULL, 'user-341', NULL, NULL, NULL, NULL, 0, NULL, NULL, NULL, NULL, 0, NULL, 0, NULL, 0, NULL, 0, NULL, NULL, 0, 0, 0, NULL, 'images/default/avatar.jpg', NULL, 0, 0, NULL, NULL, 0, 0, 0, 0, 0, NULL, 0, NULL, NULL, NULL, NULL, NULL, NULL, NULL),
(347, 'area', 5, 21, 56, 137, 'Md. Abdul Hadi', 'user-342@gmail.com', '$2y$10$2nkgX.Wgvs4q3wCgICad/uz2g90yakp5Tb5y9UYGyYSslArBSJXvK', NULL, NULL, NULL, NULL, NULL, 'user-342', NULL, NULL, NULL, NULL, 0, NULL, NULL, NULL, NULL, 0, NULL, 0, NULL, 0, NULL, 0, NULL, NULL, 0, 0, 0, NULL, 'images/default/avatar.jpg', NULL, 0, 0, NULL, NULL, 0, 0, 0, 0, 0, NULL, 0, NULL, NULL, NULL, NULL, NULL, NULL, NULL),
(348, 'area', 5, 21, 56, 137, 'Md. Sakhawat Hossain', 'user-343@gmail.com', '$2y$10$2nkgX.Wgvs4q3wCgICad/uz2g90yakp5Tb5y9UYGyYSslArBSJXvK', NULL, NULL, NULL, NULL, NULL, 'user-343', NULL, NULL, NULL, NULL, 0, NULL, NULL, NULL, NULL, 0, NULL, 0, NULL, 0, NULL, 0, NULL, NULL, 0, 0, 0, NULL, 'images/default/avatar.jpg', NULL, 0, 0, NULL, NULL, 0, 0, 0, 0, 0, NULL, 0, NULL, NULL, NULL, NULL, NULL, NULL, NULL),
(349, 'area', 5, 21, 56, 137, 'Abdul Mannan', 'user-344@gmail.com', '$2y$10$2nkgX.Wgvs4q3wCgICad/uz2g90yakp5Tb5y9UYGyYSslArBSJXvK', NULL, NULL, NULL, NULL, NULL, 'user-344', NULL, NULL, NULL, NULL, 0, NULL, NULL, NULL, NULL, 0, NULL, 0, NULL, 0, NULL, 0, NULL, NULL, 0, 0, 0, NULL, 'images/default/avatar.jpg', NULL, 0, 0, NULL, NULL, 0, 0, 0, 0, 0, NULL, 0, NULL, NULL, NULL, NULL, NULL, NULL, NULL),
(350, 'area', 5, 21, 57, 138, 'Asraful Alam', 'user-345@gmail.com', '$2y$10$2nkgX.Wgvs4q3wCgICad/uz2g90yakp5Tb5y9UYGyYSslArBSJXvK', NULL, NULL, NULL, NULL, NULL, 'user-345', NULL, NULL, NULL, NULL, 0, NULL, NULL, NULL, NULL, 0, NULL, 0, NULL, 0, NULL, 0, NULL, NULL, 0, 0, 0, NULL, 'images/default/avatar.jpg', NULL, 0, 0, NULL, NULL, 0, 0, 0, 0, 0, NULL, 0, NULL, NULL, NULL, NULL, NULL, NULL, NULL),
(351, 'area', 5, 21, 57, 138, 'Md.Abdur Razzak', 'user-346@gmail.com', '$2y$10$2nkgX.Wgvs4q3wCgICad/uz2g90yakp5Tb5y9UYGyYSslArBSJXvK', NULL, NULL, NULL, NULL, NULL, 'user-346', NULL, NULL, NULL, NULL, 0, NULL, NULL, NULL, NULL, 0, NULL, 0, NULL, 0, NULL, 0, NULL, NULL, 0, 0, 0, NULL, 'images/default/avatar.jpg', NULL, 0, 0, NULL, NULL, 0, 0, 0, 0, 0, NULL, 0, NULL, NULL, NULL, NULL, NULL, NULL, NULL),
(352, 'area', 5, 21, 57, 138, 'Abdul Kader Zilani', 'user-347@gmail.com', '$2y$10$2nkgX.Wgvs4q3wCgICad/uz2g90yakp5Tb5y9UYGyYSslArBSJXvK', NULL, NULL, NULL, NULL, NULL, 'user-347', NULL, NULL, NULL, NULL, 0, NULL, NULL, NULL, NULL, 0, NULL, 0, NULL, 0, NULL, 0, NULL, NULL, 0, 0, 0, NULL, 'images/default/avatar.jpg', NULL, 0, 0, NULL, NULL, 0, 0, 0, 0, 0, NULL, 0, NULL, NULL, NULL, NULL, NULL, NULL, NULL),
(353, 'area', 5, 21, 57, 138, 'Md. Arif Mollik', 'user-348@gmail.com', '$2y$10$2nkgX.Wgvs4q3wCgICad/uz2g90yakp5Tb5y9UYGyYSslArBSJXvK', NULL, NULL, NULL, NULL, NULL, 'user-348', NULL, NULL, NULL, NULL, 0, NULL, NULL, NULL, NULL, 0, NULL, 0, NULL, 0, NULL, 0, NULL, NULL, 0, 0, 0, NULL, 'images/default/avatar.jpg', NULL, 0, 0, NULL, NULL, 0, 0, 0, 0, 0, NULL, 0, NULL, NULL, NULL, NULL, NULL, NULL, NULL),
(354, 'area', 5, 21, 57, 139, 'Ziaur Rahman', 'user-349@gmail.com', '$2y$10$2nkgX.Wgvs4q3wCgICad/uz2g90yakp5Tb5y9UYGyYSslArBSJXvK', NULL, NULL, NULL, NULL, NULL, 'user-349', NULL, NULL, NULL, NULL, 0, NULL, NULL, NULL, NULL, 0, NULL, 0, NULL, 0, NULL, 0, NULL, NULL, 0, 0, 0, NULL, 'images/default/avatar.jpg', NULL, 0, 0, NULL, NULL, 0, 0, 0, 0, 0, NULL, 0, NULL, NULL, NULL, NULL, NULL, NULL, NULL),
(355, 'area', 5, 21, 57, 139, 'Md. Mamun Sheikh', 'user-350@gmail.com', '$2y$10$2nkgX.Wgvs4q3wCgICad/uz2g90yakp5Tb5y9UYGyYSslArBSJXvK', NULL, NULL, NULL, NULL, NULL, 'user-350', NULL, NULL, NULL, NULL, 0, NULL, NULL, NULL, NULL, 0, NULL, 0, NULL, 0, NULL, 0, NULL, NULL, 0, 0, 0, NULL, 'images/default/avatar.jpg', NULL, 0, 0, NULL, NULL, 0, 0, 0, 0, 0, NULL, 0, NULL, NULL, NULL, NULL, NULL, NULL, NULL),
(356, 'area', 6, 22, 58, 140, 'Md. Shohag Mia', 'user-351@gmail.com', '$2y$10$2nkgX.Wgvs4q3wCgICad/uz2g90yakp5Tb5y9UYGyYSslArBSJXvK', NULL, NULL, NULL, NULL, NULL, 'user-351', NULL, NULL, NULL, NULL, 0, NULL, NULL, NULL, NULL, 0, NULL, 0, NULL, 0, NULL, 0, NULL, NULL, 0, 0, 0, NULL, 'images/default/avatar.jpg', NULL, 0, 0, NULL, NULL, 0, 0, 0, 0, 0, NULL, 0, NULL, NULL, NULL, NULL, NULL, NULL, NULL),
(357, 'area', 6, 22, 58, 140, 'Md. Mostak Ahmed', 'user-352@gmail.com', '$2y$10$2nkgX.Wgvs4q3wCgICad/uz2g90yakp5Tb5y9UYGyYSslArBSJXvK', NULL, NULL, NULL, NULL, NULL, 'user-352', NULL, NULL, NULL, NULL, 0, NULL, NULL, NULL, NULL, 0, NULL, 0, NULL, 0, NULL, 0, NULL, NULL, 0, 0, 0, NULL, 'images/default/avatar.jpg', NULL, 0, 0, NULL, NULL, 0, 0, 0, 0, 0, NULL, 0, NULL, NULL, NULL, NULL, NULL, NULL, NULL),
(358, 'area', 6, 22, 58, 140, 'Nazmul Hasan Palash', 'user-353@gmail.com', '$2y$10$2nkgX.Wgvs4q3wCgICad/uz2g90yakp5Tb5y9UYGyYSslArBSJXvK', NULL, NULL, NULL, NULL, NULL, 'user-353', NULL, NULL, NULL, NULL, 0, NULL, NULL, NULL, NULL, 0, NULL, 0, NULL, 0, NULL, 0, NULL, NULL, 0, 0, 0, NULL, 'images/default/avatar.jpg', NULL, 0, 0, NULL, NULL, 0, 0, 0, 0, 0, NULL, 0, NULL, NULL, NULL, NULL, NULL, NULL, NULL),
(359, 'area', 6, 22, 58, 140, 'Md. Istakul Islam', 'user-354@gmail.com', '$2y$10$2nkgX.Wgvs4q3wCgICad/uz2g90yakp5Tb5y9UYGyYSslArBSJXvK', NULL, NULL, NULL, NULL, NULL, 'user-354', NULL, NULL, NULL, NULL, 0, NULL, NULL, NULL, NULL, 0, NULL, 0, NULL, 0, NULL, 0, NULL, NULL, 0, 0, 0, NULL, 'images/default/avatar.jpg', NULL, 0, 0, NULL, NULL, 0, 0, 0, 0, 0, NULL, 0, NULL, NULL, NULL, NULL, NULL, NULL, NULL),
(360, 'area', 6, 22, 58, 140, ' Imdad Chowdhury', 'user-355@gmail.com', '$2y$10$2nkgX.Wgvs4q3wCgICad/uz2g90yakp5Tb5y9UYGyYSslArBSJXvK', NULL, NULL, NULL, NULL, NULL, 'user-355', NULL, NULL, NULL, NULL, 0, NULL, NULL, NULL, NULL, 0, NULL, 0, NULL, 0, NULL, 0, NULL, NULL, 0, 0, 0, NULL, 'images/default/avatar.jpg', NULL, 0, 0, NULL, NULL, 0, 0, 0, 0, 0, NULL, 0, NULL, NULL, NULL, NULL, NULL, NULL, NULL),
(361, 'area', 6, 22, 58, 140, 'Md.Anisur Rahman', 'user-356@gmail.com', '$2y$10$2nkgX.Wgvs4q3wCgICad/uz2g90yakp5Tb5y9UYGyYSslArBSJXvK', NULL, NULL, NULL, NULL, NULL, 'user-356', NULL, NULL, NULL, NULL, 0, NULL, NULL, NULL, NULL, 0, NULL, 0, NULL, 0, NULL, 0, NULL, NULL, 0, 0, 0, NULL, 'images/default/avatar.jpg', NULL, 0, 0, NULL, NULL, 0, 0, 0, 0, 0, NULL, 0, NULL, NULL, NULL, NULL, NULL, NULL, NULL),
(362, 'area', 6, 22, 58, 141, 'Md. Monjurul Karim', 'user-357@gmail.com', '$2y$10$2nkgX.Wgvs4q3wCgICad/uz2g90yakp5Tb5y9UYGyYSslArBSJXvK', NULL, NULL, NULL, NULL, NULL, 'user-357', NULL, NULL, NULL, NULL, 0, NULL, NULL, NULL, NULL, 0, NULL, 0, NULL, 0, NULL, 0, NULL, NULL, 0, 0, 0, NULL, 'images/default/avatar.jpg', NULL, 0, 0, NULL, NULL, 0, 0, 0, 0, 0, NULL, 0, NULL, NULL, NULL, NULL, NULL, NULL, NULL),
(363, 'area', 6, 22, 58, 141, 'Md.Shemul Bepari', 'user-358@gmail.com', '$2y$10$2nkgX.Wgvs4q3wCgICad/uz2g90yakp5Tb5y9UYGyYSslArBSJXvK', NULL, NULL, NULL, NULL, NULL, 'user-358', NULL, NULL, NULL, NULL, 0, NULL, NULL, NULL, NULL, 0, NULL, 0, NULL, 0, NULL, 0, NULL, NULL, 0, 0, 0, NULL, 'images/default/avatar.jpg', NULL, 0, 0, NULL, NULL, 0, 0, 0, 0, 0, NULL, 0, NULL, NULL, NULL, NULL, NULL, NULL, NULL),
(364, 'area', 6, 22, 58, 141, 'Md.Abul Hossain', 'user-359@gmail.com', '$2y$10$2nkgX.Wgvs4q3wCgICad/uz2g90yakp5Tb5y9UYGyYSslArBSJXvK', NULL, NULL, NULL, NULL, NULL, 'user-359', NULL, NULL, NULL, NULL, 0, NULL, NULL, NULL, NULL, 0, NULL, 0, NULL, 0, NULL, 0, NULL, NULL, 0, 0, 0, NULL, 'images/default/avatar.jpg', NULL, 0, 0, NULL, NULL, 0, 0, 0, 0, 0, NULL, 0, NULL, NULL, NULL, NULL, NULL, NULL, NULL),
(365, 'area', 6, 22, 59, 142, 'Swapon Das', 'user-360@gmail.com', '$2y$10$2nkgX.Wgvs4q3wCgICad/uz2g90yakp5Tb5y9UYGyYSslArBSJXvK', NULL, NULL, NULL, NULL, NULL, 'user-360', NULL, NULL, NULL, NULL, 0, NULL, NULL, NULL, NULL, 0, NULL, 0, NULL, 0, NULL, 0, NULL, NULL, 0, 0, 0, NULL, 'images/default/avatar.jpg', NULL, 0, 0, NULL, NULL, 0, 0, 0, 0, 0, NULL, 0, NULL, NULL, NULL, NULL, NULL, NULL, NULL),
(366, 'area', 6, 22, 59, 142, 'Md. Joynal Abedin ', 'user-361@gmail.com', '$2y$10$2nkgX.Wgvs4q3wCgICad/uz2g90yakp5Tb5y9UYGyYSslArBSJXvK', NULL, NULL, NULL, NULL, NULL, 'user-361', NULL, NULL, NULL, NULL, 0, NULL, NULL, NULL, NULL, 0, NULL, 0, NULL, 0, NULL, 0, NULL, NULL, 0, 0, 0, NULL, 'images/default/avatar.jpg', NULL, 0, 0, NULL, NULL, 0, 0, 0, 0, 0, NULL, 0, NULL, NULL, NULL, NULL, NULL, NULL, NULL),
(367, 'area', 6, 22, 59, 142, 'Jishan Gazi', 'user-362@gmail.com', '$2y$10$2nkgX.Wgvs4q3wCgICad/uz2g90yakp5Tb5y9UYGyYSslArBSJXvK', NULL, NULL, NULL, NULL, NULL, 'user-362', NULL, NULL, NULL, NULL, 0, NULL, NULL, NULL, NULL, 0, NULL, 0, NULL, 0, NULL, 0, NULL, NULL, 0, 0, 0, NULL, 'images/default/avatar.jpg', NULL, 0, 0, NULL, NULL, 0, 0, 0, 0, 0, NULL, 0, NULL, NULL, NULL, NULL, NULL, NULL, NULL),
(368, 'area', 6, 22, 59, 142, ' Imran Islam Obak', 'user-363@gmail.com', '$2y$10$2nkgX.Wgvs4q3wCgICad/uz2g90yakp5Tb5y9UYGyYSslArBSJXvK', NULL, NULL, NULL, NULL, NULL, 'user-363', NULL, NULL, NULL, NULL, 0, NULL, NULL, NULL, NULL, 0, NULL, 0, NULL, 0, NULL, 0, NULL, NULL, 0, 0, 0, NULL, 'images/default/avatar.jpg', NULL, 0, 0, NULL, NULL, 0, 0, 0, 0, 0, NULL, 0, NULL, NULL, NULL, NULL, NULL, NULL, NULL),
(369, 'area', 6, 22, 59, 143, 'Md.Mizanur Rahman', 'user-364@gmail.com', '$2y$10$2nkgX.Wgvs4q3wCgICad/uz2g90yakp5Tb5y9UYGyYSslArBSJXvK', NULL, NULL, NULL, NULL, NULL, 'user-364', NULL, NULL, NULL, NULL, 0, NULL, NULL, NULL, NULL, 0, NULL, 0, NULL, 0, NULL, 0, NULL, NULL, 0, 0, 0, NULL, 'images/default/avatar.jpg', NULL, 0, 0, NULL, NULL, 0, 0, 0, 0, 0, NULL, 0, NULL, NULL, NULL, NULL, NULL, NULL, NULL),
(370, 'area', 6, 22, 59, 143, ' Abdus Salam ', 'user-365@gmail.com', '$2y$10$2nkgX.Wgvs4q3wCgICad/uz2g90yakp5Tb5y9UYGyYSslArBSJXvK', NULL, NULL, NULL, NULL, NULL, 'user-365', NULL, NULL, NULL, NULL, 0, NULL, NULL, NULL, NULL, 0, NULL, 0, NULL, 0, NULL, 0, NULL, NULL, 0, 0, 0, NULL, 'images/default/avatar.jpg', NULL, 0, 0, NULL, NULL, 0, 0, 0, 0, 0, NULL, 0, NULL, NULL, NULL, NULL, NULL, NULL, NULL);
INSERT INTO `users` (`id`, `user_type`, `zones_id`, `regions_id`, `territories_id`, `distribution_house_id`, `name`, `email`, `password`, `password_key`, `password_expire_days`, `last_name`, `mobile`, `home_telephone`, `username`, `secret_question_1`, `secret_question_2`, `secret_question_ans_1`, `secret_question_ans_2`, `identification_type_id`, `identification_number`, `identification_expire_date`, `date_of_birth`, `gender`, `religion_id`, `father_name`, `father_occupation_id`, `mother_name`, `mother_occupation_id`, `bank_account_number`, `bank_id`, `bank_branch`, `last_login_date_time`, `default_module_id`, `created_by`, `updated_by`, `status`, `user_image`, `address`, `is_reliever`, `reliever_to`, `reliever_start_datetime`, `reliever_end_datetime`, `line_manager_id`, `designation_id`, `department_id`, `location_id`, `default_vehicle_id`, `default_url`, `default_language_id`, `joining_date`, `emergency_contact_person_name`, `emergency_contact_relation`, `emergency_contact_number`, `remember_token`, `created_at`, `updated_at`) VALUES
(371, 'area', 6, 22, 60, 144, 'Shahin Ahmed', 'user-366@gmail.com', '$2y$10$2nkgX.Wgvs4q3wCgICad/uz2g90yakp5Tb5y9UYGyYSslArBSJXvK', NULL, NULL, NULL, NULL, NULL, 'user-366', NULL, NULL, NULL, NULL, 0, NULL, NULL, NULL, NULL, 0, NULL, 0, NULL, 0, NULL, 0, NULL, NULL, 0, 0, 0, NULL, 'images/default/avatar.jpg', NULL, 0, 0, NULL, NULL, 0, 0, 0, 0, 0, NULL, 0, NULL, NULL, NULL, NULL, NULL, NULL, NULL),
(372, 'area', 6, 22, 60, 144, 'K.M Kamruzzaman ', 'user-367@gmail.com', '$2y$10$2nkgX.Wgvs4q3wCgICad/uz2g90yakp5Tb5y9UYGyYSslArBSJXvK', NULL, NULL, NULL, NULL, NULL, 'user-367', NULL, NULL, NULL, NULL, 0, NULL, NULL, NULL, NULL, 0, NULL, 0, NULL, 0, NULL, 0, NULL, NULL, 0, 0, 0, NULL, 'images/default/avatar.jpg', NULL, 0, 0, NULL, NULL, 0, 0, 0, 0, 0, NULL, 0, NULL, NULL, NULL, NULL, NULL, NULL, NULL),
(373, 'area', 6, 22, 60, 144, 'S.M Asaduzzaman', 'user-368@gmail.com', '$2y$10$2nkgX.Wgvs4q3wCgICad/uz2g90yakp5Tb5y9UYGyYSslArBSJXvK', NULL, NULL, NULL, NULL, NULL, 'user-368', NULL, NULL, NULL, NULL, 0, NULL, NULL, NULL, NULL, 0, NULL, 0, NULL, 0, NULL, 0, NULL, NULL, 0, 0, 0, NULL, 'images/default/avatar.jpg', NULL, 0, 0, NULL, NULL, 0, 0, 0, 0, 0, NULL, 0, NULL, NULL, NULL, NULL, NULL, NULL, NULL),
(374, 'area', 6, 22, 60, 145, 'Md. Kamal Hossain', 'user-369@gmail.com', '$2y$10$2nkgX.Wgvs4q3wCgICad/uz2g90yakp5Tb5y9UYGyYSslArBSJXvK', NULL, NULL, NULL, NULL, NULL, 'user-369', NULL, NULL, NULL, NULL, 0, NULL, NULL, NULL, NULL, 0, NULL, 0, NULL, 0, NULL, 0, NULL, NULL, 0, 0, 0, NULL, 'images/default/avatar.jpg', NULL, 0, 0, NULL, NULL, 0, 0, 0, 0, 0, NULL, 0, NULL, NULL, NULL, NULL, NULL, NULL, NULL),
(375, 'area', 6, 22, 60, 145, 'Md. Hamayet Hossain', 'user-370@gmail.com', '$2y$10$2nkgX.Wgvs4q3wCgICad/uz2g90yakp5Tb5y9UYGyYSslArBSJXvK', NULL, NULL, NULL, NULL, NULL, 'user-370', NULL, NULL, NULL, NULL, 0, NULL, NULL, NULL, NULL, 0, NULL, 0, NULL, 0, NULL, 0, NULL, NULL, 0, 0, 0, NULL, 'images/default/avatar.jpg', NULL, 0, 0, NULL, NULL, 0, 0, 0, 0, 0, NULL, 0, NULL, NULL, NULL, NULL, NULL, NULL, NULL),
(376, 'area', 6, 23, 61, 146, ' Razib Biswas', 'user-371@gmail.com', '$2y$10$2nkgX.Wgvs4q3wCgICad/uz2g90yakp5Tb5y9UYGyYSslArBSJXvK', NULL, NULL, NULL, NULL, NULL, 'user-371', NULL, NULL, NULL, NULL, 0, NULL, NULL, NULL, NULL, 0, NULL, 0, NULL, 0, NULL, 0, NULL, NULL, 0, 0, 0, NULL, 'images/default/avatar.jpg', NULL, 0, 0, NULL, NULL, 0, 0, 0, 0, 0, NULL, 0, NULL, NULL, NULL, NULL, NULL, NULL, NULL),
(377, 'area', 6, 23, 61, 146, 'Md. Arif Hossain', 'user-372@gmail.com', '$2y$10$2nkgX.Wgvs4q3wCgICad/uz2g90yakp5Tb5y9UYGyYSslArBSJXvK', NULL, NULL, NULL, NULL, NULL, 'user-372', NULL, NULL, NULL, NULL, 0, NULL, NULL, NULL, NULL, 0, NULL, 0, NULL, 0, NULL, 0, NULL, NULL, 0, 0, 0, NULL, 'images/default/avatar.jpg', NULL, 0, 0, NULL, NULL, 0, 0, 0, 0, 0, NULL, 0, NULL, NULL, NULL, NULL, NULL, NULL, NULL),
(378, 'area', 6, 23, 61, 146, 'Bellal Howlader', 'user-373@gmail.com', '$2y$10$2nkgX.Wgvs4q3wCgICad/uz2g90yakp5Tb5y9UYGyYSslArBSJXvK', NULL, NULL, NULL, NULL, NULL, 'user-373', NULL, NULL, NULL, NULL, 0, NULL, NULL, NULL, NULL, 0, NULL, 0, NULL, 0, NULL, 0, NULL, NULL, 0, 0, 0, NULL, 'images/default/avatar.jpg', NULL, 0, 0, NULL, NULL, 0, 0, 0, 0, 0, NULL, 0, NULL, NULL, NULL, NULL, NULL, NULL, NULL),
(379, 'area', 6, 23, 61, 146, 'Mohammad Ahsan Ullah', 'user-374@gmail.com', '$2y$10$2nkgX.Wgvs4q3wCgICad/uz2g90yakp5Tb5y9UYGyYSslArBSJXvK', NULL, NULL, NULL, NULL, NULL, 'user-374', NULL, NULL, NULL, NULL, 0, NULL, NULL, NULL, NULL, 0, NULL, 0, NULL, 0, NULL, 0, NULL, NULL, 0, 0, 0, NULL, 'images/default/avatar.jpg', NULL, 0, 0, NULL, NULL, 0, 0, 0, 0, 0, NULL, 0, NULL, NULL, NULL, NULL, NULL, NULL, NULL),
(380, 'area', 6, 23, 62, 147, 'Mehedi Hasan Sujan', 'user-375@gmail.com', '$2y$10$2nkgX.Wgvs4q3wCgICad/uz2g90yakp5Tb5y9UYGyYSslArBSJXvK', NULL, NULL, NULL, NULL, NULL, 'user-375', NULL, NULL, NULL, NULL, 0, NULL, NULL, NULL, NULL, 0, NULL, 0, NULL, 0, NULL, 0, NULL, NULL, 0, 0, 0, NULL, 'images/default/avatar.jpg', NULL, 0, 0, NULL, NULL, 0, 0, 0, 0, 0, NULL, 0, NULL, NULL, NULL, NULL, NULL, NULL, NULL),
(381, 'area', 6, 23, 62, 147, 'Md. Nazmul Hossen', 'user-376@gmail.com', '$2y$10$2nkgX.Wgvs4q3wCgICad/uz2g90yakp5Tb5y9UYGyYSslArBSJXvK', NULL, NULL, NULL, NULL, NULL, 'user-376', NULL, NULL, NULL, NULL, 0, NULL, NULL, NULL, NULL, 0, NULL, 0, NULL, 0, NULL, 0, NULL, NULL, 0, 0, 0, NULL, 'images/default/avatar.jpg', NULL, 0, 0, NULL, NULL, 0, 0, 0, 0, 0, NULL, 0, NULL, NULL, NULL, NULL, NULL, NULL, NULL),
(382, 'area', 6, 23, 62, 147, 'Md. Nasir Uddin', 'user-377@gmail.com', '$2y$10$2nkgX.Wgvs4q3wCgICad/uz2g90yakp5Tb5y9UYGyYSslArBSJXvK', NULL, NULL, NULL, NULL, NULL, 'user-377', NULL, NULL, NULL, NULL, 0, NULL, NULL, NULL, NULL, 0, NULL, 0, NULL, 0, NULL, 0, NULL, NULL, 0, 0, 0, NULL, 'images/default/avatar.jpg', NULL, 0, 0, NULL, NULL, 0, 0, 0, 0, 0, NULL, 0, NULL, NULL, NULL, NULL, NULL, NULL, NULL),
(383, 'area', 6, 23, 62, 147, 'Tazul Islam', 'user-378@gmail.com', '$2y$10$2nkgX.Wgvs4q3wCgICad/uz2g90yakp5Tb5y9UYGyYSslArBSJXvK', NULL, NULL, NULL, NULL, NULL, 'user-378', NULL, NULL, NULL, NULL, 0, NULL, NULL, NULL, NULL, 0, NULL, 0, NULL, 0, NULL, 0, NULL, NULL, 0, 0, 0, NULL, 'images/default/avatar.jpg', NULL, 0, 0, NULL, NULL, 0, 0, 0, 0, 0, NULL, 0, NULL, NULL, NULL, NULL, NULL, NULL, NULL),
(384, 'area', 6, 23, 63, 148, 'Md. Shohel Rana', 'user-379@gmail.com', '$2y$10$2nkgX.Wgvs4q3wCgICad/uz2g90yakp5Tb5y9UYGyYSslArBSJXvK', NULL, NULL, NULL, NULL, NULL, 'user-379', NULL, NULL, NULL, NULL, 0, NULL, NULL, NULL, NULL, 0, NULL, 0, NULL, 0, NULL, 0, NULL, NULL, 0, 0, 0, NULL, 'images/default/avatar.jpg', NULL, 0, 0, NULL, NULL, 0, 0, 0, 0, 0, NULL, 0, NULL, NULL, NULL, NULL, NULL, NULL, NULL),
(385, 'area', 6, 23, 63, 148, 'Md. Rafiqul Islam', 'user-380@gmail.com', '$2y$10$2nkgX.Wgvs4q3wCgICad/uz2g90yakp5Tb5y9UYGyYSslArBSJXvK', NULL, NULL, NULL, NULL, NULL, 'user-380', NULL, NULL, NULL, NULL, 0, NULL, NULL, NULL, NULL, 0, NULL, 0, NULL, 0, NULL, 0, NULL, NULL, 0, 0, 0, NULL, 'images/default/avatar.jpg', NULL, 0, 0, NULL, NULL, 0, 0, 0, 0, 0, NULL, 0, NULL, NULL, NULL, NULL, NULL, NULL, NULL),
(386, 'area', 6, 23, 63, 148, 'Md. Mizanur Rahman', 'user-381@gmail.com', '$2y$10$2nkgX.Wgvs4q3wCgICad/uz2g90yakp5Tb5y9UYGyYSslArBSJXvK', NULL, NULL, NULL, NULL, NULL, 'user-381', NULL, NULL, NULL, NULL, 0, NULL, NULL, NULL, NULL, 0, NULL, 0, NULL, 0, NULL, 0, NULL, NULL, 0, 0, 0, NULL, 'images/default/avatar.jpg', NULL, 0, 0, NULL, NULL, 0, 0, 0, 0, 0, NULL, 0, NULL, NULL, NULL, NULL, NULL, NULL, NULL),
(387, 'area', 6, 23, 63, 148, 'Md. Zaheed Hossain', 'user-382@gmail.com', '$2y$10$2nkgX.Wgvs4q3wCgICad/uz2g90yakp5Tb5y9UYGyYSslArBSJXvK', NULL, NULL, NULL, NULL, NULL, 'user-382', NULL, NULL, NULL, NULL, 0, NULL, NULL, NULL, NULL, 0, NULL, 0, NULL, 0, NULL, 0, NULL, NULL, 0, 0, 0, NULL, 'images/default/avatar.jpg', NULL, 0, 0, NULL, NULL, 0, 0, 0, 0, 0, NULL, 0, NULL, NULL, NULL, NULL, NULL, NULL, NULL),
(388, 'area', 6, 23, 63, 148, ' Kamal Uddin', 'user-383@gmail.com', '$2y$10$2nkgX.Wgvs4q3wCgICad/uz2g90yakp5Tb5y9UYGyYSslArBSJXvK', NULL, NULL, NULL, NULL, NULL, 'user-383', NULL, NULL, NULL, NULL, 0, NULL, NULL, NULL, NULL, 0, NULL, 0, NULL, 0, NULL, 0, NULL, NULL, 0, 0, 0, NULL, 'images/default/avatar.jpg', NULL, 0, 0, NULL, NULL, 0, 0, 0, 0, 0, NULL, 0, NULL, NULL, NULL, NULL, NULL, NULL, NULL),
(389, 'area', 6, 23, 63, 149, 'M.R. Siddique', 'user-384@gmail.com', '$2y$10$2nkgX.Wgvs4q3wCgICad/uz2g90yakp5Tb5y9UYGyYSslArBSJXvK', NULL, NULL, NULL, NULL, NULL, 'user-384', NULL, NULL, NULL, NULL, 0, NULL, NULL, NULL, NULL, 0, NULL, 0, NULL, 0, NULL, 0, NULL, NULL, 0, 0, 0, NULL, 'images/default/avatar.jpg', NULL, 0, 0, NULL, NULL, 0, 0, 0, 0, 0, NULL, 0, NULL, NULL, NULL, NULL, NULL, NULL, NULL),
(390, 'area', 6, 23, 63, 149, 'Md. Taybur Rahman', 'user-385@gmail.com', '$2y$10$2nkgX.Wgvs4q3wCgICad/uz2g90yakp5Tb5y9UYGyYSslArBSJXvK', NULL, NULL, NULL, NULL, NULL, 'user-385', NULL, NULL, NULL, NULL, 0, NULL, NULL, NULL, NULL, 0, NULL, 0, NULL, 0, NULL, 0, NULL, NULL, 0, 0, 0, NULL, 'images/default/avatar.jpg', NULL, 0, 0, NULL, NULL, 0, 0, 0, 0, 0, NULL, 0, NULL, NULL, NULL, NULL, NULL, NULL, NULL),
(391, 'area', 6, 23, 63, 149, 'Md. Abu Tayub', 'user-386@gmail.com', '$2y$10$2nkgX.Wgvs4q3wCgICad/uz2g90yakp5Tb5y9UYGyYSslArBSJXvK', NULL, NULL, NULL, NULL, NULL, 'user-386', NULL, NULL, NULL, NULL, 0, NULL, NULL, NULL, NULL, 0, NULL, 0, NULL, 0, NULL, 0, NULL, NULL, 0, 0, 0, NULL, 'images/default/avatar.jpg', NULL, 0, 0, NULL, NULL, 0, 0, 0, 0, 0, NULL, 0, NULL, NULL, NULL, NULL, NULL, NULL, NULL),
(392, 'area', 6, 23, 63, 149, ' Moshahid Ahmed', 'user-387@gmail.com', '$2y$10$2nkgX.Wgvs4q3wCgICad/uz2g90yakp5Tb5y9UYGyYSslArBSJXvK', NULL, NULL, NULL, NULL, NULL, 'user-387', NULL, NULL, NULL, NULL, 0, NULL, NULL, NULL, NULL, 0, NULL, 0, NULL, 0, NULL, 0, NULL, NULL, 0, 0, 0, NULL, 'images/default/avatar.jpg', NULL, 0, 0, NULL, NULL, 0, 0, 0, 0, 0, NULL, 0, NULL, NULL, NULL, NULL, NULL, NULL, NULL),
(393, 'area', 6, 23, 64, 150, 'Makhshudul Alam', 'user-388@gmail.com', '$2y$10$2nkgX.Wgvs4q3wCgICad/uz2g90yakp5Tb5y9UYGyYSslArBSJXvK', NULL, NULL, NULL, NULL, NULL, 'user-388', NULL, NULL, NULL, NULL, 0, NULL, NULL, NULL, NULL, 0, NULL, 0, NULL, 0, NULL, 0, NULL, NULL, 0, 0, 0, NULL, 'images/default/avatar.jpg', NULL, 0, 0, NULL, NULL, 0, 0, 0, 0, 0, NULL, 0, NULL, NULL, NULL, NULL, NULL, NULL, NULL),
(394, 'area', 6, 23, 64, 150, 'Abdur Rashid ', 'user-389@gmail.com', '$2y$10$2nkgX.Wgvs4q3wCgICad/uz2g90yakp5Tb5y9UYGyYSslArBSJXvK', NULL, NULL, NULL, NULL, NULL, 'user-389', NULL, NULL, NULL, NULL, 0, NULL, NULL, NULL, NULL, 0, NULL, 0, NULL, 0, NULL, 0, NULL, NULL, 0, 0, 0, NULL, 'images/default/avatar.jpg', NULL, 0, 0, NULL, NULL, 0, 0, 0, 0, 0, NULL, 0, NULL, NULL, NULL, NULL, NULL, NULL, NULL),
(395, 'area', 6, 23, 64, 151, 'Md.Riaz Uddin', 'user-390@gmail.com', '$2y$10$2nkgX.Wgvs4q3wCgICad/uz2g90yakp5Tb5y9UYGyYSslArBSJXvK', NULL, NULL, NULL, NULL, NULL, 'user-390', NULL, NULL, NULL, NULL, 0, NULL, NULL, NULL, NULL, 0, NULL, 0, NULL, 0, NULL, 0, NULL, NULL, 0, 0, 0, NULL, 'images/default/avatar.jpg', NULL, 0, 0, NULL, NULL, 0, 0, 0, 0, 0, NULL, 0, NULL, NULL, NULL, NULL, NULL, NULL, NULL),
(396, 'area', 6, 23, 64, 151, 'Md. Mamun Mia', 'user-391@gmail.com', '$2y$10$2nkgX.Wgvs4q3wCgICad/uz2g90yakp5Tb5y9UYGyYSslArBSJXvK', NULL, NULL, NULL, NULL, NULL, 'user-391', NULL, NULL, NULL, NULL, 0, NULL, NULL, NULL, NULL, 0, NULL, 0, NULL, 0, NULL, 0, NULL, NULL, 0, 0, 0, NULL, 'images/default/avatar.jpg', NULL, 0, 0, NULL, NULL, 0, 0, 0, 0, 0, NULL, 0, NULL, NULL, NULL, NULL, NULL, NULL, NULL),
(397, 'area', 6, 23, 64, 151, 'Md. Shohelur Rahman', 'user-392@gmail.com', '$2y$10$2nkgX.Wgvs4q3wCgICad/uz2g90yakp5Tb5y9UYGyYSslArBSJXvK', NULL, NULL, NULL, NULL, NULL, 'user-392', NULL, NULL, NULL, NULL, 0, NULL, NULL, NULL, NULL, 0, NULL, 0, NULL, 0, NULL, 0, NULL, NULL, 0, 0, 0, NULL, 'images/default/avatar.jpg', NULL, 0, 0, NULL, NULL, 0, 0, 0, 0, 0, NULL, 0, NULL, NULL, NULL, NULL, NULL, NULL, NULL),
(398, 'area', 6, 24, 65, 152, 'Md. Tarequzzaman Khan', 'user-393@gmail.com', '$2y$10$2nkgX.Wgvs4q3wCgICad/uz2g90yakp5Tb5y9UYGyYSslArBSJXvK', NULL, NULL, NULL, NULL, NULL, 'user-393', NULL, NULL, NULL, NULL, 0, NULL, NULL, NULL, NULL, 0, NULL, 0, NULL, 0, NULL, 0, NULL, NULL, 0, 0, 0, NULL, 'images/default/avatar.jpg', NULL, 0, 0, NULL, NULL, 0, 0, 0, 0, 0, NULL, 0, NULL, NULL, NULL, NULL, NULL, NULL, NULL),
(399, 'area', 6, 24, 65, 152, 'Md. Robin', 'user-394@gmail.com', '$2y$10$2nkgX.Wgvs4q3wCgICad/uz2g90yakp5Tb5y9UYGyYSslArBSJXvK', NULL, NULL, NULL, NULL, NULL, 'user-394', NULL, NULL, NULL, NULL, 0, NULL, NULL, NULL, NULL, 0, NULL, 0, NULL, 0, NULL, 0, NULL, NULL, 0, 0, 0, NULL, 'images/default/avatar.jpg', NULL, 0, 0, NULL, NULL, 0, 0, 0, 0, 0, NULL, 0, NULL, NULL, NULL, NULL, NULL, NULL, NULL),
(400, 'area', 6, 24, 65, 152, 'Md. Rabiul Islam', 'user-395@gmail.com', '$2y$10$2nkgX.Wgvs4q3wCgICad/uz2g90yakp5Tb5y9UYGyYSslArBSJXvK', NULL, NULL, NULL, NULL, NULL, 'user-395', NULL, NULL, NULL, NULL, 0, NULL, NULL, NULL, NULL, 0, NULL, 0, NULL, 0, NULL, 0, NULL, NULL, 0, 0, 0, NULL, 'images/default/avatar.jpg', NULL, 0, 0, NULL, NULL, 0, 0, 0, 0, 0, NULL, 0, NULL, NULL, NULL, NULL, NULL, NULL, NULL),
(401, 'area', 6, 24, 65, 152, 'Md. Imran Hossain', 'user-396@gmail.com', '$2y$10$2nkgX.Wgvs4q3wCgICad/uz2g90yakp5Tb5y9UYGyYSslArBSJXvK', NULL, NULL, NULL, NULL, NULL, 'user-396', NULL, NULL, NULL, NULL, 0, NULL, NULL, NULL, NULL, 0, NULL, 0, NULL, 0, NULL, 0, NULL, NULL, 0, 0, 0, NULL, 'images/default/avatar.jpg', NULL, 0, 0, NULL, NULL, 0, 0, 0, 0, 0, NULL, 0, NULL, NULL, NULL, NULL, NULL, NULL, NULL),
(402, 'area', 6, 24, 65, 152, 'Al Masud', 'user-397@gmail.com', '$2y$10$2nkgX.Wgvs4q3wCgICad/uz2g90yakp5Tb5y9UYGyYSslArBSJXvK', NULL, NULL, NULL, NULL, NULL, 'user-397', NULL, NULL, NULL, NULL, 0, NULL, NULL, NULL, NULL, 0, NULL, 0, NULL, 0, NULL, 0, NULL, NULL, 0, 0, 0, NULL, 'images/default/avatar.jpg', NULL, 0, 0, NULL, NULL, 0, 0, 0, 0, 0, NULL, 0, NULL, NULL, NULL, NULL, NULL, NULL, NULL),
(403, 'area', 6, 24, 65, 152, 'Md. Ashraful ', 'user-398@gmail.com', '$2y$10$2nkgX.Wgvs4q3wCgICad/uz2g90yakp5Tb5y9UYGyYSslArBSJXvK', NULL, NULL, NULL, NULL, NULL, 'user-398', NULL, NULL, NULL, NULL, 0, NULL, NULL, NULL, NULL, 0, NULL, 0, NULL, 0, NULL, 0, NULL, NULL, 0, 0, 0, NULL, 'images/default/avatar.jpg', NULL, 0, 0, NULL, NULL, 0, 0, 0, 0, 0, NULL, 0, NULL, NULL, NULL, NULL, NULL, NULL, NULL),
(404, 'area', 6, 24, 66, 153, 'Md Salam Gazi', 'user-399@gmail.com', '$2y$10$2nkgX.Wgvs4q3wCgICad/uz2g90yakp5Tb5y9UYGyYSslArBSJXvK', NULL, NULL, NULL, NULL, NULL, 'user-399', NULL, NULL, NULL, NULL, 0, NULL, NULL, NULL, NULL, 0, NULL, 0, NULL, 0, NULL, 0, NULL, NULL, 0, 0, 0, NULL, 'images/default/avatar.jpg', NULL, 0, 0, NULL, NULL, 0, 0, 0, 0, 0, NULL, 0, NULL, NULL, NULL, NULL, NULL, NULL, NULL),
(405, 'area', 6, 24, 66, 153, 'Md. Imran Khan', 'user-400@gmail.com', '$2y$10$2nkgX.Wgvs4q3wCgICad/uz2g90yakp5Tb5y9UYGyYSslArBSJXvK', NULL, NULL, NULL, NULL, NULL, 'user-400', NULL, NULL, NULL, NULL, 0, NULL, NULL, NULL, NULL, 0, NULL, 0, NULL, 0, NULL, 0, NULL, NULL, 0, 0, 0, NULL, 'images/default/avatar.jpg', NULL, 0, 0, NULL, NULL, 0, 0, 0, 0, 0, NULL, 0, NULL, NULL, NULL, NULL, NULL, NULL, NULL),
(406, 'area', 6, 24, 66, 153, 'Shahid Ullah ', 'user-401@gmail.com', '$2y$10$2nkgX.Wgvs4q3wCgICad/uz2g90yakp5Tb5y9UYGyYSslArBSJXvK', NULL, NULL, NULL, NULL, NULL, 'user-401', NULL, NULL, NULL, NULL, 0, NULL, NULL, NULL, NULL, 0, NULL, 0, NULL, 0, NULL, 0, NULL, NULL, 0, 0, 0, NULL, 'images/default/avatar.jpg', NULL, 0, 0, NULL, NULL, 0, 0, 0, 0, 0, NULL, 0, NULL, NULL, NULL, NULL, NULL, NULL, NULL),
(407, 'area', 6, 24, 66, 153, 'Apu Biswas', 'user-402@gmail.com', '$2y$10$2nkgX.Wgvs4q3wCgICad/uz2g90yakp5Tb5y9UYGyYSslArBSJXvK', NULL, NULL, NULL, NULL, NULL, 'user-402', NULL, NULL, NULL, NULL, 0, NULL, NULL, NULL, NULL, 0, NULL, 0, NULL, 0, NULL, 0, NULL, NULL, 0, 0, 0, NULL, 'images/default/avatar.jpg', NULL, 0, 0, NULL, NULL, 0, 0, 0, 0, 0, NULL, 0, NULL, NULL, NULL, NULL, NULL, NULL, NULL),
(408, 'area', 6, 24, 66, 154, 'Md. Elias Bhuiyan', 'user-403@gmail.com', '$2y$10$2nkgX.Wgvs4q3wCgICad/uz2g90yakp5Tb5y9UYGyYSslArBSJXvK', NULL, NULL, NULL, NULL, NULL, 'user-403', NULL, NULL, NULL, NULL, 0, NULL, NULL, NULL, NULL, 0, NULL, 0, NULL, 0, NULL, 0, NULL, NULL, 0, 0, 0, NULL, 'images/default/avatar.jpg', NULL, 0, 0, NULL, NULL, 0, 0, 0, 0, 0, NULL, 0, NULL, NULL, NULL, NULL, NULL, NULL, NULL),
(409, 'area', 6, 24, 66, 154, 'Md. Abu Bakor', 'user-404@gmail.com', '$2y$10$2nkgX.Wgvs4q3wCgICad/uz2g90yakp5Tb5y9UYGyYSslArBSJXvK', NULL, NULL, NULL, NULL, NULL, 'user-404', NULL, NULL, NULL, NULL, 0, NULL, NULL, NULL, NULL, 0, NULL, 0, NULL, 0, NULL, 0, NULL, NULL, 0, 0, 0, NULL, 'images/default/avatar.jpg', NULL, 0, 0, NULL, NULL, 0, 0, 0, 0, 0, NULL, 0, NULL, NULL, NULL, NULL, NULL, NULL, NULL),
(410, 'area', 6, 24, 66, 154, 'Md. Kamal Uddin', 'user-405@gmail.com', '$2y$10$2nkgX.Wgvs4q3wCgICad/uz2g90yakp5Tb5y9UYGyYSslArBSJXvK', NULL, NULL, NULL, NULL, NULL, 'user-405', NULL, NULL, NULL, NULL, 0, NULL, NULL, NULL, NULL, 0, NULL, 0, NULL, 0, NULL, 0, NULL, NULL, 0, 0, 0, NULL, 'images/default/avatar.jpg', NULL, 0, 0, NULL, NULL, 0, 0, 0, 0, 0, NULL, 0, NULL, NULL, NULL, NULL, NULL, NULL, NULL),
(411, 'area', 6, 24, 67, 155, 'Md. Masud Rana', 'user-406@gmail.com', '$2y$10$2nkgX.Wgvs4q3wCgICad/uz2g90yakp5Tb5y9UYGyYSslArBSJXvK', NULL, NULL, NULL, NULL, NULL, 'user-406', NULL, NULL, NULL, NULL, 0, NULL, NULL, NULL, NULL, 0, NULL, 0, NULL, 0, NULL, 0, NULL, NULL, 0, 0, 0, NULL, 'images/default/avatar.jpg', NULL, 0, 0, NULL, NULL, 0, 0, 0, 0, 0, NULL, 0, NULL, NULL, NULL, NULL, NULL, NULL, NULL),
(412, 'area', 6, 24, 67, 155, 'Sajal Chandra Das', 'user-407@gmail.com', '$2y$10$2nkgX.Wgvs4q3wCgICad/uz2g90yakp5Tb5y9UYGyYSslArBSJXvK', NULL, NULL, NULL, NULL, NULL, 'user-407', NULL, NULL, NULL, NULL, 0, NULL, NULL, NULL, NULL, 0, NULL, 0, NULL, 0, NULL, 0, NULL, NULL, 0, 0, 0, NULL, 'images/default/avatar.jpg', NULL, 0, 0, NULL, NULL, 0, 0, 0, 0, 0, NULL, 0, NULL, NULL, NULL, NULL, NULL, NULL, NULL),
(413, 'area', 6, 24, 67, 155, 'Md. Samsul Haque', 'user-408@gmail.com', '$2y$10$2nkgX.Wgvs4q3wCgICad/uz2g90yakp5Tb5y9UYGyYSslArBSJXvK', NULL, NULL, NULL, NULL, NULL, 'user-408', NULL, NULL, NULL, NULL, 0, NULL, NULL, NULL, NULL, 0, NULL, 0, NULL, 0, NULL, 0, NULL, NULL, 0, 0, 0, NULL, 'images/default/avatar.jpg', NULL, 0, 0, NULL, NULL, 0, 0, 0, 0, 0, NULL, 0, NULL, NULL, NULL, NULL, NULL, NULL, NULL),
(414, 'area', 6, 24, 67, 155, 'Robiul Shikder', 'user-409@gmail.com', '$2y$10$2nkgX.Wgvs4q3wCgICad/uz2g90yakp5Tb5y9UYGyYSslArBSJXvK', NULL, NULL, NULL, NULL, NULL, 'user-409', NULL, NULL, NULL, NULL, 0, NULL, NULL, NULL, NULL, 0, NULL, 0, NULL, 0, NULL, 0, NULL, NULL, 0, 0, 0, NULL, 'images/default/avatar.jpg', NULL, 0, 0, NULL, NULL, 0, 0, 0, 0, 0, NULL, 0, NULL, NULL, NULL, NULL, NULL, NULL, NULL),
(415, 'area', 6, 24, 67, 156, 'Md Ismail Miah', 'user-410@gmail.com', '$2y$10$2nkgX.Wgvs4q3wCgICad/uz2g90yakp5Tb5y9UYGyYSslArBSJXvK', NULL, NULL, NULL, NULL, NULL, 'user-410', NULL, NULL, NULL, NULL, 0, NULL, NULL, NULL, NULL, 0, NULL, 0, NULL, 0, NULL, 0, NULL, NULL, 0, 0, 0, NULL, 'images/default/avatar.jpg', NULL, 0, 0, NULL, NULL, 0, 0, 0, 0, 0, NULL, 0, NULL, NULL, NULL, NULL, NULL, NULL, NULL),
(416, 'area', 6, 24, 67, 156, 'Md. Jubaer Al kawsar', 'user-411@gmail.com', '$2y$10$2nkgX.Wgvs4q3wCgICad/uz2g90yakp5Tb5y9UYGyYSslArBSJXvK', NULL, NULL, NULL, NULL, NULL, 'user-411', NULL, NULL, NULL, NULL, 0, NULL, NULL, NULL, NULL, 0, NULL, 0, NULL, 0, NULL, 0, NULL, NULL, 0, 0, 0, NULL, 'images/default/avatar.jpg', NULL, 0, 0, NULL, NULL, 0, 0, 0, 0, 0, NULL, 0, NULL, NULL, NULL, NULL, NULL, NULL, NULL),
(417, 'area', 6, 24, 67, 157, 'Md. Arif Hossain', 'user-412@gmail.com', '$2y$10$2nkgX.Wgvs4q3wCgICad/uz2g90yakp5Tb5y9UYGyYSslArBSJXvK', NULL, NULL, NULL, NULL, NULL, 'user-412', NULL, NULL, NULL, NULL, 0, NULL, NULL, NULL, NULL, 0, NULL, 0, NULL, 0, NULL, 0, NULL, NULL, 0, 0, 0, NULL, 'images/default/avatar.jpg', NULL, 0, 0, NULL, NULL, 0, 0, 0, 0, 0, NULL, 0, NULL, NULL, NULL, NULL, NULL, NULL, NULL),
(418, 'area', 6, 25, 68, 158, 'Md. Sultan Ahamad', 'user-413@gmail.com', '$2y$10$2nkgX.Wgvs4q3wCgICad/uz2g90yakp5Tb5y9UYGyYSslArBSJXvK', NULL, NULL, NULL, NULL, NULL, 'user-413', NULL, NULL, NULL, NULL, 0, NULL, NULL, NULL, NULL, 0, NULL, 0, NULL, 0, NULL, 0, NULL, NULL, 0, 0, 0, NULL, 'images/default/avatar.jpg', NULL, 0, 0, NULL, NULL, 0, 0, 0, 0, 0, NULL, 0, NULL, NULL, NULL, NULL, NULL, NULL, NULL),
(419, 'area', 6, 25, 68, 158, 'Md. Saiful Islam', 'user-414@gmail.com', '$2y$10$2nkgX.Wgvs4q3wCgICad/uz2g90yakp5Tb5y9UYGyYSslArBSJXvK', NULL, NULL, NULL, NULL, NULL, 'user-414', NULL, NULL, NULL, NULL, 0, NULL, NULL, NULL, NULL, 0, NULL, 0, NULL, 0, NULL, 0, NULL, NULL, 0, 0, 0, NULL, 'images/default/avatar.jpg', NULL, 0, 0, NULL, NULL, 0, 0, 0, 0, 0, NULL, 0, NULL, NULL, NULL, NULL, NULL, NULL, NULL),
(420, 'area', 6, 25, 68, 158, 'Md Touhidur Rahman', 'user-415@gmail.com', '$2y$10$2nkgX.Wgvs4q3wCgICad/uz2g90yakp5Tb5y9UYGyYSslArBSJXvK', NULL, NULL, NULL, NULL, NULL, 'user-415', NULL, NULL, NULL, NULL, 0, NULL, NULL, NULL, NULL, 0, NULL, 0, NULL, 0, NULL, 0, NULL, NULL, 0, 0, 0, NULL, 'images/default/avatar.jpg', NULL, 0, 0, NULL, NULL, 0, 0, 0, 0, 0, NULL, 0, NULL, NULL, NULL, NULL, NULL, NULL, NULL),
(421, 'area', 6, 25, 68, 158, 'Md Sobuj Osman', 'user-416@gmail.com', '$2y$10$2nkgX.Wgvs4q3wCgICad/uz2g90yakp5Tb5y9UYGyYSslArBSJXvK', NULL, NULL, NULL, NULL, NULL, 'user-416', NULL, NULL, NULL, NULL, 0, NULL, NULL, NULL, NULL, 0, NULL, 0, NULL, 0, NULL, 0, NULL, NULL, 0, 0, 0, NULL, 'images/default/avatar.jpg', NULL, 0, 0, NULL, NULL, 0, 0, 0, 0, 0, NULL, 0, NULL, NULL, NULL, NULL, NULL, NULL, NULL),
(422, 'area', 6, 25, 68, 158, 'Chandon Roy', 'user-417@gmail.com', '$2y$10$2nkgX.Wgvs4q3wCgICad/uz2g90yakp5Tb5y9UYGyYSslArBSJXvK', NULL, NULL, NULL, NULL, NULL, 'user-417', NULL, NULL, NULL, NULL, 0, NULL, NULL, NULL, NULL, 0, NULL, 0, NULL, 0, NULL, 0, NULL, NULL, 0, 0, 0, NULL, 'images/default/avatar.jpg', NULL, 0, 0, NULL, NULL, 0, 0, 0, 0, 0, NULL, 0, NULL, NULL, NULL, NULL, NULL, NULL, NULL),
(423, 'area', 6, 25, 68, 158, ' Shafikul Islam', 'user-418@gmail.com', '$2y$10$2nkgX.Wgvs4q3wCgICad/uz2g90yakp5Tb5y9UYGyYSslArBSJXvK', NULL, NULL, NULL, NULL, NULL, 'user-418', NULL, NULL, NULL, NULL, 0, NULL, NULL, NULL, NULL, 0, NULL, 0, NULL, 0, NULL, 0, NULL, NULL, 0, 0, 0, NULL, 'images/default/avatar.jpg', NULL, 0, 0, NULL, NULL, 0, 0, 0, 0, 0, NULL, 0, NULL, NULL, NULL, NULL, NULL, NULL, NULL),
(424, 'area', 6, 25, 68, 159, 'Md. Ruhul Amin', 'user-419@gmail.com', '$2y$10$2nkgX.Wgvs4q3wCgICad/uz2g90yakp5Tb5y9UYGyYSslArBSJXvK', NULL, NULL, NULL, NULL, NULL, 'user-419', NULL, NULL, NULL, NULL, 0, NULL, NULL, NULL, NULL, 0, NULL, 0, NULL, 0, NULL, 0, NULL, NULL, 0, 0, 0, NULL, 'images/default/avatar.jpg', NULL, 0, 0, NULL, NULL, 0, 0, 0, 0, 0, NULL, 0, NULL, NULL, NULL, NULL, NULL, NULL, NULL),
(425, 'area', 6, 25, 68, 159, 'Abdul Halim Sheikh', 'user-420@gmail.com', '$2y$10$2nkgX.Wgvs4q3wCgICad/uz2g90yakp5Tb5y9UYGyYSslArBSJXvK', NULL, NULL, NULL, NULL, NULL, 'user-420', NULL, NULL, NULL, NULL, 0, NULL, NULL, NULL, NULL, 0, NULL, 0, NULL, 0, NULL, 0, NULL, NULL, 0, 0, 0, NULL, 'images/default/avatar.jpg', NULL, 0, 0, NULL, NULL, 0, 0, 0, 0, 0, NULL, 0, NULL, NULL, NULL, NULL, NULL, NULL, NULL),
(426, 'area', 6, 25, 68, 159, 'Md Abul Kalam Azad', 'user-421@gmail.com', '$2y$10$2nkgX.Wgvs4q3wCgICad/uz2g90yakp5Tb5y9UYGyYSslArBSJXvK', NULL, NULL, NULL, NULL, NULL, 'user-421', NULL, NULL, NULL, NULL, 0, NULL, NULL, NULL, NULL, 0, NULL, 0, NULL, 0, NULL, 0, NULL, NULL, 0, 0, 0, NULL, 'images/default/avatar.jpg', NULL, 0, 0, NULL, NULL, 0, 0, 0, 0, 0, NULL, 0, NULL, NULL, NULL, NULL, NULL, NULL, NULL),
(427, 'area', 6, 25, 68, 159, 'Md. Mozammel Hoque', 'user-422@gmail.com', '$2y$10$2nkgX.Wgvs4q3wCgICad/uz2g90yakp5Tb5y9UYGyYSslArBSJXvK', NULL, NULL, NULL, NULL, NULL, 'user-422', NULL, NULL, NULL, NULL, 0, NULL, NULL, NULL, NULL, 0, NULL, 0, NULL, 0, NULL, 0, NULL, NULL, 0, 0, 0, NULL, 'images/default/avatar.jpg', NULL, 0, 0, NULL, NULL, 0, 0, 0, 0, 0, NULL, 0, NULL, NULL, NULL, NULL, NULL, NULL, NULL),
(428, 'area', 6, 25, 68, 159, 'Md. Gias Uddin', 'user-423@gmail.com', '$2y$10$2nkgX.Wgvs4q3wCgICad/uz2g90yakp5Tb5y9UYGyYSslArBSJXvK', NULL, NULL, NULL, NULL, NULL, 'user-423', NULL, NULL, NULL, NULL, 0, NULL, NULL, NULL, NULL, 0, NULL, 0, NULL, 0, NULL, 0, NULL, NULL, 0, 0, 0, NULL, 'images/default/avatar.jpg', NULL, 0, 0, NULL, NULL, 0, 0, 0, 0, 0, NULL, 0, NULL, NULL, NULL, NULL, NULL, NULL, NULL),
(429, 'area', 6, 25, 68, 159, 'Sohan Molla', 'user-424@gmail.com', '$2y$10$2nkgX.Wgvs4q3wCgICad/uz2g90yakp5Tb5y9UYGyYSslArBSJXvK', NULL, NULL, NULL, NULL, NULL, 'user-424', NULL, NULL, NULL, NULL, 0, NULL, NULL, NULL, NULL, 0, NULL, 0, NULL, 0, NULL, 0, NULL, NULL, 0, 0, 0, NULL, 'images/default/avatar.jpg', NULL, 0, 0, NULL, NULL, 0, 0, 0, 0, 0, NULL, 0, NULL, NULL, NULL, NULL, NULL, NULL, NULL),
(430, 'area', 6, 25, 69, 160, 'Md.Amzad Hossain ', 'user-425@gmail.com', '$2y$10$2nkgX.Wgvs4q3wCgICad/uz2g90yakp5Tb5y9UYGyYSslArBSJXvK', NULL, NULL, NULL, NULL, NULL, 'user-425', NULL, NULL, NULL, NULL, 0, NULL, NULL, NULL, NULL, 0, NULL, 0, NULL, 0, NULL, 0, NULL, NULL, 0, 0, 0, NULL, 'images/default/avatar.jpg', NULL, 0, 0, NULL, NULL, 0, 0, 0, 0, 0, NULL, 0, NULL, NULL, NULL, NULL, NULL, NULL, NULL),
(431, 'area', 6, 25, 69, 160, 'Md. Shahabuddin', 'user-426@gmail.com', '$2y$10$2nkgX.Wgvs4q3wCgICad/uz2g90yakp5Tb5y9UYGyYSslArBSJXvK', NULL, NULL, NULL, NULL, NULL, 'user-426', NULL, NULL, NULL, NULL, 0, NULL, NULL, NULL, NULL, 0, NULL, 0, NULL, 0, NULL, 0, NULL, NULL, 0, 0, 0, NULL, 'images/default/avatar.jpg', NULL, 0, 0, NULL, NULL, 0, 0, 0, 0, 0, NULL, 0, NULL, NULL, NULL, NULL, NULL, NULL, NULL),
(432, 'area', 6, 25, 69, 161, 'Md Ruhul Amin', 'user-427@gmail.com', '$2y$10$2nkgX.Wgvs4q3wCgICad/uz2g90yakp5Tb5y9UYGyYSslArBSJXvK', NULL, NULL, NULL, NULL, NULL, 'user-427', NULL, NULL, NULL, NULL, 0, NULL, NULL, NULL, NULL, 0, NULL, 0, NULL, 0, NULL, 0, NULL, NULL, 0, 0, 0, NULL, 'images/default/avatar.jpg', NULL, 0, 0, NULL, NULL, 0, 0, 0, 0, 0, NULL, 0, NULL, NULL, NULL, NULL, NULL, NULL, NULL),
(433, 'area', 6, 25, 69, 162, ' Mozzafar Hossain', 'user-428@gmail.com', '$2y$10$2nkgX.Wgvs4q3wCgICad/uz2g90yakp5Tb5y9UYGyYSslArBSJXvK', NULL, NULL, NULL, NULL, NULL, 'user-428', NULL, NULL, NULL, NULL, 0, NULL, NULL, NULL, NULL, 0, NULL, 0, NULL, 0, NULL, 0, NULL, NULL, 0, 0, 0, NULL, 'images/default/avatar.jpg', NULL, 0, 0, NULL, NULL, 0, 0, 0, 0, 0, NULL, 0, NULL, NULL, NULL, NULL, NULL, NULL, NULL),
(434, 'area', 6, 25, 69, 162, ' Shahidul Islam', 'user-429@gmail.com', '$2y$10$2nkgX.Wgvs4q3wCgICad/uz2g90yakp5Tb5y9UYGyYSslArBSJXvK', NULL, NULL, NULL, NULL, NULL, 'user-429', NULL, NULL, NULL, NULL, 0, NULL, NULL, NULL, NULL, 0, NULL, 0, NULL, 0, NULL, 0, NULL, NULL, 0, 0, 0, NULL, 'images/default/avatar.jpg', NULL, 0, 0, NULL, NULL, 0, 0, 0, 0, 0, NULL, 0, NULL, NULL, NULL, NULL, NULL, NULL, NULL),
(435, 'area', 6, 25, 69, 162, 'Md. Shahadat Hosen', 'user-430@gmail.com', '$2y$10$2nkgX.Wgvs4q3wCgICad/uz2g90yakp5Tb5y9UYGyYSslArBSJXvK', NULL, NULL, NULL, NULL, NULL, 'user-430', NULL, NULL, NULL, NULL, 0, NULL, NULL, NULL, NULL, 0, NULL, 0, NULL, 0, NULL, 0, NULL, NULL, 0, 0, 0, NULL, 'images/default/avatar.jpg', NULL, 0, 0, NULL, NULL, 0, 0, 0, 0, 0, NULL, 0, NULL, NULL, NULL, NULL, NULL, NULL, NULL),
(436, 'area', 6, 25, 70, 163, 'Md.Firoz Alam', 'user-431@gmail.com', '$2y$10$2nkgX.Wgvs4q3wCgICad/uz2g90yakp5Tb5y9UYGyYSslArBSJXvK', NULL, NULL, NULL, NULL, NULL, 'user-431', NULL, NULL, NULL, NULL, 0, NULL, NULL, NULL, NULL, 0, NULL, 0, NULL, 0, NULL, 0, NULL, NULL, 0, 0, 0, NULL, 'images/default/avatar.jpg', NULL, 0, 0, NULL, NULL, 0, 0, 0, 0, 0, NULL, 0, NULL, NULL, NULL, NULL, NULL, NULL, NULL),
(437, 'area', 6, 25, 70, 163, 'Shohidul Islam-02', 'user-432@gmail.com', '$2y$10$2nkgX.Wgvs4q3wCgICad/uz2g90yakp5Tb5y9UYGyYSslArBSJXvK', NULL, NULL, NULL, NULL, NULL, 'user-432', NULL, NULL, NULL, NULL, 0, NULL, NULL, NULL, NULL, 0, NULL, 0, NULL, 0, NULL, 0, NULL, NULL, 0, 0, 0, NULL, 'images/default/avatar.jpg', NULL, 0, 0, NULL, NULL, 0, 0, 0, 0, 0, NULL, 0, NULL, NULL, NULL, NULL, NULL, NULL, NULL),
(438, 'area', 6, 25, 70, 163, 'Md. Shahidul Islam-01', 'user-433@gmail.com', '$2y$10$2nkgX.Wgvs4q3wCgICad/uz2g90yakp5Tb5y9UYGyYSslArBSJXvK', NULL, NULL, NULL, NULL, NULL, 'user-433', NULL, NULL, NULL, NULL, 0, NULL, NULL, NULL, NULL, 0, NULL, 0, NULL, 0, NULL, 0, NULL, NULL, 0, 0, 0, NULL, 'images/default/avatar.jpg', NULL, 0, 0, NULL, NULL, 0, 0, 0, 0, 0, NULL, 0, NULL, NULL, NULL, NULL, NULL, NULL, NULL),
(439, 'area', 7, 26, 71, 164, ' Aminur Rahman ', 'user-434@gmail.com', '$2y$10$2nkgX.Wgvs4q3wCgICad/uz2g90yakp5Tb5y9UYGyYSslArBSJXvK', NULL, NULL, NULL, NULL, NULL, 'user-434', NULL, NULL, NULL, NULL, 0, NULL, NULL, NULL, NULL, 0, NULL, 0, NULL, 0, NULL, 0, NULL, NULL, 0, 0, 0, NULL, 'images/default/avatar.jpg', NULL, 0, 0, NULL, NULL, 0, 0, 0, 0, 0, NULL, 0, NULL, NULL, NULL, NULL, NULL, NULL, NULL),
(440, 'area', 7, 26, 71, 164, 'Md. Hafizur Rahman ', 'user-435@gmail.com', '$2y$10$2nkgX.Wgvs4q3wCgICad/uz2g90yakp5Tb5y9UYGyYSslArBSJXvK', NULL, NULL, NULL, NULL, NULL, 'user-435', NULL, NULL, NULL, NULL, 0, NULL, NULL, NULL, NULL, 0, NULL, 0, NULL, 0, NULL, 0, NULL, NULL, 0, 0, 0, NULL, 'images/default/avatar.jpg', NULL, 0, 0, NULL, NULL, 0, 0, 0, 0, 0, NULL, 0, NULL, NULL, NULL, NULL, NULL, NULL, NULL),
(441, 'area', 7, 26, 71, 164, 'Ahmed Imtiaz', 'user-436@gmail.com', '$2y$10$2nkgX.Wgvs4q3wCgICad/uz2g90yakp5Tb5y9UYGyYSslArBSJXvK', NULL, NULL, NULL, NULL, NULL, 'user-436', NULL, NULL, NULL, NULL, 0, NULL, NULL, NULL, NULL, 0, NULL, 0, NULL, 0, NULL, 0, NULL, NULL, 0, 0, 0, NULL, 'images/default/avatar.jpg', NULL, 0, 0, NULL, NULL, 0, 0, 0, 0, 0, NULL, 0, NULL, NULL, NULL, NULL, NULL, NULL, NULL),
(442, 'area', 7, 26, 71, 165, 'Md. Jakir Hossoin', 'user-437@gmail.com', '$2y$10$2nkgX.Wgvs4q3wCgICad/uz2g90yakp5Tb5y9UYGyYSslArBSJXvK', NULL, NULL, NULL, NULL, NULL, 'user-437', NULL, NULL, NULL, NULL, 0, NULL, NULL, NULL, NULL, 0, NULL, 0, NULL, 0, NULL, 0, NULL, NULL, 0, 0, 0, NULL, 'images/default/avatar.jpg', NULL, 0, 0, NULL, NULL, 0, 0, 0, 0, 0, NULL, 0, NULL, NULL, NULL, NULL, NULL, NULL, NULL),
(443, 'area', 7, 26, 71, 166, 'Alauddin Mia', 'user-438@gmail.com', '$2y$10$2nkgX.Wgvs4q3wCgICad/uz2g90yakp5Tb5y9UYGyYSslArBSJXvK', NULL, NULL, NULL, NULL, NULL, 'user-438', NULL, NULL, NULL, NULL, 0, NULL, NULL, NULL, NULL, 0, NULL, 0, NULL, 0, NULL, 0, NULL, NULL, 0, 0, 0, NULL, 'images/default/avatar.jpg', NULL, 0, 0, NULL, NULL, 0, 0, 0, 0, 0, NULL, 0, NULL, NULL, NULL, NULL, NULL, NULL, NULL),
(444, 'area', 7, 26, 71, 166, 'Mahmudun Nabi', 'user-439@gmail.com', '$2y$10$2nkgX.Wgvs4q3wCgICad/uz2g90yakp5Tb5y9UYGyYSslArBSJXvK', NULL, NULL, NULL, NULL, NULL, 'user-439', NULL, NULL, NULL, NULL, 0, NULL, NULL, NULL, NULL, 0, NULL, 0, NULL, 0, NULL, 0, NULL, NULL, 0, 0, 0, NULL, 'images/default/avatar.jpg', NULL, 0, 0, NULL, NULL, 0, 0, 0, 0, 0, NULL, 0, NULL, NULL, NULL, NULL, NULL, NULL, NULL),
(445, 'area', 7, 26, 71, 167, 'Md. Rifat Hossain ', 'user-440@gmail.com', '$2y$10$2nkgX.Wgvs4q3wCgICad/uz2g90yakp5Tb5y9UYGyYSslArBSJXvK', NULL, NULL, NULL, NULL, NULL, 'user-440', NULL, NULL, NULL, NULL, 0, NULL, NULL, NULL, NULL, 0, NULL, 0, NULL, 0, NULL, 0, NULL, NULL, 0, 0, 0, NULL, 'images/default/avatar.jpg', NULL, 0, 0, NULL, NULL, 0, 0, 0, 0, 0, NULL, 0, NULL, NULL, NULL, NULL, NULL, NULL, NULL),
(446, 'area', 7, 26, 72, 168, 'Abdul Hamid', 'user-441@gmail.com', '$2y$10$2nkgX.Wgvs4q3wCgICad/uz2g90yakp5Tb5y9UYGyYSslArBSJXvK', NULL, NULL, NULL, NULL, NULL, 'user-441', NULL, NULL, NULL, NULL, 0, NULL, NULL, NULL, NULL, 0, NULL, 0, NULL, 0, NULL, 0, NULL, NULL, 0, 0, 0, NULL, 'images/default/avatar.jpg', NULL, 0, 0, NULL, NULL, 0, 0, 0, 0, 0, NULL, 0, NULL, NULL, NULL, NULL, NULL, NULL, NULL),
(447, 'area', 7, 26, 72, 168, 'Md. Abul Kalam Azad ', 'user-442@gmail.com', '$2y$10$2nkgX.Wgvs4q3wCgICad/uz2g90yakp5Tb5y9UYGyYSslArBSJXvK', NULL, NULL, NULL, NULL, NULL, 'user-442', NULL, NULL, NULL, NULL, 0, NULL, NULL, NULL, NULL, 0, NULL, 0, NULL, 0, NULL, 0, NULL, NULL, 0, 0, 0, NULL, 'images/default/avatar.jpg', NULL, 0, 0, NULL, NULL, 0, 0, 0, 0, 0, NULL, 0, NULL, NULL, NULL, NULL, NULL, NULL, NULL),
(448, 'area', 7, 26, 72, 168, 'Jahangir Alom', 'user-443@gmail.com', '$2y$10$2nkgX.Wgvs4q3wCgICad/uz2g90yakp5Tb5y9UYGyYSslArBSJXvK', NULL, NULL, NULL, NULL, NULL, 'user-443', NULL, NULL, NULL, NULL, 0, NULL, NULL, NULL, NULL, 0, NULL, 0, NULL, 0, NULL, 0, NULL, NULL, 0, 0, 0, NULL, 'images/default/avatar.jpg', NULL, 0, 0, NULL, NULL, 0, 0, 0, 0, 0, NULL, 0, NULL, NULL, NULL, NULL, NULL, NULL, NULL),
(449, 'area', 7, 26, 72, 169, 'Samim Ahmed', 'user-444@gmail.com', '$2y$10$2nkgX.Wgvs4q3wCgICad/uz2g90yakp5Tb5y9UYGyYSslArBSJXvK', NULL, NULL, NULL, NULL, NULL, 'user-444', NULL, NULL, NULL, NULL, 0, NULL, NULL, NULL, NULL, 0, NULL, 0, NULL, 0, NULL, 0, NULL, NULL, 0, 0, 0, NULL, 'images/default/avatar.jpg', NULL, 0, 0, NULL, NULL, 0, 0, 0, 0, 0, NULL, 0, NULL, NULL, NULL, NULL, NULL, NULL, NULL),
(450, 'area', 7, 26, 72, 169, 'Shahinur Rahman', 'user-445@gmail.com', '$2y$10$2nkgX.Wgvs4q3wCgICad/uz2g90yakp5Tb5y9UYGyYSslArBSJXvK', NULL, NULL, NULL, NULL, NULL, 'user-445', NULL, NULL, NULL, NULL, 0, NULL, NULL, NULL, NULL, 0, NULL, 0, NULL, 0, NULL, 0, NULL, NULL, 0, 0, 0, NULL, 'images/default/avatar.jpg', NULL, 0, 0, NULL, NULL, 0, 0, 0, 0, 0, NULL, 0, NULL, NULL, NULL, NULL, NULL, NULL, NULL),
(451, 'area', 7, 26, 72, 170, 'Shahin Alom', 'user-446@gmail.com', '$2y$10$2nkgX.Wgvs4q3wCgICad/uz2g90yakp5Tb5y9UYGyYSslArBSJXvK', NULL, NULL, NULL, NULL, NULL, 'user-446', NULL, NULL, NULL, NULL, 0, NULL, NULL, NULL, NULL, 0, NULL, 0, NULL, 0, NULL, 0, NULL, NULL, 0, 0, 0, NULL, 'images/default/avatar.jpg', NULL, 0, 0, NULL, NULL, 0, 0, 0, 0, 0, NULL, 0, NULL, NULL, NULL, NULL, NULL, NULL, NULL),
(452, 'area', 7, 26, 72, 171, 'Akram', 'user-447@gmail.com', '$2y$10$2nkgX.Wgvs4q3wCgICad/uz2g90yakp5Tb5y9UYGyYSslArBSJXvK', NULL, NULL, NULL, NULL, NULL, 'user-447', NULL, NULL, NULL, NULL, 0, NULL, NULL, NULL, NULL, 0, NULL, 0, NULL, 0, NULL, 0, NULL, NULL, 0, 0, 0, NULL, 'images/default/avatar.jpg', NULL, 0, 0, NULL, NULL, 0, 0, 0, 0, 0, NULL, 0, NULL, NULL, NULL, NULL, NULL, NULL, NULL),
(453, 'area', 7, 27, 73, 172, 'Raju Hossain', 'user-448@gmail.com', '$2y$10$2nkgX.Wgvs4q3wCgICad/uz2g90yakp5Tb5y9UYGyYSslArBSJXvK', NULL, NULL, NULL, NULL, NULL, 'user-448', NULL, NULL, NULL, NULL, 0, NULL, NULL, NULL, NULL, 0, NULL, 0, NULL, 0, NULL, 0, NULL, NULL, 0, 0, 0, NULL, 'images/default/avatar.jpg', NULL, 0, 0, NULL, NULL, 0, 0, 0, 0, 0, NULL, 0, NULL, NULL, NULL, NULL, NULL, NULL, NULL),
(454, 'area', 7, 27, 73, 172, 'Md.Jakir Hossain', 'user-449@gmail.com', '$2y$10$2nkgX.Wgvs4q3wCgICad/uz2g90yakp5Tb5y9UYGyYSslArBSJXvK', NULL, NULL, NULL, NULL, NULL, 'user-449', NULL, NULL, NULL, NULL, 0, NULL, NULL, NULL, NULL, 0, NULL, 0, NULL, 0, NULL, 0, NULL, NULL, 0, 0, 0, NULL, 'images/default/avatar.jpg', NULL, 0, 0, NULL, NULL, 0, 0, 0, 0, 0, NULL, 0, NULL, NULL, NULL, NULL, NULL, NULL, NULL),
(455, 'area', 7, 27, 73, 172, 'Md. Jakirul Islam', 'user-450@gmail.com', '$2y$10$2nkgX.Wgvs4q3wCgICad/uz2g90yakp5Tb5y9UYGyYSslArBSJXvK', NULL, NULL, NULL, NULL, NULL, 'user-450', NULL, NULL, NULL, NULL, 0, NULL, NULL, NULL, NULL, 0, NULL, 0, NULL, 0, NULL, 0, NULL, NULL, 0, 0, 0, NULL, 'images/default/avatar.jpg', NULL, 0, 0, NULL, NULL, 0, 0, 0, 0, 0, NULL, 0, NULL, NULL, NULL, NULL, NULL, NULL, NULL),
(456, 'area', 7, 27, 73, 172, 'Mehedi Hasan', 'user-451@gmail.com', '$2y$10$2nkgX.Wgvs4q3wCgICad/uz2g90yakp5Tb5y9UYGyYSslArBSJXvK', NULL, NULL, NULL, NULL, NULL, 'user-451', NULL, NULL, NULL, NULL, 0, NULL, NULL, NULL, NULL, 0, NULL, 0, NULL, 0, NULL, 0, NULL, NULL, 0, 0, 0, NULL, 'images/default/avatar.jpg', NULL, 0, 0, NULL, NULL, 0, 0, 0, 0, 0, NULL, 0, NULL, NULL, NULL, NULL, NULL, NULL, NULL),
(457, 'area', 7, 27, 73, 172, 'Rashid Molla ', 'user-452@gmail.com', '$2y$10$2nkgX.Wgvs4q3wCgICad/uz2g90yakp5Tb5y9UYGyYSslArBSJXvK', NULL, NULL, NULL, NULL, NULL, 'user-452', NULL, NULL, NULL, NULL, 0, NULL, NULL, NULL, NULL, 0, NULL, 0, NULL, 0, NULL, 0, NULL, NULL, 0, 0, 0, NULL, 'images/default/avatar.jpg', NULL, 0, 0, NULL, NULL, 0, 0, 0, 0, 0, NULL, 0, NULL, NULL, NULL, NULL, NULL, NULL, NULL),
(458, 'area', 7, 27, 73, 172, 'Abdullah Bishwash', 'user-453@gmail.com', '$2y$10$2nkgX.Wgvs4q3wCgICad/uz2g90yakp5Tb5y9UYGyYSslArBSJXvK', NULL, NULL, NULL, NULL, NULL, 'user-453', NULL, NULL, NULL, NULL, 0, NULL, NULL, NULL, NULL, 0, NULL, 0, NULL, 0, NULL, 0, NULL, NULL, 0, 0, 0, NULL, 'images/default/avatar.jpg', NULL, 0, 0, NULL, NULL, 0, 0, 0, 0, 0, NULL, 0, NULL, NULL, NULL, NULL, NULL, NULL, NULL),
(459, 'area', 7, 27, 73, 173, 'Md.Shahinur Islam', 'user-454@gmail.com', '$2y$10$2nkgX.Wgvs4q3wCgICad/uz2g90yakp5Tb5y9UYGyYSslArBSJXvK', NULL, NULL, NULL, NULL, NULL, 'user-454', NULL, NULL, NULL, NULL, 0, NULL, NULL, NULL, NULL, 0, NULL, 0, NULL, 0, NULL, 0, NULL, NULL, 0, 0, 0, NULL, 'images/default/avatar.jpg', NULL, 0, 0, NULL, NULL, 0, 0, 0, 0, 0, NULL, 0, NULL, NULL, NULL, NULL, NULL, NULL, NULL),
(460, 'area', 7, 27, 73, 173, 'Md.Rafiq Sikder', 'user-455@gmail.com', '$2y$10$2nkgX.Wgvs4q3wCgICad/uz2g90yakp5Tb5y9UYGyYSslArBSJXvK', NULL, NULL, NULL, NULL, NULL, 'user-455', NULL, NULL, NULL, NULL, 0, NULL, NULL, NULL, NULL, 0, NULL, 0, NULL, 0, NULL, 0, NULL, NULL, 0, 0, 0, NULL, 'images/default/avatar.jpg', NULL, 0, 0, NULL, NULL, 0, 0, 0, 0, 0, NULL, 0, NULL, NULL, NULL, NULL, NULL, NULL, NULL),
(461, 'area', 7, 27, 73, 173, 'Md.Rezaul Islam', 'user-456@gmail.com', '$2y$10$2nkgX.Wgvs4q3wCgICad/uz2g90yakp5Tb5y9UYGyYSslArBSJXvK', NULL, NULL, NULL, NULL, NULL, 'user-456', NULL, NULL, NULL, NULL, 0, NULL, NULL, NULL, NULL, 0, NULL, 0, NULL, 0, NULL, 0, NULL, NULL, 0, 0, 0, NULL, 'images/default/avatar.jpg', NULL, 0, 0, NULL, NULL, 0, 0, 0, 0, 0, NULL, 0, NULL, NULL, NULL, NULL, NULL, NULL, NULL),
(462, 'area', 7, 27, 73, 173, 'Shujon Ali', 'user-457@gmail.com', '$2y$10$2nkgX.Wgvs4q3wCgICad/uz2g90yakp5Tb5y9UYGyYSslArBSJXvK', NULL, NULL, NULL, NULL, NULL, 'user-457', NULL, NULL, NULL, NULL, 0, NULL, NULL, NULL, NULL, 0, NULL, 0, NULL, 0, NULL, 0, NULL, NULL, 0, 0, 0, NULL, 'images/default/avatar.jpg', NULL, 0, 0, NULL, NULL, 0, 0, 0, 0, 0, NULL, 0, NULL, NULL, NULL, NULL, NULL, NULL, NULL),
(463, 'area', 7, 27, 73, 173, 'Tikka Khan', 'user-458@gmail.com', '$2y$10$2nkgX.Wgvs4q3wCgICad/uz2g90yakp5Tb5y9UYGyYSslArBSJXvK', NULL, NULL, NULL, NULL, NULL, 'user-458', NULL, NULL, NULL, NULL, 0, NULL, NULL, NULL, NULL, 0, NULL, 0, NULL, 0, NULL, 0, NULL, NULL, 0, 0, 0, NULL, 'images/default/avatar.jpg', NULL, 0, 0, NULL, NULL, 0, 0, 0, 0, 0, NULL, 0, NULL, NULL, NULL, NULL, NULL, NULL, NULL),
(464, 'area', 7, 27, 73, 173, 'Riazul Islam', 'user-459@gmail.com', '$2y$10$2nkgX.Wgvs4q3wCgICad/uz2g90yakp5Tb5y9UYGyYSslArBSJXvK', NULL, NULL, NULL, NULL, NULL, 'user-459', NULL, NULL, NULL, NULL, 0, NULL, NULL, NULL, NULL, 0, NULL, 0, NULL, 0, NULL, 0, NULL, NULL, 0, 0, 0, NULL, 'images/default/avatar.jpg', NULL, 0, 0, NULL, NULL, 0, 0, 0, 0, 0, NULL, 0, NULL, NULL, NULL, NULL, NULL, NULL, NULL),
(465, 'area', 7, 27, 74, 174, 'Faysal Ahmed', 'user-460@gmail.com', '$2y$10$2nkgX.Wgvs4q3wCgICad/uz2g90yakp5Tb5y9UYGyYSslArBSJXvK', NULL, NULL, NULL, NULL, NULL, 'user-460', NULL, NULL, NULL, NULL, 0, NULL, NULL, NULL, NULL, 0, NULL, 0, NULL, 0, NULL, 0, NULL, NULL, 0, 0, 0, NULL, 'images/default/avatar.jpg', NULL, 0, 0, NULL, NULL, 0, 0, 0, 0, 0, NULL, 0, NULL, NULL, NULL, NULL, NULL, NULL, NULL),
(466, 'area', 7, 27, 74, 174, 'Md.Zakirul Islam', 'user-461@gmail.com', '$2y$10$2nkgX.Wgvs4q3wCgICad/uz2g90yakp5Tb5y9UYGyYSslArBSJXvK', NULL, NULL, NULL, NULL, NULL, 'user-461', NULL, NULL, NULL, NULL, 0, NULL, NULL, NULL, NULL, 0, NULL, 0, NULL, 0, NULL, 0, NULL, NULL, 0, 0, 0, NULL, 'images/default/avatar.jpg', NULL, 0, 0, NULL, NULL, 0, 0, 0, 0, 0, NULL, 0, NULL, NULL, NULL, NULL, NULL, NULL, NULL),
(467, 'area', 7, 27, 74, 174, 'Mohammad Abdur Rouf', 'user-462@gmail.com', '$2y$10$2nkgX.Wgvs4q3wCgICad/uz2g90yakp5Tb5y9UYGyYSslArBSJXvK', NULL, NULL, NULL, NULL, NULL, 'user-462', NULL, NULL, NULL, NULL, 0, NULL, NULL, NULL, NULL, 0, NULL, 0, NULL, 0, NULL, 0, NULL, NULL, 0, 0, 0, NULL, 'images/default/avatar.jpg', NULL, 0, 0, NULL, NULL, 0, 0, 0, 0, 0, NULL, 0, NULL, NULL, NULL, NULL, NULL, NULL, NULL),
(468, 'area', 7, 27, 74, 174, 'Sayedur Rahman', 'user-463@gmail.com', '$2y$10$2nkgX.Wgvs4q3wCgICad/uz2g90yakp5Tb5y9UYGyYSslArBSJXvK', NULL, NULL, NULL, NULL, NULL, 'user-463', NULL, NULL, NULL, NULL, 0, NULL, NULL, NULL, NULL, 0, NULL, 0, NULL, 0, NULL, 0, NULL, NULL, 0, 0, 0, NULL, 'images/default/avatar.jpg', NULL, 0, 0, NULL, NULL, 0, 0, 0, 0, 0, NULL, 0, NULL, NULL, NULL, NULL, NULL, NULL, NULL),
(469, 'area', 7, 27, 74, 174, 'Ziaur Rahman', 'user-464@gmail.com', '$2y$10$2nkgX.Wgvs4q3wCgICad/uz2g90yakp5Tb5y9UYGyYSslArBSJXvK', NULL, NULL, NULL, NULL, NULL, 'user-464', NULL, NULL, NULL, NULL, 0, NULL, NULL, NULL, NULL, 0, NULL, 0, NULL, 0, NULL, 0, NULL, NULL, 0, 0, 0, NULL, 'images/default/avatar.jpg', NULL, 0, 0, NULL, NULL, 0, 0, 0, 0, 0, NULL, 0, NULL, NULL, NULL, NULL, NULL, NULL, NULL),
(470, 'area', 7, 27, 74, 174, 'Sirazul Islam', 'user-465@gmail.com', '$2y$10$2nkgX.Wgvs4q3wCgICad/uz2g90yakp5Tb5y9UYGyYSslArBSJXvK', NULL, NULL, NULL, NULL, NULL, 'user-465', NULL, NULL, NULL, NULL, 0, NULL, NULL, NULL, NULL, 0, NULL, 0, NULL, 0, NULL, 0, NULL, NULL, 0, 0, 0, NULL, 'images/default/avatar.jpg', NULL, 0, 0, NULL, NULL, 0, 0, 0, 0, 0, NULL, 0, NULL, NULL, NULL, NULL, NULL, NULL, NULL),
(471, 'area', 7, 27, 74, 174, 'Sumon Ali', 'user-466@gmail.com', '$2y$10$2nkgX.Wgvs4q3wCgICad/uz2g90yakp5Tb5y9UYGyYSslArBSJXvK', NULL, NULL, NULL, NULL, NULL, 'user-466', NULL, NULL, NULL, NULL, 0, NULL, NULL, NULL, NULL, 0, NULL, 0, NULL, 0, NULL, 0, NULL, NULL, 0, 0, 0, NULL, 'images/default/avatar.jpg', NULL, 0, 0, NULL, NULL, 0, 0, 0, 0, 0, NULL, 0, NULL, NULL, NULL, NULL, NULL, NULL, NULL),
(472, 'area', 7, 27, 74, 174, 'Feroj', 'user-467@gmail.com', '$2y$10$2nkgX.Wgvs4q3wCgICad/uz2g90yakp5Tb5y9UYGyYSslArBSJXvK', NULL, NULL, NULL, NULL, NULL, 'user-467', NULL, NULL, NULL, NULL, 0, NULL, NULL, NULL, NULL, 0, NULL, 0, NULL, 0, NULL, 0, NULL, NULL, 0, 0, 0, NULL, 'images/default/avatar.jpg', NULL, 0, 0, NULL, NULL, 0, 0, 0, 0, 0, NULL, 0, NULL, NULL, NULL, NULL, NULL, NULL, NULL),
(473, 'area', 7, 27, 74, 174, 'Johurul', 'user-468@gmail.com', '$2y$10$2nkgX.Wgvs4q3wCgICad/uz2g90yakp5Tb5y9UYGyYSslArBSJXvK', NULL, NULL, NULL, NULL, NULL, 'user-468', NULL, NULL, NULL, NULL, 0, NULL, NULL, NULL, NULL, 0, NULL, 0, NULL, 0, NULL, 0, NULL, NULL, 0, 0, 0, NULL, 'images/default/avatar.jpg', NULL, 0, 0, NULL, NULL, 0, 0, 0, 0, 0, NULL, 0, NULL, NULL, NULL, NULL, NULL, NULL, NULL),
(474, 'area', 7, 27, 75, 175, 'Helal Uddin', 'user-469@gmail.com', '$2y$10$2nkgX.Wgvs4q3wCgICad/uz2g90yakp5Tb5y9UYGyYSslArBSJXvK', NULL, NULL, NULL, NULL, NULL, 'user-469', NULL, NULL, NULL, NULL, 0, NULL, NULL, NULL, NULL, 0, NULL, 0, NULL, 0, NULL, 0, NULL, NULL, 0, 0, 0, NULL, 'images/default/avatar.jpg', NULL, 0, 0, NULL, NULL, 0, 0, 0, 0, 0, NULL, 0, NULL, NULL, NULL, NULL, NULL, NULL, NULL),
(475, 'area', 7, 27, 75, 175, 'Shafiqul Islam', 'user-470@gmail.com', '$2y$10$2nkgX.Wgvs4q3wCgICad/uz2g90yakp5Tb5y9UYGyYSslArBSJXvK', NULL, NULL, NULL, NULL, NULL, 'user-470', NULL, NULL, NULL, NULL, 0, NULL, NULL, NULL, NULL, 0, NULL, 0, NULL, 0, NULL, 0, NULL, NULL, 0, 0, 0, NULL, 'images/default/avatar.jpg', NULL, 0, 0, NULL, NULL, 0, 0, 0, 0, 0, NULL, 0, NULL, NULL, NULL, NULL, NULL, NULL, NULL),
(476, 'area', 7, 27, 75, 175, 'Minarul ISlam', 'user-471@gmail.com', '$2y$10$2nkgX.Wgvs4q3wCgICad/uz2g90yakp5Tb5y9UYGyYSslArBSJXvK', NULL, NULL, NULL, NULL, NULL, 'user-471', NULL, NULL, NULL, NULL, 0, NULL, NULL, NULL, NULL, 0, NULL, 0, NULL, 0, NULL, 0, NULL, NULL, 0, 0, 0, NULL, 'images/default/avatar.jpg', NULL, 0, 0, NULL, NULL, 0, 0, 0, 0, 0, NULL, 0, NULL, NULL, NULL, NULL, NULL, NULL, NULL),
(477, 'area', 7, 27, 75, 176, 'Rakib Hossain', 'user-472@gmail.com', '$2y$10$2nkgX.Wgvs4q3wCgICad/uz2g90yakp5Tb5y9UYGyYSslArBSJXvK', NULL, NULL, NULL, NULL, NULL, 'user-472', NULL, NULL, NULL, NULL, 0, NULL, NULL, NULL, NULL, 0, NULL, 0, NULL, 0, NULL, 0, NULL, NULL, 0, 0, 0, NULL, 'images/default/avatar.jpg', NULL, 0, 0, NULL, NULL, 0, 0, 0, 0, 0, NULL, 0, NULL, NULL, NULL, NULL, NULL, NULL, NULL),
(478, 'area', 7, 27, 75, 176, 'Md.Morad Hossen', 'user-473@gmail.com', '$2y$10$2nkgX.Wgvs4q3wCgICad/uz2g90yakp5Tb5y9UYGyYSslArBSJXvK', NULL, NULL, NULL, NULL, NULL, 'user-473', NULL, NULL, NULL, NULL, 0, NULL, NULL, NULL, NULL, 0, NULL, 0, NULL, 0, NULL, 0, NULL, NULL, 0, 0, 0, NULL, 'images/default/avatar.jpg', NULL, 0, 0, NULL, NULL, 0, 0, 0, 0, 0, NULL, 0, NULL, NULL, NULL, NULL, NULL, NULL, NULL),
(479, 'area', 7, 27, 75, 177, 'Moniruzzaman', 'user-474@gmail.com', '$2y$10$2nkgX.Wgvs4q3wCgICad/uz2g90yakp5Tb5y9UYGyYSslArBSJXvK', NULL, NULL, NULL, NULL, NULL, 'user-474', NULL, NULL, NULL, NULL, 0, NULL, NULL, NULL, NULL, 0, NULL, 0, NULL, 0, NULL, 0, NULL, NULL, 0, 0, 0, NULL, 'images/default/avatar.jpg', NULL, 0, 0, NULL, NULL, 0, 0, 0, 0, 0, NULL, 0, NULL, NULL, NULL, NULL, NULL, NULL, NULL),
(480, 'area', 7, 27, 75, 177, 'Shoriful', 'user-475@gmail.com', '$2y$10$2nkgX.Wgvs4q3wCgICad/uz2g90yakp5Tb5y9UYGyYSslArBSJXvK', NULL, NULL, NULL, NULL, NULL, 'user-475', NULL, NULL, NULL, NULL, 0, NULL, NULL, NULL, NULL, 0, NULL, 0, NULL, 0, NULL, 0, NULL, NULL, 0, 0, 0, NULL, 'images/default/avatar.jpg', NULL, 0, 0, NULL, NULL, 0, 0, 0, 0, 0, NULL, 0, NULL, NULL, NULL, NULL, NULL, NULL, NULL),
(481, 'area', 7, 27, 75, 177, 'Razzak', 'user-476@gmail.com', '$2y$10$2nkgX.Wgvs4q3wCgICad/uz2g90yakp5Tb5y9UYGyYSslArBSJXvK', NULL, NULL, NULL, NULL, NULL, 'user-476', NULL, NULL, NULL, NULL, 0, NULL, NULL, NULL, NULL, 0, NULL, 0, NULL, 0, NULL, 0, NULL, NULL, 0, 0, 0, NULL, 'images/default/avatar.jpg', NULL, 0, 0, NULL, NULL, 0, 0, 0, 0, 0, NULL, 0, NULL, NULL, NULL, NULL, NULL, NULL, NULL),
(482, 'area', 7, 28, 76, 178, 'Md.Asaduzzaman Mollah', 'user-477@gmail.com', '$2y$10$2nkgX.Wgvs4q3wCgICad/uz2g90yakp5Tb5y9UYGyYSslArBSJXvK', NULL, NULL, NULL, NULL, NULL, 'user-477', NULL, NULL, NULL, NULL, 0, NULL, NULL, NULL, NULL, 0, NULL, 0, NULL, 0, NULL, 0, NULL, NULL, 0, 0, 0, NULL, 'images/default/avatar.jpg', NULL, 0, 0, NULL, NULL, 0, 0, 0, 0, 0, NULL, 0, NULL, NULL, NULL, NULL, NULL, NULL, NULL),
(483, 'area', 7, 28, 76, 178, 'Ahsan Habib', 'user-478@gmail.com', '$2y$10$2nkgX.Wgvs4q3wCgICad/uz2g90yakp5Tb5y9UYGyYSslArBSJXvK', NULL, NULL, NULL, NULL, NULL, 'user-478', NULL, NULL, NULL, NULL, 0, NULL, NULL, NULL, NULL, 0, NULL, 0, NULL, 0, NULL, 0, NULL, NULL, 0, 0, 0, NULL, 'images/default/avatar.jpg', NULL, 0, 0, NULL, NULL, 0, 0, 0, 0, 0, NULL, 0, NULL, NULL, NULL, NULL, NULL, NULL, NULL),
(484, 'area', 7, 28, 76, 178, 'Omit Biswas', 'user-479@gmail.com', '$2y$10$2nkgX.Wgvs4q3wCgICad/uz2g90yakp5Tb5y9UYGyYSslArBSJXvK', NULL, NULL, NULL, NULL, NULL, 'user-479', NULL, NULL, NULL, NULL, 0, NULL, NULL, NULL, NULL, 0, NULL, 0, NULL, 0, NULL, 0, NULL, NULL, 0, 0, 0, NULL, 'images/default/avatar.jpg', NULL, 0, 0, NULL, NULL, 0, 0, 0, 0, 0, NULL, 0, NULL, NULL, NULL, NULL, NULL, NULL, NULL),
(485, 'area', 7, 28, 76, 178, 'Md.Selim Hossain', 'user-480@gmail.com', '$2y$10$2nkgX.Wgvs4q3wCgICad/uz2g90yakp5Tb5y9UYGyYSslArBSJXvK', NULL, NULL, NULL, NULL, NULL, 'user-480', NULL, NULL, NULL, NULL, 0, NULL, NULL, NULL, NULL, 0, NULL, 0, NULL, 0, NULL, 0, NULL, NULL, 0, 0, 0, NULL, 'images/default/avatar.jpg', NULL, 0, 0, NULL, NULL, 0, 0, 0, 0, 0, NULL, 0, NULL, NULL, NULL, NULL, NULL, NULL, NULL),
(486, 'area', 7, 28, 76, 178, 'Md.Zafor', 'user-481@gmail.com', '$2y$10$2nkgX.Wgvs4q3wCgICad/uz2g90yakp5Tb5y9UYGyYSslArBSJXvK', NULL, NULL, NULL, NULL, NULL, 'user-481', NULL, NULL, NULL, NULL, 0, NULL, NULL, NULL, NULL, 0, NULL, 0, NULL, 0, NULL, 0, NULL, NULL, 0, 0, 0, NULL, 'images/default/avatar.jpg', NULL, 0, 0, NULL, NULL, 0, 0, 0, 0, 0, NULL, 0, NULL, NULL, NULL, NULL, NULL, NULL, NULL),
(487, 'area', 7, 28, 76, 178, 'Md.Nazrul Islam-1', 'user-482@gmail.com', '$2y$10$2nkgX.Wgvs4q3wCgICad/uz2g90yakp5Tb5y9UYGyYSslArBSJXvK', NULL, NULL, NULL, NULL, NULL, 'user-482', NULL, NULL, NULL, NULL, 0, NULL, NULL, NULL, NULL, 0, NULL, 0, NULL, 0, NULL, 0, NULL, NULL, 0, 0, 0, NULL, 'images/default/avatar.jpg', NULL, 0, 0, NULL, NULL, 0, 0, 0, 0, 0, NULL, 0, NULL, NULL, NULL, NULL, NULL, NULL, NULL),
(488, 'area', 7, 28, 76, 178, 'Joynal', 'user-483@gmail.com', '$2y$10$2nkgX.Wgvs4q3wCgICad/uz2g90yakp5Tb5y9UYGyYSslArBSJXvK', NULL, NULL, NULL, NULL, NULL, 'user-483', NULL, NULL, NULL, NULL, 0, NULL, NULL, NULL, NULL, 0, NULL, 0, NULL, 0, NULL, 0, NULL, NULL, 0, 0, 0, NULL, 'images/default/avatar.jpg', NULL, 0, 0, NULL, NULL, 0, 0, 0, 0, 0, NULL, 0, NULL, NULL, NULL, NULL, NULL, NULL, NULL),
(489, 'area', 7, 28, 76, 178, 'Kamruzzaman', 'user-484@gmail.com', '$2y$10$2nkgX.Wgvs4q3wCgICad/uz2g90yakp5Tb5y9UYGyYSslArBSJXvK', NULL, NULL, NULL, NULL, NULL, 'user-484', NULL, NULL, NULL, NULL, 0, NULL, NULL, NULL, NULL, 0, NULL, 0, NULL, 0, NULL, 0, NULL, NULL, 0, 0, 0, NULL, 'images/default/avatar.jpg', NULL, 0, 0, NULL, NULL, 0, 0, 0, 0, 0, NULL, 0, NULL, NULL, NULL, NULL, NULL, NULL, NULL),
(490, 'area', 7, 28, 76, 178, 'Chana Ullah', 'user-485@gmail.com', '$2y$10$2nkgX.Wgvs4q3wCgICad/uz2g90yakp5Tb5y9UYGyYSslArBSJXvK', NULL, NULL, NULL, NULL, NULL, 'user-485', NULL, NULL, NULL, NULL, 0, NULL, NULL, NULL, NULL, 0, NULL, 0, NULL, 0, NULL, 0, NULL, NULL, 0, 0, 0, NULL, 'images/default/avatar.jpg', NULL, 0, 0, NULL, NULL, 0, 0, 0, 0, 0, NULL, 0, NULL, NULL, NULL, NULL, NULL, NULL, NULL),
(491, 'area', 7, 28, 76, 178, 'Md.Nusrat Mridha', 'user-486@gmail.com', '$2y$10$2nkgX.Wgvs4q3wCgICad/uz2g90yakp5Tb5y9UYGyYSslArBSJXvK', NULL, NULL, NULL, NULL, NULL, 'user-486', NULL, NULL, NULL, NULL, 0, NULL, NULL, NULL, NULL, 0, NULL, 0, NULL, 0, NULL, 0, NULL, NULL, 0, 0, 0, NULL, 'images/default/avatar.jpg', NULL, 0, 0, NULL, NULL, 0, 0, 0, 0, 0, NULL, 0, NULL, NULL, NULL, NULL, NULL, NULL, NULL);
INSERT INTO `users` (`id`, `user_type`, `zones_id`, `regions_id`, `territories_id`, `distribution_house_id`, `name`, `email`, `password`, `password_key`, `password_expire_days`, `last_name`, `mobile`, `home_telephone`, `username`, `secret_question_1`, `secret_question_2`, `secret_question_ans_1`, `secret_question_ans_2`, `identification_type_id`, `identification_number`, `identification_expire_date`, `date_of_birth`, `gender`, `religion_id`, `father_name`, `father_occupation_id`, `mother_name`, `mother_occupation_id`, `bank_account_number`, `bank_id`, `bank_branch`, `last_login_date_time`, `default_module_id`, `created_by`, `updated_by`, `status`, `user_image`, `address`, `is_reliever`, `reliever_to`, `reliever_start_datetime`, `reliever_end_datetime`, `line_manager_id`, `designation_id`, `department_id`, `location_id`, `default_vehicle_id`, `default_url`, `default_language_id`, `joining_date`, `emergency_contact_person_name`, `emergency_contact_relation`, `emergency_contact_number`, `remember_token`, `created_at`, `updated_at`) VALUES
(492, 'area', 7, 28, 76, 178, 'Md.Naimul Alam', 'user-487@gmail.com', '$2y$10$2nkgX.Wgvs4q3wCgICad/uz2g90yakp5Tb5y9UYGyYSslArBSJXvK', NULL, NULL, NULL, NULL, NULL, 'user-487', NULL, NULL, NULL, NULL, 0, NULL, NULL, NULL, NULL, 0, NULL, 0, NULL, 0, NULL, 0, NULL, NULL, 0, 0, 0, NULL, 'images/default/avatar.jpg', NULL, 0, 0, NULL, NULL, 0, 0, 0, 0, 0, NULL, 0, NULL, NULL, NULL, NULL, NULL, NULL, NULL),
(493, 'area', 7, 28, 76, 178, 'Mono Kumar', 'user-488@gmail.com', '$2y$10$2nkgX.Wgvs4q3wCgICad/uz2g90yakp5Tb5y9UYGyYSslArBSJXvK', NULL, NULL, NULL, NULL, NULL, 'user-488', NULL, NULL, NULL, NULL, 0, NULL, NULL, NULL, NULL, 0, NULL, 0, NULL, 0, NULL, 0, NULL, NULL, 0, 0, 0, NULL, 'images/default/avatar.jpg', NULL, 0, 0, NULL, NULL, 0, 0, 0, 0, 0, NULL, 0, NULL, NULL, NULL, NULL, NULL, NULL, NULL),
(494, 'area', 7, 28, 77, 179, 'Md. Mamun Mia', 'user-489@gmail.com', '$2y$10$2nkgX.Wgvs4q3wCgICad/uz2g90yakp5Tb5y9UYGyYSslArBSJXvK', NULL, NULL, NULL, NULL, NULL, 'user-489', NULL, NULL, NULL, NULL, 0, NULL, NULL, NULL, NULL, 0, NULL, 0, NULL, 0, NULL, 0, NULL, NULL, 0, 0, 0, NULL, 'images/default/avatar.jpg', NULL, 0, 0, NULL, NULL, 0, 0, 0, 0, 0, NULL, 0, NULL, NULL, NULL, NULL, NULL, NULL, NULL),
(495, 'area', 7, 28, 77, 179, 'Md. Rasedul Islam', 'user-490@gmail.com', '$2y$10$2nkgX.Wgvs4q3wCgICad/uz2g90yakp5Tb5y9UYGyYSslArBSJXvK', NULL, NULL, NULL, NULL, NULL, 'user-490', NULL, NULL, NULL, NULL, 0, NULL, NULL, NULL, NULL, 0, NULL, 0, NULL, 0, NULL, 0, NULL, NULL, 0, 0, 0, NULL, 'images/default/avatar.jpg', NULL, 0, 0, NULL, NULL, 0, 0, 0, 0, 0, NULL, 0, NULL, NULL, NULL, NULL, NULL, NULL, NULL),
(496, 'area', 7, 28, 77, 179, 'Ferdous Alam', 'user-491@gmail.com', '$2y$10$2nkgX.Wgvs4q3wCgICad/uz2g90yakp5Tb5y9UYGyYSslArBSJXvK', NULL, NULL, NULL, NULL, NULL, 'user-491', NULL, NULL, NULL, NULL, 0, NULL, NULL, NULL, NULL, 0, NULL, 0, NULL, 0, NULL, 0, NULL, NULL, 0, 0, 0, NULL, 'images/default/avatar.jpg', NULL, 0, 0, NULL, NULL, 0, 0, 0, 0, 0, NULL, 0, NULL, NULL, NULL, NULL, NULL, NULL, NULL),
(497, 'area', 7, 28, 77, 180, 'Jewel Islam', 'user-492@gmail.com', '$2y$10$2nkgX.Wgvs4q3wCgICad/uz2g90yakp5Tb5y9UYGyYSslArBSJXvK', NULL, NULL, NULL, NULL, NULL, 'user-492', NULL, NULL, NULL, NULL, 0, NULL, NULL, NULL, NULL, 0, NULL, 0, NULL, 0, NULL, 0, NULL, NULL, 0, 0, 0, NULL, 'images/default/avatar.jpg', NULL, 0, 0, NULL, NULL, 0, 0, 0, 0, 0, NULL, 0, NULL, NULL, NULL, NULL, NULL, NULL, NULL),
(498, 'area', 7, 28, 77, 180, 'Md. Kamrul Hasan', 'user-493@gmail.com', '$2y$10$2nkgX.Wgvs4q3wCgICad/uz2g90yakp5Tb5y9UYGyYSslArBSJXvK', NULL, NULL, NULL, NULL, NULL, 'user-493', NULL, NULL, NULL, NULL, 0, NULL, NULL, NULL, NULL, 0, NULL, 0, NULL, 0, NULL, 0, NULL, NULL, 0, 0, 0, NULL, 'images/default/avatar.jpg', NULL, 0, 0, NULL, NULL, 0, 0, 0, 0, 0, NULL, 0, NULL, NULL, NULL, NULL, NULL, NULL, NULL),
(499, 'area', 7, 28, 77, 180, 'Md.Mahmudur Rahman', 'user-494@gmail.com', '$2y$10$2nkgX.Wgvs4q3wCgICad/uz2g90yakp5Tb5y9UYGyYSslArBSJXvK', NULL, NULL, NULL, NULL, NULL, 'user-494', NULL, NULL, NULL, NULL, 0, NULL, NULL, NULL, NULL, 0, NULL, 0, NULL, 0, NULL, 0, NULL, NULL, 0, 0, 0, NULL, 'images/default/avatar.jpg', NULL, 0, 0, NULL, NULL, 0, 0, 0, 0, 0, NULL, 0, NULL, NULL, NULL, NULL, NULL, NULL, NULL),
(500, 'area', 7, 28, 78, 181, 'Malek Mia', 'user-495@gmail.com', '$2y$10$2nkgX.Wgvs4q3wCgICad/uz2g90yakp5Tb5y9UYGyYSslArBSJXvK', NULL, NULL, NULL, NULL, NULL, 'user-495', NULL, NULL, NULL, NULL, 0, NULL, NULL, NULL, NULL, 0, NULL, 0, NULL, 0, NULL, 0, NULL, NULL, 0, 0, 0, NULL, 'images/default/avatar.jpg', NULL, 0, 0, NULL, NULL, 0, 0, 0, 0, 0, NULL, 0, NULL, NULL, NULL, NULL, NULL, NULL, NULL),
(501, 'area', 7, 28, 78, 181, 'Asaduzzamam-2', 'user-496@gmail.com', '$2y$10$2nkgX.Wgvs4q3wCgICad/uz2g90yakp5Tb5y9UYGyYSslArBSJXvK', NULL, NULL, NULL, NULL, NULL, 'user-496', NULL, NULL, NULL, NULL, 0, NULL, NULL, NULL, NULL, 0, NULL, 0, NULL, 0, NULL, 0, NULL, NULL, 0, 0, 0, NULL, 'images/default/avatar.jpg', NULL, 0, 0, NULL, NULL, 0, 0, 0, 0, 0, NULL, 0, NULL, NULL, NULL, NULL, NULL, NULL, NULL),
(502, 'area', 7, 28, 78, 181, 'Keramin Mondol', 'user-497@gmail.com', '$2y$10$2nkgX.Wgvs4q3wCgICad/uz2g90yakp5Tb5y9UYGyYSslArBSJXvK', NULL, NULL, NULL, NULL, NULL, 'user-497', NULL, NULL, NULL, NULL, 0, NULL, NULL, NULL, NULL, 0, NULL, 0, NULL, 0, NULL, 0, NULL, NULL, 0, 0, 0, NULL, 'images/default/avatar.jpg', NULL, 0, 0, NULL, NULL, 0, 0, 0, 0, 0, NULL, 0, NULL, NULL, NULL, NULL, NULL, NULL, NULL),
(503, 'area', 7, 28, 78, 181, 'Molayem Hossain', 'user-498@gmail.com', '$2y$10$2nkgX.Wgvs4q3wCgICad/uz2g90yakp5Tb5y9UYGyYSslArBSJXvK', NULL, NULL, NULL, NULL, NULL, 'user-498', NULL, NULL, NULL, NULL, 0, NULL, NULL, NULL, NULL, 0, NULL, 0, NULL, 0, NULL, 0, NULL, NULL, 0, 0, 0, NULL, 'images/default/avatar.jpg', NULL, 0, 0, NULL, NULL, 0, 0, 0, 0, 0, NULL, 0, NULL, NULL, NULL, NULL, NULL, NULL, NULL),
(504, 'area', 7, 28, 78, 182, 'Ahsan Habib', 'user-499@gmail.com', '$2y$10$2nkgX.Wgvs4q3wCgICad/uz2g90yakp5Tb5y9UYGyYSslArBSJXvK', NULL, NULL, NULL, NULL, NULL, 'user-499', NULL, NULL, NULL, NULL, 0, NULL, NULL, NULL, NULL, 0, NULL, 0, NULL, 0, NULL, 0, NULL, NULL, 0, 0, 0, NULL, 'images/default/avatar.jpg', NULL, 0, 0, NULL, NULL, 0, 0, 0, 0, 0, NULL, 0, NULL, NULL, NULL, NULL, NULL, NULL, NULL),
(505, 'area', 7, 28, 78, 182, 'Rowshan Ali Minto', 'user-500@gmail.com', '$2y$10$2nkgX.Wgvs4q3wCgICad/uz2g90yakp5Tb5y9UYGyYSslArBSJXvK', NULL, NULL, NULL, NULL, NULL, 'user-500', NULL, NULL, NULL, NULL, 0, NULL, NULL, NULL, NULL, 0, NULL, 0, NULL, 0, NULL, 0, NULL, NULL, 0, 0, 0, NULL, 'images/default/avatar.jpg', NULL, 0, 0, NULL, NULL, 0, 0, 0, 0, 0, NULL, 0, NULL, NULL, NULL, NULL, NULL, NULL, NULL),
(506, 'area', 7, 28, 78, 182, 'Shamim Hossain', 'user-501@gmail.com', '$2y$10$2nkgX.Wgvs4q3wCgICad/uz2g90yakp5Tb5y9UYGyYSslArBSJXvK', NULL, NULL, NULL, NULL, NULL, 'user-501', NULL, NULL, NULL, NULL, 0, NULL, NULL, NULL, NULL, 0, NULL, 0, NULL, 0, NULL, 0, NULL, NULL, 0, 0, 0, NULL, 'images/default/avatar.jpg', NULL, 0, 0, NULL, NULL, 0, 0, 0, 0, 0, NULL, 0, NULL, NULL, NULL, NULL, NULL, NULL, NULL),
(507, 'area', 7, 28, 78, 182, 'Abu Naser', 'user-502@gmail.com', '$2y$10$2nkgX.Wgvs4q3wCgICad/uz2g90yakp5Tb5y9UYGyYSslArBSJXvK', NULL, NULL, NULL, NULL, NULL, 'user-502', NULL, NULL, NULL, NULL, 0, NULL, NULL, NULL, NULL, 0, NULL, 0, NULL, 0, NULL, 0, NULL, NULL, 0, 0, 0, NULL, 'images/default/avatar.jpg', NULL, 0, 0, NULL, NULL, 0, 0, 0, 0, 0, NULL, 0, NULL, NULL, NULL, NULL, NULL, NULL, NULL),
(508, 'area', 7, 28, 78, 182, 'Uttam Kumar Shil', 'user-503@gmail.com', '$2y$10$2nkgX.Wgvs4q3wCgICad/uz2g90yakp5Tb5y9UYGyYSslArBSJXvK', NULL, NULL, NULL, NULL, NULL, 'user-503', NULL, NULL, NULL, NULL, 0, NULL, NULL, NULL, NULL, 0, NULL, 0, NULL, 0, NULL, 0, NULL, NULL, 0, 0, 0, NULL, 'images/default/avatar.jpg', NULL, 0, 0, NULL, NULL, 0, 0, 0, 0, 0, NULL, 0, NULL, NULL, NULL, NULL, NULL, NULL, NULL),
(509, 'area', 7, 28, 79, 182, '', 'user-504@gmail.com', '$2y$10$2nkgX.Wgvs4q3wCgICad/uz2g90yakp5Tb5y9UYGyYSslArBSJXvK', NULL, NULL, NULL, NULL, NULL, 'user-504', NULL, NULL, NULL, NULL, 0, NULL, NULL, NULL, NULL, 0, NULL, 0, NULL, 0, NULL, 0, NULL, NULL, 0, 0, 0, NULL, 'images/default/avatar.jpg', NULL, 0, 0, NULL, NULL, 0, 0, 0, 0, 0, NULL, 0, NULL, NULL, NULL, NULL, NULL, NULL, NULL),
(510, 'area', 7, 28, 79, 182, '', 'user-505@gmail.com', '$2y$10$2nkgX.Wgvs4q3wCgICad/uz2g90yakp5Tb5y9UYGyYSslArBSJXvK', NULL, NULL, NULL, NULL, NULL, 'user-505', NULL, NULL, NULL, NULL, 0, NULL, NULL, NULL, NULL, 0, NULL, 0, NULL, 0, NULL, 0, NULL, NULL, 0, 0, 0, NULL, 'images/default/avatar.jpg', NULL, 0, 0, NULL, NULL, 0, 0, 0, 0, 0, NULL, 0, NULL, NULL, NULL, NULL, NULL, NULL, NULL),
(511, 'area', 8, 29, 80, 183, 'Md. Farhad Hossain', 'user-506@gmail.com', '$2y$10$2nkgX.Wgvs4q3wCgICad/uz2g90yakp5Tb5y9UYGyYSslArBSJXvK', NULL, NULL, NULL, NULL, NULL, 'user-506', NULL, NULL, NULL, NULL, 0, NULL, NULL, NULL, NULL, 0, NULL, 0, NULL, 0, NULL, 0, NULL, NULL, 0, 0, 0, NULL, 'images/default/avatar.jpg', NULL, 0, 0, NULL, NULL, 0, 0, 0, 0, 0, NULL, 0, NULL, NULL, NULL, NULL, NULL, NULL, NULL),
(512, 'area', 8, 29, 80, 183, 'Pronob kumer', 'user-507@gmail.com', '$2y$10$2nkgX.Wgvs4q3wCgICad/uz2g90yakp5Tb5y9UYGyYSslArBSJXvK', NULL, NULL, NULL, NULL, NULL, 'user-507', NULL, NULL, NULL, NULL, 0, NULL, NULL, NULL, NULL, 0, NULL, 0, NULL, 0, NULL, 0, NULL, NULL, 0, 0, 0, NULL, 'images/default/avatar.jpg', NULL, 0, 0, NULL, NULL, 0, 0, 0, 0, 0, NULL, 0, NULL, NULL, NULL, NULL, NULL, NULL, NULL),
(513, 'area', 8, 29, 80, 183, 'Krishna Debnath', 'user-508@gmail.com', '$2y$10$2nkgX.Wgvs4q3wCgICad/uz2g90yakp5Tb5y9UYGyYSslArBSJXvK', NULL, NULL, NULL, NULL, NULL, 'user-508', NULL, NULL, NULL, NULL, 0, NULL, NULL, NULL, NULL, 0, NULL, 0, NULL, 0, NULL, 0, NULL, NULL, 0, 0, 0, NULL, 'images/default/avatar.jpg', NULL, 0, 0, NULL, NULL, 0, 0, 0, 0, 0, NULL, 0, NULL, NULL, NULL, NULL, NULL, NULL, NULL),
(514, 'area', 8, 29, 80, 183, 'Khondoker Saiduzzaman', 'user-509@gmail.com', '$2y$10$2nkgX.Wgvs4q3wCgICad/uz2g90yakp5Tb5y9UYGyYSslArBSJXvK', NULL, NULL, NULL, NULL, NULL, 'user-509', NULL, NULL, NULL, NULL, 0, NULL, NULL, NULL, NULL, 0, NULL, 0, NULL, 0, NULL, 0, NULL, NULL, 0, 0, 0, NULL, 'images/default/avatar.jpg', NULL, 0, 0, NULL, NULL, 0, 0, 0, 0, 0, NULL, 0, NULL, NULL, NULL, NULL, NULL, NULL, NULL),
(515, 'area', 8, 29, 80, 183, 'Sujon Sheikh', 'user-510@gmail.com', '$2y$10$2nkgX.Wgvs4q3wCgICad/uz2g90yakp5Tb5y9UYGyYSslArBSJXvK', NULL, NULL, NULL, NULL, NULL, 'user-510', NULL, NULL, NULL, NULL, 0, NULL, NULL, NULL, NULL, 0, NULL, 0, NULL, 0, NULL, 0, NULL, NULL, 0, 0, 0, NULL, 'images/default/avatar.jpg', NULL, 0, 0, NULL, NULL, 0, 0, 0, 0, 0, NULL, 0, NULL, NULL, NULL, NULL, NULL, NULL, NULL),
(516, 'area', 8, 29, 80, 183, 'Shafiuddin Mondol', 'user-511@gmail.com', '$2y$10$2nkgX.Wgvs4q3wCgICad/uz2g90yakp5Tb5y9UYGyYSslArBSJXvK', NULL, NULL, NULL, NULL, NULL, 'user-511', NULL, NULL, NULL, NULL, 0, NULL, NULL, NULL, NULL, 0, NULL, 0, NULL, 0, NULL, 0, NULL, NULL, 0, 0, 0, NULL, 'images/default/avatar.jpg', NULL, 0, 0, NULL, NULL, 0, 0, 0, 0, 0, NULL, 0, NULL, NULL, NULL, NULL, NULL, NULL, NULL),
(517, 'area', 8, 29, 80, 184, 'Md. Farhad Hossain', 'user-512@gmail.com', '$2y$10$2nkgX.Wgvs4q3wCgICad/uz2g90yakp5Tb5y9UYGyYSslArBSJXvK', NULL, NULL, NULL, NULL, NULL, 'user-512', NULL, NULL, NULL, NULL, 0, NULL, NULL, NULL, NULL, 0, NULL, 0, NULL, 0, NULL, 0, NULL, NULL, 0, 0, 0, NULL, 'images/default/avatar.jpg', NULL, 0, 0, NULL, NULL, 0, 0, 0, 0, 0, NULL, 0, NULL, NULL, NULL, NULL, NULL, NULL, NULL),
(518, 'area', 8, 29, 80, 184, 'Md. Al Amin Sardar', 'user-513@gmail.com', '$2y$10$2nkgX.Wgvs4q3wCgICad/uz2g90yakp5Tb5y9UYGyYSslArBSJXvK', NULL, NULL, NULL, NULL, NULL, 'user-513', NULL, NULL, NULL, NULL, 0, NULL, NULL, NULL, NULL, 0, NULL, 0, NULL, 0, NULL, 0, NULL, NULL, 0, 0, 0, NULL, 'images/default/avatar.jpg', NULL, 0, 0, NULL, NULL, 0, 0, 0, 0, 0, NULL, 0, NULL, NULL, NULL, NULL, NULL, NULL, NULL),
(519, 'area', 8, 29, 80, 185, 'Md. Shohel Sarder', 'user-514@gmail.com', '$2y$10$2nkgX.Wgvs4q3wCgICad/uz2g90yakp5Tb5y9UYGyYSslArBSJXvK', NULL, NULL, NULL, NULL, NULL, 'user-514', NULL, NULL, NULL, NULL, 0, NULL, NULL, NULL, NULL, 0, NULL, 0, NULL, 0, NULL, 0, NULL, NULL, 0, 0, 0, NULL, 'images/default/avatar.jpg', NULL, 0, 0, NULL, NULL, 0, 0, 0, 0, 0, NULL, 0, NULL, NULL, NULL, NULL, NULL, NULL, NULL),
(520, 'area', 8, 29, 81, 186, 'Md. Sabuj Hossain', 'user-515@gmail.com', '$2y$10$2nkgX.Wgvs4q3wCgICad/uz2g90yakp5Tb5y9UYGyYSslArBSJXvK', NULL, NULL, NULL, NULL, NULL, 'user-515', NULL, NULL, NULL, NULL, 0, NULL, NULL, NULL, NULL, 0, NULL, 0, NULL, 0, NULL, 0, NULL, NULL, 0, 0, 0, NULL, 'images/default/avatar.jpg', NULL, 0, 0, NULL, NULL, 0, 0, 0, 0, 0, NULL, 0, NULL, NULL, NULL, NULL, NULL, NULL, NULL),
(521, 'area', 8, 29, 81, 186, 'Md. Mostafijur Rahman', 'user-516@gmail.com', '$2y$10$2nkgX.Wgvs4q3wCgICad/uz2g90yakp5Tb5y9UYGyYSslArBSJXvK', NULL, NULL, NULL, NULL, NULL, 'user-516', NULL, NULL, NULL, NULL, 0, NULL, NULL, NULL, NULL, 0, NULL, 0, NULL, 0, NULL, 0, NULL, NULL, 0, 0, 0, NULL, 'images/default/avatar.jpg', NULL, 0, 0, NULL, NULL, 0, 0, 0, 0, 0, NULL, 0, NULL, NULL, NULL, NULL, NULL, NULL, NULL),
(522, 'area', 8, 29, 81, 187, 'Joy Kumer Roy', 'user-517@gmail.com', '$2y$10$2nkgX.Wgvs4q3wCgICad/uz2g90yakp5Tb5y9UYGyYSslArBSJXvK', NULL, NULL, NULL, NULL, NULL, 'user-517', NULL, NULL, NULL, NULL, 0, NULL, NULL, NULL, NULL, 0, NULL, 0, NULL, 0, NULL, 0, NULL, NULL, 0, 0, 0, NULL, 'images/default/avatar.jpg', NULL, 0, 0, NULL, NULL, 0, 0, 0, 0, 0, NULL, 0, NULL, NULL, NULL, NULL, NULL, NULL, NULL),
(523, 'area', 8, 29, 81, 187, 'Md. Ebrahim Shekh', 'user-518@gmail.com', '$2y$10$2nkgX.Wgvs4q3wCgICad/uz2g90yakp5Tb5y9UYGyYSslArBSJXvK', NULL, NULL, NULL, NULL, NULL, 'user-518', NULL, NULL, NULL, NULL, 0, NULL, NULL, NULL, NULL, 0, NULL, 0, NULL, 0, NULL, 0, NULL, NULL, 0, 0, 0, NULL, 'images/default/avatar.jpg', NULL, 0, 0, NULL, NULL, 0, 0, 0, 0, 0, NULL, 0, NULL, NULL, NULL, NULL, NULL, NULL, NULL),
(524, 'area', 8, 29, 81, 187, 'Asadul Islam', 'user-519@gmail.com', '$2y$10$2nkgX.Wgvs4q3wCgICad/uz2g90yakp5Tb5y9UYGyYSslArBSJXvK', NULL, NULL, NULL, NULL, NULL, 'user-519', NULL, NULL, NULL, NULL, 0, NULL, NULL, NULL, NULL, 0, NULL, 0, NULL, 0, NULL, 0, NULL, NULL, 0, 0, 0, NULL, 'images/default/avatar.jpg', NULL, 0, 0, NULL, NULL, 0, 0, 0, 0, 0, NULL, 0, NULL, NULL, NULL, NULL, NULL, NULL, NULL),
(525, 'area', 8, 29, 81, 188, 'Md. Ashraful Islam', 'user-520@gmail.com', '$2y$10$2nkgX.Wgvs4q3wCgICad/uz2g90yakp5Tb5y9UYGyYSslArBSJXvK', NULL, NULL, NULL, NULL, NULL, 'user-520', NULL, NULL, NULL, NULL, 0, NULL, NULL, NULL, NULL, 0, NULL, 0, NULL, 0, NULL, 0, NULL, NULL, 0, 0, 0, NULL, 'images/default/avatar.jpg', NULL, 0, 0, NULL, NULL, 0, 0, 0, 0, 0, NULL, 0, NULL, NULL, NULL, NULL, NULL, NULL, NULL),
(526, 'area', 8, 29, 81, 188, 'Md. Mahmudul Hasan', 'user-521@gmail.com', '$2y$10$2nkgX.Wgvs4q3wCgICad/uz2g90yakp5Tb5y9UYGyYSslArBSJXvK', NULL, NULL, NULL, NULL, NULL, 'user-521', NULL, NULL, NULL, NULL, 0, NULL, NULL, NULL, NULL, 0, NULL, 0, NULL, 0, NULL, 0, NULL, NULL, 0, 0, 0, NULL, 'images/default/avatar.jpg', NULL, 0, 0, NULL, NULL, 0, 0, 0, 0, 0, NULL, 0, NULL, NULL, NULL, NULL, NULL, NULL, NULL),
(527, 'area', 8, 30, 82, 189, 'Bikash Chandra Malo', 'user-522@gmail.com', '$2y$10$2nkgX.Wgvs4q3wCgICad/uz2g90yakp5Tb5y9UYGyYSslArBSJXvK', NULL, NULL, NULL, NULL, NULL, 'user-522', NULL, NULL, NULL, NULL, 0, NULL, NULL, NULL, NULL, 0, NULL, 0, NULL, 0, NULL, 0, NULL, NULL, 0, 0, 0, NULL, 'images/default/avatar.jpg', NULL, 0, 0, NULL, NULL, 0, 0, 0, 0, 0, NULL, 0, NULL, NULL, NULL, NULL, NULL, NULL, NULL),
(528, 'area', 8, 30, 82, 189, 'Shafikul Islam', 'user-523@gmail.com', '$2y$10$2nkgX.Wgvs4q3wCgICad/uz2g90yakp5Tb5y9UYGyYSslArBSJXvK', NULL, NULL, NULL, NULL, NULL, 'user-523', NULL, NULL, NULL, NULL, 0, NULL, NULL, NULL, NULL, 0, NULL, 0, NULL, 0, NULL, 0, NULL, NULL, 0, 0, 0, NULL, 'images/default/avatar.jpg', NULL, 0, 0, NULL, NULL, 0, 0, 0, 0, 0, NULL, 0, NULL, NULL, NULL, NULL, NULL, NULL, NULL),
(529, 'area', 8, 30, 82, 189, 'Shamim reza', 'user-524@gmail.com', '$2y$10$2nkgX.Wgvs4q3wCgICad/uz2g90yakp5Tb5y9UYGyYSslArBSJXvK', NULL, NULL, NULL, NULL, NULL, 'user-524', NULL, NULL, NULL, NULL, 0, NULL, NULL, NULL, NULL, 0, NULL, 0, NULL, 0, NULL, 0, NULL, NULL, 0, 0, 0, NULL, 'images/default/avatar.jpg', NULL, 0, 0, NULL, NULL, 0, 0, 0, 0, 0, NULL, 0, NULL, NULL, NULL, NULL, NULL, NULL, NULL),
(530, 'area', 8, 30, 82, 190, 'Md. Abul Kalam', 'user-525@gmail.com', '$2y$10$2nkgX.Wgvs4q3wCgICad/uz2g90yakp5Tb5y9UYGyYSslArBSJXvK', NULL, NULL, NULL, NULL, NULL, 'user-525', NULL, NULL, NULL, NULL, 0, NULL, NULL, NULL, NULL, 0, NULL, 0, NULL, 0, NULL, 0, NULL, NULL, 0, 0, 0, NULL, 'images/default/avatar.jpg', NULL, 0, 0, NULL, NULL, 0, 0, 0, 0, 0, NULL, 0, NULL, NULL, NULL, NULL, NULL, NULL, NULL),
(531, 'area', 8, 30, 82, 190, 'Mamunur Rashid', 'user-526@gmail.com', '$2y$10$2nkgX.Wgvs4q3wCgICad/uz2g90yakp5Tb5y9UYGyYSslArBSJXvK', NULL, NULL, NULL, NULL, NULL, 'user-526', NULL, NULL, NULL, NULL, 0, NULL, NULL, NULL, NULL, 0, NULL, 0, NULL, 0, NULL, 0, NULL, NULL, 0, 0, 0, NULL, 'images/default/avatar.jpg', NULL, 0, 0, NULL, NULL, 0, 0, 0, 0, 0, NULL, 0, NULL, NULL, NULL, NULL, NULL, NULL, NULL),
(532, 'area', 8, 30, 82, 191, 'Sujon Kumer Ghosh', 'user-527@gmail.com', '$2y$10$2nkgX.Wgvs4q3wCgICad/uz2g90yakp5Tb5y9UYGyYSslArBSJXvK', NULL, NULL, NULL, NULL, NULL, 'user-527', NULL, NULL, NULL, NULL, 0, NULL, NULL, NULL, NULL, 0, NULL, 0, NULL, 0, NULL, 0, NULL, NULL, 0, 0, 0, NULL, 'images/default/avatar.jpg', NULL, 0, 0, NULL, NULL, 0, 0, 0, 0, 0, NULL, 0, NULL, NULL, NULL, NULL, NULL, NULL, NULL),
(533, 'area', 8, 30, 82, 191, 'Md. Abbas Uddin', 'user-528@gmail.com', '$2y$10$2nkgX.Wgvs4q3wCgICad/uz2g90yakp5Tb5y9UYGyYSslArBSJXvK', NULL, NULL, NULL, NULL, NULL, 'user-528', NULL, NULL, NULL, NULL, 0, NULL, NULL, NULL, NULL, 0, NULL, 0, NULL, 0, NULL, 0, NULL, NULL, 0, 0, 0, NULL, 'images/default/avatar.jpg', NULL, 0, 0, NULL, NULL, 0, 0, 0, 0, 0, NULL, 0, NULL, NULL, NULL, NULL, NULL, NULL, NULL),
(534, 'area', 8, 30, 83, 192, 'Abu Saleh Imran', 'user-529@gmail.com', '$2y$10$2nkgX.Wgvs4q3wCgICad/uz2g90yakp5Tb5y9UYGyYSslArBSJXvK', NULL, NULL, NULL, NULL, NULL, 'user-529', NULL, NULL, NULL, NULL, 0, NULL, NULL, NULL, NULL, 0, NULL, 0, NULL, 0, NULL, 0, NULL, NULL, 0, 0, 0, NULL, 'images/default/avatar.jpg', NULL, 0, 0, NULL, NULL, 0, 0, 0, 0, 0, NULL, 0, NULL, NULL, NULL, NULL, NULL, NULL, NULL),
(535, 'area', 8, 30, 83, 192, 'Gopal Shill', 'user-530@gmail.com', '$2y$10$2nkgX.Wgvs4q3wCgICad/uz2g90yakp5Tb5y9UYGyYSslArBSJXvK', NULL, NULL, NULL, NULL, NULL, 'user-530', NULL, NULL, NULL, NULL, 0, NULL, NULL, NULL, NULL, 0, NULL, 0, NULL, 0, NULL, 0, NULL, NULL, 0, 0, 0, NULL, 'images/default/avatar.jpg', NULL, 0, 0, NULL, NULL, 0, 0, 0, 0, 0, NULL, 0, NULL, NULL, NULL, NULL, NULL, NULL, NULL),
(536, 'area', 8, 30, 83, 192, 'Abu Sayed', 'user-531@gmail.com', '$2y$10$2nkgX.Wgvs4q3wCgICad/uz2g90yakp5Tb5y9UYGyYSslArBSJXvK', NULL, NULL, NULL, NULL, NULL, 'user-531', NULL, NULL, NULL, NULL, 0, NULL, NULL, NULL, NULL, 0, NULL, 0, NULL, 0, NULL, 0, NULL, NULL, 0, 0, 0, NULL, 'images/default/avatar.jpg', NULL, 0, 0, NULL, NULL, 0, 0, 0, 0, 0, NULL, 0, NULL, NULL, NULL, NULL, NULL, NULL, NULL),
(537, 'area', 8, 30, 83, 193, 'Milon Kumar Pal', 'user-532@gmail.com', '$2y$10$2nkgX.Wgvs4q3wCgICad/uz2g90yakp5Tb5y9UYGyYSslArBSJXvK', NULL, NULL, NULL, NULL, NULL, 'user-532', NULL, NULL, NULL, NULL, 0, NULL, NULL, NULL, NULL, 0, NULL, 0, NULL, 0, NULL, 0, NULL, NULL, 0, 0, 0, NULL, 'images/default/avatar.jpg', NULL, 0, 0, NULL, NULL, 0, 0, 0, 0, 0, NULL, 0, NULL, NULL, NULL, NULL, NULL, NULL, NULL),
(538, 'area', 8, 30, 83, 193, 'Niloy Chakraborty', 'user-533@gmail.com', '$2y$10$2nkgX.Wgvs4q3wCgICad/uz2g90yakp5Tb5y9UYGyYSslArBSJXvK', NULL, NULL, NULL, NULL, NULL, 'user-533', NULL, NULL, NULL, NULL, 0, NULL, NULL, NULL, NULL, 0, NULL, 0, NULL, 0, NULL, 0, NULL, NULL, 0, 0, 0, NULL, 'images/default/avatar.jpg', NULL, 0, 0, NULL, NULL, 0, 0, 0, 0, 0, NULL, 0, NULL, NULL, NULL, NULL, NULL, NULL, NULL),
(539, 'area', 8, 30, 83, 194, 'Robin Das', 'user-534@gmail.com', '$2y$10$2nkgX.Wgvs4q3wCgICad/uz2g90yakp5Tb5y9UYGyYSslArBSJXvK', NULL, NULL, NULL, NULL, NULL, 'user-534', NULL, NULL, NULL, NULL, 0, NULL, NULL, NULL, NULL, 0, NULL, 0, NULL, 0, NULL, 0, NULL, NULL, 0, 0, 0, NULL, 'images/default/avatar.jpg', NULL, 0, 0, NULL, NULL, 0, 0, 0, 0, 0, NULL, 0, NULL, NULL, NULL, NULL, NULL, NULL, NULL),
(540, 'area', 8, 31, 84, 195, 'Md. Salauddin Hawlader', 'user-535@gmail.com', '$2y$10$2nkgX.Wgvs4q3wCgICad/uz2g90yakp5Tb5y9UYGyYSslArBSJXvK', NULL, NULL, NULL, NULL, NULL, 'user-535', NULL, NULL, NULL, NULL, 0, NULL, NULL, NULL, NULL, 0, NULL, 0, NULL, 0, NULL, 0, NULL, NULL, 0, 0, 0, NULL, 'images/default/avatar.jpg', NULL, 0, 0, NULL, NULL, 0, 0, 0, 0, 0, NULL, 0, NULL, NULL, NULL, NULL, NULL, NULL, NULL),
(541, 'area', 8, 31, 84, 195, 'Shawrav Kumar', 'user-536@gmail.com', '$2y$10$2nkgX.Wgvs4q3wCgICad/uz2g90yakp5Tb5y9UYGyYSslArBSJXvK', NULL, NULL, NULL, NULL, NULL, 'user-536', NULL, NULL, NULL, NULL, 0, NULL, NULL, NULL, NULL, 0, NULL, 0, NULL, 0, NULL, 0, NULL, NULL, 0, 0, 0, NULL, 'images/default/avatar.jpg', NULL, 0, 0, NULL, NULL, 0, 0, 0, 0, 0, NULL, 0, NULL, NULL, NULL, NULL, NULL, NULL, NULL),
(542, 'area', 8, 31, 84, 195, 'Md.Sabir Hawlader', 'user-537@gmail.com', '$2y$10$2nkgX.Wgvs4q3wCgICad/uz2g90yakp5Tb5y9UYGyYSslArBSJXvK', NULL, NULL, NULL, NULL, NULL, 'user-537', NULL, NULL, NULL, NULL, 0, NULL, NULL, NULL, NULL, 0, NULL, 0, NULL, 0, NULL, 0, NULL, NULL, 0, 0, 0, NULL, 'images/default/avatar.jpg', NULL, 0, 0, NULL, NULL, 0, 0, 0, 0, 0, NULL, 0, NULL, NULL, NULL, NULL, NULL, NULL, NULL),
(543, 'area', 8, 31, 84, 196, 'Md . Abdullah Howlader', 'user-538@gmail.com', '$2y$10$2nkgX.Wgvs4q3wCgICad/uz2g90yakp5Tb5y9UYGyYSslArBSJXvK', NULL, NULL, NULL, NULL, NULL, 'user-538', NULL, NULL, NULL, NULL, 0, NULL, NULL, NULL, NULL, 0, NULL, 0, NULL, 0, NULL, 0, NULL, NULL, 0, 0, 0, NULL, 'images/default/avatar.jpg', NULL, 0, 0, NULL, NULL, 0, 0, 0, 0, 0, NULL, 0, NULL, NULL, NULL, NULL, NULL, NULL, NULL),
(544, 'area', 8, 31, 84, 196, 'Biswajit Roy', 'user-539@gmail.com', '$2y$10$2nkgX.Wgvs4q3wCgICad/uz2g90yakp5Tb5y9UYGyYSslArBSJXvK', NULL, NULL, NULL, NULL, NULL, 'user-539', NULL, NULL, NULL, NULL, 0, NULL, NULL, NULL, NULL, 0, NULL, 0, NULL, 0, NULL, 0, NULL, NULL, 0, 0, 0, NULL, 'images/default/avatar.jpg', NULL, 0, 0, NULL, NULL, 0, 0, 0, 0, 0, NULL, 0, NULL, NULL, NULL, NULL, NULL, NULL, NULL),
(545, 'area', 8, 31, 84, 196, 'Jewel Sarker', 'user-540@gmail.com', '$2y$10$2nkgX.Wgvs4q3wCgICad/uz2g90yakp5Tb5y9UYGyYSslArBSJXvK', NULL, NULL, NULL, NULL, NULL, 'user-540', NULL, NULL, NULL, NULL, 0, NULL, NULL, NULL, NULL, 0, NULL, 0, NULL, 0, NULL, 0, NULL, NULL, 0, 0, 0, NULL, 'images/default/avatar.jpg', NULL, 0, 0, NULL, NULL, 0, 0, 0, 0, 0, NULL, 0, NULL, NULL, NULL, NULL, NULL, NULL, NULL),
(546, 'area', 8, 31, 84, 196, 'Md. Mohiuddin Mintu', 'user-541@gmail.com', '$2y$10$2nkgX.Wgvs4q3wCgICad/uz2g90yakp5Tb5y9UYGyYSslArBSJXvK', NULL, NULL, NULL, NULL, NULL, 'user-541', NULL, NULL, NULL, NULL, 0, NULL, NULL, NULL, NULL, 0, NULL, 0, NULL, 0, NULL, 0, NULL, NULL, 0, 0, 0, NULL, 'images/default/avatar.jpg', NULL, 0, 0, NULL, NULL, 0, 0, 0, 0, 0, NULL, 0, NULL, NULL, NULL, NULL, NULL, NULL, NULL),
(547, 'area', 8, 31, 84, 197, 'Mintu Hawlader', 'user-542@gmail.com', '$2y$10$2nkgX.Wgvs4q3wCgICad/uz2g90yakp5Tb5y9UYGyYSslArBSJXvK', NULL, NULL, NULL, NULL, NULL, 'user-542', NULL, NULL, NULL, NULL, 0, NULL, NULL, NULL, NULL, 0, NULL, 0, NULL, 0, NULL, 0, NULL, NULL, 0, 0, 0, NULL, 'images/default/avatar.jpg', NULL, 0, 0, NULL, NULL, 0, 0, 0, 0, 0, NULL, 0, NULL, NULL, NULL, NULL, NULL, NULL, NULL),
(548, 'area', 8, 31, 85, 198, 'Md. Rafiqul Islam', 'user-543@gmail.com', '$2y$10$2nkgX.Wgvs4q3wCgICad/uz2g90yakp5Tb5y9UYGyYSslArBSJXvK', NULL, NULL, NULL, NULL, NULL, 'user-543', NULL, NULL, NULL, NULL, 0, NULL, NULL, NULL, NULL, 0, NULL, 0, NULL, 0, NULL, 0, NULL, NULL, 0, 0, 0, NULL, 'images/default/avatar.jpg', NULL, 0, 0, NULL, NULL, 0, 0, 0, 0, 0, NULL, 0, NULL, NULL, NULL, NULL, NULL, NULL, NULL),
(549, 'area', 8, 31, 85, 199, 'Sujon Biswash', 'user-544@gmail.com', '$2y$10$2nkgX.Wgvs4q3wCgICad/uz2g90yakp5Tb5y9UYGyYSslArBSJXvK', NULL, NULL, NULL, NULL, NULL, 'user-544', NULL, NULL, NULL, NULL, 0, NULL, NULL, NULL, NULL, 0, NULL, 0, NULL, 0, NULL, 0, NULL, NULL, 0, 0, 0, NULL, 'images/default/avatar.jpg', NULL, 0, 0, NULL, NULL, 0, 0, 0, 0, 0, NULL, 0, NULL, NULL, NULL, NULL, NULL, NULL, NULL),
(550, 'area', 8, 31, 85, 199, 'Md. Muklesur Rahman', 'user-545@gmail.com', '$2y$10$2nkgX.Wgvs4q3wCgICad/uz2g90yakp5Tb5y9UYGyYSslArBSJXvK', NULL, NULL, NULL, NULL, NULL, 'user-545', NULL, NULL, NULL, NULL, 0, NULL, NULL, NULL, NULL, 0, NULL, 0, NULL, 0, NULL, 0, NULL, NULL, 0, 0, 0, NULL, 'images/default/avatar.jpg', NULL, 0, 0, NULL, NULL, 0, 0, 0, 0, 0, NULL, 0, NULL, NULL, NULL, NULL, NULL, NULL, NULL),
(551, 'area', 8, 31, 86, 200, 'Md. Mohibullah', 'user-546@gmail.com', '$2y$10$2nkgX.Wgvs4q3wCgICad/uz2g90yakp5Tb5y9UYGyYSslArBSJXvK', NULL, NULL, NULL, NULL, NULL, 'user-546', NULL, NULL, NULL, NULL, 0, NULL, NULL, NULL, NULL, 0, NULL, 0, NULL, 0, NULL, 0, NULL, NULL, 0, 0, 0, NULL, 'images/default/avatar.jpg', NULL, 0, 0, NULL, NULL, 0, 0, 0, 0, 0, NULL, 0, NULL, NULL, NULL, NULL, NULL, NULL, NULL),
(552, 'area', 8, 31, 86, 201, 'Md. Taifur Rahman', 'user-547@gmail.com', '$2y$10$2nkgX.Wgvs4q3wCgICad/uz2g90yakp5Tb5y9UYGyYSslArBSJXvK', NULL, NULL, NULL, NULL, NULL, 'user-547', NULL, NULL, NULL, NULL, 0, NULL, NULL, NULL, NULL, 0, NULL, 0, NULL, 0, NULL, 0, NULL, NULL, 0, 0, 0, NULL, 'images/default/avatar.jpg', NULL, 0, 0, NULL, NULL, 0, 0, 0, 0, 0, NULL, 0, NULL, NULL, NULL, NULL, NULL, NULL, NULL),
(553, 'area', 8, 31, 86, 202, 'Md. Zakaria', 'user-548@gmail.com', '$2y$10$2nkgX.Wgvs4q3wCgICad/uz2g90yakp5Tb5y9UYGyYSslArBSJXvK', NULL, NULL, NULL, NULL, NULL, 'user-548', NULL, NULL, NULL, NULL, 0, NULL, NULL, NULL, NULL, 0, NULL, 0, NULL, 0, NULL, 0, NULL, NULL, 0, 0, 0, NULL, 'images/default/avatar.jpg', NULL, 0, 0, NULL, NULL, 0, 0, 0, 0, 0, NULL, 0, NULL, NULL, NULL, NULL, NULL, NULL, NULL),
(554, 'area', 8, 32, 87, 203, 'Md. Kamrul Ahsan', 'user-549@gmail.com', '$2y$10$2nkgX.Wgvs4q3wCgICad/uz2g90yakp5Tb5y9UYGyYSslArBSJXvK', NULL, NULL, NULL, NULL, NULL, 'user-549', NULL, NULL, NULL, NULL, 0, NULL, NULL, NULL, NULL, 0, NULL, 0, NULL, 0, NULL, 0, NULL, NULL, 0, 0, 0, NULL, 'images/default/avatar.jpg', NULL, 0, 0, NULL, NULL, 0, 0, 0, 0, 0, NULL, 0, NULL, NULL, NULL, NULL, NULL, NULL, NULL),
(555, 'area', 8, 32, 87, 203, 'Md. Sayem', 'user-550@gmail.com', '$2y$10$2nkgX.Wgvs4q3wCgICad/uz2g90yakp5Tb5y9UYGyYSslArBSJXvK', NULL, NULL, NULL, NULL, NULL, 'user-550', NULL, NULL, NULL, NULL, 0, NULL, NULL, NULL, NULL, 0, NULL, 0, NULL, 0, NULL, 0, NULL, NULL, 0, 0, 0, NULL, 'images/default/avatar.jpg', NULL, 0, 0, NULL, NULL, 0, 0, 0, 0, 0, NULL, 0, NULL, NULL, NULL, NULL, NULL, NULL, NULL),
(556, 'area', 8, 32, 87, 203, 'Md. Mostafa', 'user-551@gmail.com', '$2y$10$2nkgX.Wgvs4q3wCgICad/uz2g90yakp5Tb5y9UYGyYSslArBSJXvK', NULL, NULL, NULL, NULL, NULL, 'user-551', NULL, NULL, NULL, NULL, 0, NULL, NULL, NULL, NULL, 0, NULL, 0, NULL, 0, NULL, 0, NULL, NULL, 0, 0, 0, NULL, 'images/default/avatar.jpg', NULL, 0, 0, NULL, NULL, 0, 0, 0, 0, 0, NULL, 0, NULL, NULL, NULL, NULL, NULL, NULL, NULL),
(557, 'area', 8, 32, 87, 203, 'Md. Ibrahim Shamim', 'user-552@gmail.com', '$2y$10$2nkgX.Wgvs4q3wCgICad/uz2g90yakp5Tb5y9UYGyYSslArBSJXvK', NULL, NULL, NULL, NULL, NULL, 'user-552', NULL, NULL, NULL, NULL, 0, NULL, NULL, NULL, NULL, 0, NULL, 0, NULL, 0, NULL, 0, NULL, NULL, 0, 0, 0, NULL, 'images/default/avatar.jpg', NULL, 0, 0, NULL, NULL, 0, 0, 0, 0, 0, NULL, 0, NULL, NULL, NULL, NULL, NULL, NULL, NULL),
(558, 'area', 8, 32, 87, 204, 'Md. Sahabuddin', 'user-553@gmail.com', '$2y$10$2nkgX.Wgvs4q3wCgICad/uz2g90yakp5Tb5y9UYGyYSslArBSJXvK', NULL, NULL, NULL, NULL, NULL, 'user-553', NULL, NULL, NULL, NULL, 0, NULL, NULL, NULL, NULL, 0, NULL, 0, NULL, 0, NULL, 0, NULL, NULL, 0, 0, 0, NULL, 'images/default/avatar.jpg', NULL, 0, 0, NULL, NULL, 0, 0, 0, 0, 0, NULL, 0, NULL, NULL, NULL, NULL, NULL, NULL, NULL),
(559, 'area', 8, 32, 87, 204, 'Md. Farhad Hossain', 'user-554@gmail.com', '$2y$10$2nkgX.Wgvs4q3wCgICad/uz2g90yakp5Tb5y9UYGyYSslArBSJXvK', NULL, NULL, NULL, NULL, NULL, 'user-554', NULL, NULL, NULL, NULL, 0, NULL, NULL, NULL, NULL, 0, NULL, 0, NULL, 0, NULL, 0, NULL, NULL, 0, 0, 0, NULL, 'images/default/avatar.jpg', NULL, 0, 0, NULL, NULL, 0, 0, 0, 0, 0, NULL, 0, NULL, NULL, NULL, NULL, NULL, NULL, NULL),
(560, 'area', 8, 32, 87, 205, 'Md. Kamrul Islam', 'user-555@gmail.com', '$2y$10$2nkgX.Wgvs4q3wCgICad/uz2g90yakp5Tb5y9UYGyYSslArBSJXvK', NULL, NULL, NULL, NULL, NULL, 'user-555', NULL, NULL, NULL, NULL, 0, NULL, NULL, NULL, NULL, 0, NULL, 0, NULL, 0, NULL, 0, NULL, NULL, 0, 0, 0, NULL, 'images/default/avatar.jpg', NULL, 0, 0, NULL, NULL, 0, 0, 0, 0, 0, NULL, 0, NULL, NULL, NULL, NULL, NULL, NULL, NULL),
(561, 'area', 8, 32, 87, 205, 'Md. Rokonuzzaman', 'user-556@gmail.com', '$2y$10$2nkgX.Wgvs4q3wCgICad/uz2g90yakp5Tb5y9UYGyYSslArBSJXvK', NULL, NULL, NULL, NULL, NULL, 'user-556', NULL, NULL, NULL, NULL, 0, NULL, NULL, NULL, NULL, 0, NULL, 0, NULL, 0, NULL, 0, NULL, NULL, 0, 0, 0, NULL, 'images/default/avatar.jpg', NULL, 0, 0, NULL, NULL, 0, 0, 0, 0, 0, NULL, 0, NULL, NULL, NULL, NULL, NULL, NULL, NULL),
(562, 'area', 8, 32, 88, 206, 'Md. Rubel', 'user-557@gmail.com', '$2y$10$2nkgX.Wgvs4q3wCgICad/uz2g90yakp5Tb5y9UYGyYSslArBSJXvK', NULL, NULL, NULL, NULL, NULL, 'user-557', NULL, NULL, NULL, NULL, 0, NULL, NULL, NULL, NULL, 0, NULL, 0, NULL, 0, NULL, 0, NULL, NULL, 0, 0, 0, NULL, 'images/default/avatar.jpg', NULL, 0, 0, NULL, NULL, 0, 0, 0, 0, 0, NULL, 0, NULL, NULL, NULL, NULL, NULL, NULL, NULL),
(563, 'area', 8, 32, 88, 206, 'Md. Ebrahim Khalil', 'user-558@gmail.com', '$2y$10$2nkgX.Wgvs4q3wCgICad/uz2g90yakp5Tb5y9UYGyYSslArBSJXvK', NULL, NULL, NULL, NULL, NULL, 'user-558', NULL, NULL, NULL, NULL, 0, NULL, NULL, NULL, NULL, 0, NULL, 0, NULL, 0, NULL, 0, NULL, NULL, 0, 0, 0, NULL, 'images/default/avatar.jpg', NULL, 0, 0, NULL, NULL, 0, 0, 0, 0, 0, NULL, 0, NULL, NULL, NULL, NULL, NULL, NULL, NULL),
(564, 'area', 8, 32, 88, 207, 'Md. Rakibul Islam', 'user-559@gmail.com', '$2y$10$2nkgX.Wgvs4q3wCgICad/uz2g90yakp5Tb5y9UYGyYSslArBSJXvK', NULL, NULL, NULL, NULL, NULL, 'user-559', NULL, NULL, NULL, NULL, 0, NULL, NULL, NULL, NULL, 0, NULL, 0, NULL, 0, NULL, 0, NULL, NULL, 0, 0, 0, NULL, 'images/default/avatar.jpg', NULL, 0, 0, NULL, NULL, 0, 0, 0, 0, 0, NULL, 0, NULL, NULL, NULL, NULL, NULL, NULL, NULL),
(565, 'area', 8, 32, 88, 207, 'Md. Rubel', 'user-560@gmail.com', '$2y$10$2nkgX.Wgvs4q3wCgICad/uz2g90yakp5Tb5y9UYGyYSslArBSJXvK', NULL, NULL, NULL, NULL, NULL, 'user-560', NULL, NULL, NULL, NULL, 0, NULL, NULL, NULL, NULL, 0, NULL, 0, NULL, 0, NULL, 0, NULL, NULL, 0, 0, 0, NULL, 'images/default/avatar.jpg', NULL, 0, 0, NULL, NULL, 0, 0, 0, 0, 0, NULL, 0, NULL, NULL, NULL, NULL, NULL, NULL, NULL),
(566, 'area', 8, 32, 88, 208, 'Md. Moyen Alam Chow.', 'user-561@gmail.com', '$2y$10$2nkgX.Wgvs4q3wCgICad/uz2g90yakp5Tb5y9UYGyYSslArBSJXvK', NULL, NULL, NULL, NULL, NULL, 'user-561', NULL, NULL, NULL, NULL, 0, NULL, NULL, NULL, NULL, 0, NULL, 0, NULL, 0, NULL, 0, NULL, NULL, 0, 0, 0, NULL, 'images/default/avatar.jpg', NULL, 0, 0, NULL, NULL, 0, 0, 0, 0, 0, NULL, 0, NULL, NULL, NULL, NULL, NULL, NULL, NULL),
(567, 'area', 8, 33, 89, 209, 'Md.Fazlur Rahman', 'user-562@gmail.com', '$2y$10$2nkgX.Wgvs4q3wCgICad/uz2g90yakp5Tb5y9UYGyYSslArBSJXvK', NULL, NULL, NULL, NULL, NULL, 'user-562', NULL, NULL, NULL, NULL, 0, NULL, NULL, NULL, NULL, 0, NULL, 0, NULL, 0, NULL, 0, NULL, NULL, 0, 0, 0, NULL, 'images/default/avatar.jpg', NULL, 0, 0, NULL, NULL, 0, 0, 0, 0, 0, NULL, 0, NULL, NULL, NULL, NULL, NULL, NULL, NULL),
(568, 'area', 8, 33, 89, 209, 'Md.Mehedi Hassan', 'user-563@gmail.com', '$2y$10$2nkgX.Wgvs4q3wCgICad/uz2g90yakp5Tb5y9UYGyYSslArBSJXvK', NULL, NULL, NULL, NULL, NULL, 'user-563', NULL, NULL, NULL, NULL, 0, NULL, NULL, NULL, NULL, 0, NULL, 0, NULL, 0, NULL, 0, NULL, NULL, 0, 0, 0, NULL, 'images/default/avatar.jpg', NULL, 0, 0, NULL, NULL, 0, 0, 0, 0, 0, NULL, 0, NULL, NULL, NULL, NULL, NULL, NULL, NULL),
(569, 'area', 8, 33, 89, 210, 'Md.Masum Billah', 'user-564@gmail.com', '$2y$10$2nkgX.Wgvs4q3wCgICad/uz2g90yakp5Tb5y9UYGyYSslArBSJXvK', NULL, NULL, NULL, NULL, NULL, 'user-564', NULL, NULL, NULL, NULL, 0, NULL, NULL, NULL, NULL, 0, NULL, 0, NULL, 0, NULL, 0, NULL, NULL, 0, 0, 0, NULL, 'images/default/avatar.jpg', NULL, 0, 0, NULL, NULL, 0, 0, 0, 0, 0, NULL, 0, NULL, NULL, NULL, NULL, NULL, NULL, NULL),
(570, 'area', 8, 33, 90, 211, 'Md.Nazrul Islam ', 'user-565@gmail.com', '$2y$10$2nkgX.Wgvs4q3wCgICad/uz2g90yakp5Tb5y9UYGyYSslArBSJXvK', NULL, NULL, NULL, NULL, NULL, 'user-565', NULL, NULL, NULL, NULL, 0, NULL, NULL, NULL, NULL, 0, NULL, 0, NULL, 0, NULL, 0, NULL, NULL, 0, 0, 0, NULL, 'images/default/avatar.jpg', NULL, 0, 0, NULL, NULL, 0, 0, 0, 0, 0, NULL, 0, NULL, NULL, NULL, NULL, NULL, NULL, NULL),
(571, 'area', 8, 33, 90, 211, 'Md.Shohel', 'user-566@gmail.com', '$2y$10$2nkgX.Wgvs4q3wCgICad/uz2g90yakp5Tb5y9UYGyYSslArBSJXvK', NULL, NULL, NULL, NULL, NULL, 'user-566', NULL, NULL, NULL, NULL, 0, NULL, NULL, NULL, NULL, 0, NULL, 0, NULL, 0, NULL, 0, NULL, NULL, 0, 0, 0, NULL, 'images/default/avatar.jpg', NULL, 0, 0, NULL, NULL, 0, 0, 0, 0, 0, NULL, 0, NULL, NULL, NULL, NULL, NULL, NULL, NULL),
(572, 'area', 8, 33, 90, 212, 'Md. Fardous', 'user-567@gmail.com', '$2y$10$2nkgX.Wgvs4q3wCgICad/uz2g90yakp5Tb5y9UYGyYSslArBSJXvK', NULL, NULL, NULL, NULL, NULL, 'user-567', NULL, NULL, NULL, NULL, 0, NULL, NULL, NULL, NULL, 0, NULL, 0, NULL, 0, NULL, 0, NULL, NULL, 0, 0, 0, NULL, 'images/default/avatar.jpg', NULL, 0, 0, NULL, NULL, 0, 0, 0, 0, 0, NULL, 0, NULL, NULL, NULL, NULL, NULL, NULL, NULL),
(573, 'area', 8, 33, 90, 212, 'Md.Mohibullah', 'user-568@gmail.com', '$2y$10$2nkgX.Wgvs4q3wCgICad/uz2g90yakp5Tb5y9UYGyYSslArBSJXvK', NULL, NULL, NULL, NULL, NULL, 'user-568', NULL, NULL, NULL, NULL, 0, NULL, NULL, NULL, NULL, 0, NULL, 0, NULL, 0, NULL, 0, NULL, NULL, 0, 0, 0, NULL, 'images/default/avatar.jpg', NULL, 0, 0, NULL, NULL, 0, 0, 0, 0, 0, NULL, 0, NULL, NULL, NULL, NULL, NULL, NULL, NULL),
(574, 'area', 8, 33, 91, 213, 'Palash Kumer', 'user-569@gmail.com', '$2y$10$2nkgX.Wgvs4q3wCgICad/uz2g90yakp5Tb5y9UYGyYSslArBSJXvK', NULL, NULL, NULL, NULL, NULL, 'user-569', NULL, NULL, NULL, NULL, 0, NULL, NULL, NULL, NULL, 0, NULL, 0, NULL, 0, NULL, 0, NULL, NULL, 0, 0, 0, NULL, 'images/default/avatar.jpg', NULL, 0, 0, NULL, NULL, 0, 0, 0, 0, 0, NULL, 0, NULL, NULL, NULL, NULL, NULL, NULL, NULL),
(575, 'area', 8, 33, 91, 213, 'Md.Al Amin', 'user-570@gmail.com', '$2y$10$2nkgX.Wgvs4q3wCgICad/uz2g90yakp5Tb5y9UYGyYSslArBSJXvK', NULL, NULL, NULL, NULL, NULL, 'user-570', NULL, NULL, NULL, NULL, 0, NULL, NULL, NULL, NULL, 0, NULL, 0, NULL, 0, NULL, 0, NULL, NULL, 0, 0, 0, NULL, 'images/default/avatar.jpg', NULL, 0, 0, NULL, NULL, 0, 0, 0, 0, 0, NULL, 0, NULL, NULL, NULL, NULL, NULL, NULL, NULL),
(576, 'area', 8, 33, 91, 214, 'Md.Milon', 'user-571@gmail.com', '$2y$10$2nkgX.Wgvs4q3wCgICad/uz2g90yakp5Tb5y9UYGyYSslArBSJXvK', NULL, NULL, NULL, NULL, NULL, 'user-571', NULL, NULL, NULL, NULL, 0, NULL, NULL, NULL, NULL, 0, NULL, 0, NULL, 0, NULL, 0, NULL, NULL, 0, 0, 0, NULL, 'images/default/avatar.jpg', NULL, 0, 0, NULL, NULL, 0, 0, 0, 0, 0, NULL, 0, NULL, NULL, NULL, NULL, NULL, NULL, NULL),
(577, 'area', 8, 33, 91, 215, 'Md. Alauddin', 'user-572@gmail.com', '$2y$10$2nkgX.Wgvs4q3wCgICad/uz2g90yakp5Tb5y9UYGyYSslArBSJXvK', NULL, NULL, NULL, NULL, NULL, 'user-572', NULL, NULL, NULL, NULL, 0, NULL, NULL, NULL, NULL, 0, NULL, 0, NULL, 0, NULL, 0, NULL, NULL, 0, 0, 0, NULL, 'images/default/avatar.jpg', NULL, 0, 0, NULL, NULL, 0, 0, 0, 0, 0, NULL, 0, NULL, NULL, NULL, NULL, NULL, NULL, NULL),
(578, 'area', 8, 33, 91, 215, 'Md.Dulal Mia', 'user-573@gmail.com', '$2y$10$2nkgX.Wgvs4q3wCgICad/uz2g90yakp5Tb5y9UYGyYSslArBSJXvK', NULL, NULL, NULL, NULL, NULL, 'user-573', NULL, NULL, NULL, NULL, 0, NULL, NULL, NULL, NULL, 0, NULL, 0, NULL, 0, NULL, 0, NULL, NULL, 0, 0, 0, NULL, 'images/default/avatar.jpg', NULL, 0, 0, NULL, NULL, 0, 0, 0, 0, 0, NULL, 0, NULL, NULL, NULL, NULL, NULL, NULL, NULL),
(579, 'area', 9, 34, 92, 216, 'Rocky Ahemed Chy.', 'user-574@gmail.com', '$2y$10$2nkgX.Wgvs4q3wCgICad/uz2g90yakp5Tb5y9UYGyYSslArBSJXvK', NULL, NULL, NULL, NULL, NULL, 'user-574', NULL, NULL, NULL, NULL, 0, NULL, NULL, NULL, NULL, 0, NULL, 0, NULL, 0, NULL, 0, NULL, NULL, 0, 0, 0, NULL, 'images/default/avatar.jpg', NULL, 0, 0, NULL, NULL, 0, 0, 0, 0, 0, NULL, 0, NULL, NULL, NULL, NULL, NULL, NULL, NULL),
(580, 'area', 9, 34, 92, 216, 'Chandon Mia ', 'user-575@gmail.com', '$2y$10$2nkgX.Wgvs4q3wCgICad/uz2g90yakp5Tb5y9UYGyYSslArBSJXvK', NULL, NULL, NULL, NULL, NULL, 'user-575', NULL, NULL, NULL, NULL, 0, NULL, NULL, NULL, NULL, 0, NULL, 0, NULL, 0, NULL, 0, NULL, NULL, 0, 0, 0, NULL, 'images/default/avatar.jpg', NULL, 0, 0, NULL, NULL, 0, 0, 0, 0, 0, NULL, 0, NULL, NULL, NULL, NULL, NULL, NULL, NULL),
(581, 'area', 9, 34, 92, 216, 'Mizanur Rahman (1)', 'user-576@gmail.com', '$2y$10$2nkgX.Wgvs4q3wCgICad/uz2g90yakp5Tb5y9UYGyYSslArBSJXvK', NULL, NULL, NULL, NULL, NULL, 'user-576', NULL, NULL, NULL, NULL, 0, NULL, NULL, NULL, NULL, 0, NULL, 0, NULL, 0, NULL, 0, NULL, NULL, 0, 0, 0, NULL, 'images/default/avatar.jpg', NULL, 0, 0, NULL, NULL, 0, 0, 0, 0, 0, NULL, 0, NULL, NULL, NULL, NULL, NULL, NULL, NULL),
(582, 'area', 9, 34, 92, 216, 'Shidul Das', 'user-577@gmail.com', '$2y$10$2nkgX.Wgvs4q3wCgICad/uz2g90yakp5Tb5y9UYGyYSslArBSJXvK', NULL, NULL, NULL, NULL, NULL, 'user-577', NULL, NULL, NULL, NULL, 0, NULL, NULL, NULL, NULL, 0, NULL, 0, NULL, 0, NULL, 0, NULL, NULL, 0, 0, 0, NULL, 'images/default/avatar.jpg', NULL, 0, 0, NULL, NULL, 0, 0, 0, 0, 0, NULL, 0, NULL, NULL, NULL, NULL, NULL, NULL, NULL),
(583, 'area', 9, 34, 92, 216, 'Afsar Ahmed', 'user-578@gmail.com', '$2y$10$2nkgX.Wgvs4q3wCgICad/uz2g90yakp5Tb5y9UYGyYSslArBSJXvK', NULL, NULL, NULL, NULL, NULL, 'user-578', NULL, NULL, NULL, NULL, 0, NULL, NULL, NULL, NULL, 0, NULL, 0, NULL, 0, NULL, 0, NULL, NULL, 0, 0, 0, NULL, 'images/default/avatar.jpg', NULL, 0, 0, NULL, NULL, 0, 0, 0, 0, 0, NULL, 0, NULL, NULL, NULL, NULL, NULL, NULL, NULL),
(584, 'area', 9, 34, 93, 217, 'Real Talukder', 'user-579@gmail.com', '$2y$10$2nkgX.Wgvs4q3wCgICad/uz2g90yakp5Tb5y9UYGyYSslArBSJXvK', NULL, NULL, NULL, NULL, NULL, 'user-579', NULL, NULL, NULL, NULL, 0, NULL, NULL, NULL, NULL, 0, NULL, 0, NULL, 0, NULL, 0, NULL, NULL, 0, 0, 0, NULL, 'images/default/avatar.jpg', NULL, 0, 0, NULL, NULL, 0, 0, 0, 0, 0, NULL, 0, NULL, NULL, NULL, NULL, NULL, NULL, NULL),
(585, 'area', 9, 34, 93, 217, 'Mizanur Rahman (2)', 'user-580@gmail.com', '$2y$10$2nkgX.Wgvs4q3wCgICad/uz2g90yakp5Tb5y9UYGyYSslArBSJXvK', NULL, NULL, NULL, NULL, NULL, 'user-580', NULL, NULL, NULL, NULL, 0, NULL, NULL, NULL, NULL, 0, NULL, 0, NULL, 0, NULL, 0, NULL, NULL, 0, 0, 0, NULL, 'images/default/avatar.jpg', NULL, 0, 0, NULL, NULL, 0, 0, 0, 0, 0, NULL, 0, NULL, NULL, NULL, NULL, NULL, NULL, NULL),
(586, 'area', 9, 34, 93, 217, 'Md. Abu Sayed', 'user-581@gmail.com', '$2y$10$2nkgX.Wgvs4q3wCgICad/uz2g90yakp5Tb5y9UYGyYSslArBSJXvK', NULL, NULL, NULL, NULL, NULL, 'user-581', NULL, NULL, NULL, NULL, 0, NULL, NULL, NULL, NULL, 0, NULL, 0, NULL, 0, NULL, 0, NULL, NULL, 0, 0, 0, NULL, 'images/default/avatar.jpg', NULL, 0, 0, NULL, NULL, 0, 0, 0, 0, 0, NULL, 0, NULL, NULL, NULL, NULL, NULL, NULL, NULL),
(587, 'area', 9, 34, 93, 218, 'Roman Mia', 'user-582@gmail.com', '$2y$10$2nkgX.Wgvs4q3wCgICad/uz2g90yakp5Tb5y9UYGyYSslArBSJXvK', NULL, NULL, NULL, NULL, NULL, 'user-582', NULL, NULL, NULL, NULL, 0, NULL, NULL, NULL, NULL, 0, NULL, 0, NULL, 0, NULL, 0, NULL, NULL, 0, 0, 0, NULL, 'images/default/avatar.jpg', NULL, 0, 0, NULL, NULL, 0, 0, 0, 0, 0, NULL, 0, NULL, NULL, NULL, NULL, NULL, NULL, NULL),
(588, 'area', 9, 34, 94, 219, 'Najmul Hossain', 'user-583@gmail.com', '$2y$10$2nkgX.Wgvs4q3wCgICad/uz2g90yakp5Tb5y9UYGyYSslArBSJXvK', NULL, NULL, NULL, NULL, NULL, 'user-583', NULL, NULL, NULL, NULL, 0, NULL, NULL, NULL, NULL, 0, NULL, 0, NULL, 0, NULL, 0, NULL, NULL, 0, 0, 0, NULL, 'images/default/avatar.jpg', NULL, 0, 0, NULL, NULL, 0, 0, 0, 0, 0, NULL, 0, NULL, NULL, NULL, NULL, NULL, NULL, NULL),
(589, 'area', 9, 34, 94, 219, 'Shopon Mia', 'user-584@gmail.com', '$2y$10$2nkgX.Wgvs4q3wCgICad/uz2g90yakp5Tb5y9UYGyYSslArBSJXvK', NULL, NULL, NULL, NULL, NULL, 'user-584', NULL, NULL, NULL, NULL, 0, NULL, NULL, NULL, NULL, 0, NULL, 0, NULL, 0, NULL, 0, NULL, NULL, 0, 0, 0, NULL, 'images/default/avatar.jpg', NULL, 0, 0, NULL, NULL, 0, 0, 0, 0, 0, NULL, 0, NULL, NULL, NULL, NULL, NULL, NULL, NULL),
(590, 'area', 9, 34, 94, 220, 'Rokon Uddin', 'user-585@gmail.com', '$2y$10$2nkgX.Wgvs4q3wCgICad/uz2g90yakp5Tb5y9UYGyYSslArBSJXvK', NULL, NULL, NULL, NULL, NULL, 'user-585', NULL, NULL, NULL, NULL, 0, NULL, NULL, NULL, NULL, 0, NULL, 0, NULL, 0, NULL, 0, NULL, NULL, 0, 0, 0, NULL, 'images/default/avatar.jpg', NULL, 0, 0, NULL, NULL, 0, 0, 0, 0, 0, NULL, 0, NULL, NULL, NULL, NULL, NULL, NULL, NULL),
(591, 'area', 9, 34, 94, 220, 'Jobayer', 'user-586@gmail.com', '$2y$10$2nkgX.Wgvs4q3wCgICad/uz2g90yakp5Tb5y9UYGyYSslArBSJXvK', NULL, NULL, NULL, NULL, NULL, 'user-586', NULL, NULL, NULL, NULL, 0, NULL, NULL, NULL, NULL, 0, NULL, 0, NULL, 0, NULL, 0, NULL, NULL, 0, 0, 0, NULL, 'images/default/avatar.jpg', NULL, 0, 0, NULL, NULL, 0, 0, 0, 0, 0, NULL, 0, NULL, NULL, NULL, NULL, NULL, NULL, NULL),
(592, 'area', 9, 35, 95, 221, 'Raju Ahamed Chy.', 'user-587@gmail.com', '$2y$10$2nkgX.Wgvs4q3wCgICad/uz2g90yakp5Tb5y9UYGyYSslArBSJXvK', NULL, NULL, NULL, NULL, NULL, 'user-587', NULL, NULL, NULL, NULL, 0, NULL, NULL, NULL, NULL, 0, NULL, 0, NULL, 0, NULL, 0, NULL, NULL, 0, 0, 0, NULL, 'images/default/avatar.jpg', NULL, 0, 0, NULL, NULL, 0, 0, 0, 0, 0, NULL, 0, NULL, NULL, NULL, NULL, NULL, NULL, NULL),
(593, 'area', 9, 35, 95, 221, 'Yousuf Mia', 'user-588@gmail.com', '$2y$10$2nkgX.Wgvs4q3wCgICad/uz2g90yakp5Tb5y9UYGyYSslArBSJXvK', NULL, NULL, NULL, NULL, NULL, 'user-588', NULL, NULL, NULL, NULL, 0, NULL, NULL, NULL, NULL, 0, NULL, 0, NULL, 0, NULL, 0, NULL, NULL, 0, 0, 0, NULL, 'images/default/avatar.jpg', NULL, 0, 0, NULL, NULL, 0, 0, 0, 0, 0, NULL, 0, NULL, NULL, NULL, NULL, NULL, NULL, NULL),
(594, 'area', 9, 35, 95, 221, 'Md. Atiqur Rahman', 'user-589@gmail.com', '$2y$10$2nkgX.Wgvs4q3wCgICad/uz2g90yakp5Tb5y9UYGyYSslArBSJXvK', NULL, NULL, NULL, NULL, NULL, 'user-589', NULL, NULL, NULL, NULL, 0, NULL, NULL, NULL, NULL, 0, NULL, 0, NULL, 0, NULL, 0, NULL, NULL, 0, 0, 0, NULL, 'images/default/avatar.jpg', NULL, 0, 0, NULL, NULL, 0, 0, 0, 0, 0, NULL, 0, NULL, NULL, NULL, NULL, NULL, NULL, NULL),
(595, 'area', 9, 35, 95, 221, 'Md. Towhid', 'user-590@gmail.com', '$2y$10$2nkgX.Wgvs4q3wCgICad/uz2g90yakp5Tb5y9UYGyYSslArBSJXvK', NULL, NULL, NULL, NULL, NULL, 'user-590', NULL, NULL, NULL, NULL, 0, NULL, NULL, NULL, NULL, 0, NULL, 0, NULL, 0, NULL, 0, NULL, NULL, 0, 0, 0, NULL, 'images/default/avatar.jpg', NULL, 0, 0, NULL, NULL, 0, 0, 0, 0, 0, NULL, 0, NULL, NULL, NULL, NULL, NULL, NULL, NULL),
(596, 'area', 9, 35, 95, 222, 'Subol Chandro', 'user-591@gmail.com', '$2y$10$2nkgX.Wgvs4q3wCgICad/uz2g90yakp5Tb5y9UYGyYSslArBSJXvK', NULL, NULL, NULL, NULL, NULL, 'user-591', NULL, NULL, NULL, NULL, 0, NULL, NULL, NULL, NULL, 0, NULL, 0, NULL, 0, NULL, 0, NULL, NULL, 0, 0, 0, NULL, 'images/default/avatar.jpg', NULL, 0, 0, NULL, NULL, 0, 0, 0, 0, 0, NULL, 0, NULL, NULL, NULL, NULL, NULL, NULL, NULL),
(597, 'area', 9, 35, 95, 222, 'Rejaul Islam', 'user-592@gmail.com', '$2y$10$2nkgX.Wgvs4q3wCgICad/uz2g90yakp5Tb5y9UYGyYSslArBSJXvK', NULL, NULL, NULL, NULL, NULL, 'user-592', NULL, NULL, NULL, NULL, 0, NULL, NULL, NULL, NULL, 0, NULL, 0, NULL, 0, NULL, 0, NULL, NULL, 0, 0, 0, NULL, 'images/default/avatar.jpg', NULL, 0, 0, NULL, NULL, 0, 0, 0, 0, 0, NULL, 0, NULL, NULL, NULL, NULL, NULL, NULL, NULL),
(598, 'area', 9, 35, 95, 223, 'Jomatul Islam', 'user-593@gmail.com', '$2y$10$2nkgX.Wgvs4q3wCgICad/uz2g90yakp5Tb5y9UYGyYSslArBSJXvK', NULL, NULL, NULL, NULL, NULL, 'user-593', NULL, NULL, NULL, NULL, 0, NULL, NULL, NULL, NULL, 0, NULL, 0, NULL, 0, NULL, 0, NULL, NULL, 0, 0, 0, NULL, 'images/default/avatar.jpg', NULL, 0, 0, NULL, NULL, 0, 0, 0, 0, 0, NULL, 0, NULL, NULL, NULL, NULL, NULL, NULL, NULL),
(599, 'area', 9, 35, 95, 223, 'Sirajul Islam', 'user-594@gmail.com', '$2y$10$2nkgX.Wgvs4q3wCgICad/uz2g90yakp5Tb5y9UYGyYSslArBSJXvK', NULL, NULL, NULL, NULL, NULL, 'user-594', NULL, NULL, NULL, NULL, 0, NULL, NULL, NULL, NULL, 0, NULL, 0, NULL, 0, NULL, 0, NULL, NULL, 0, 0, 0, NULL, 'images/default/avatar.jpg', NULL, 0, 0, NULL, NULL, 0, 0, 0, 0, 0, NULL, 0, NULL, NULL, NULL, NULL, NULL, NULL, NULL),
(600, 'area', 9, 35, 95, 223, 'Al Amin Hossain', 'user-595@gmail.com', '$2y$10$2nkgX.Wgvs4q3wCgICad/uz2g90yakp5Tb5y9UYGyYSslArBSJXvK', NULL, NULL, NULL, NULL, NULL, 'user-595', NULL, NULL, NULL, NULL, 0, NULL, NULL, NULL, NULL, 0, NULL, 0, NULL, 0, NULL, 0, NULL, NULL, 0, 0, 0, NULL, 'images/default/avatar.jpg', NULL, 0, 0, NULL, NULL, 0, 0, 0, 0, 0, NULL, 0, NULL, NULL, NULL, NULL, NULL, NULL, NULL),
(601, 'area', 9, 35, 96, 224, 'Abul Kalam', 'user-596@gmail.com', '$2y$10$2nkgX.Wgvs4q3wCgICad/uz2g90yakp5Tb5y9UYGyYSslArBSJXvK', NULL, NULL, NULL, NULL, NULL, 'user-596', NULL, NULL, NULL, NULL, 0, NULL, NULL, NULL, NULL, 0, NULL, 0, NULL, 0, NULL, 0, NULL, NULL, 0, 0, 0, NULL, 'images/default/avatar.jpg', NULL, 0, 0, NULL, NULL, 0, 0, 0, 0, 0, NULL, 0, NULL, NULL, NULL, NULL, NULL, NULL, NULL),
(602, 'area', 9, 35, 96, 224, 'Atiqul Islam', 'user-597@gmail.com', '$2y$10$2nkgX.Wgvs4q3wCgICad/uz2g90yakp5Tb5y9UYGyYSslArBSJXvK', NULL, NULL, NULL, NULL, NULL, 'user-597', NULL, NULL, NULL, NULL, 0, NULL, NULL, NULL, NULL, 0, NULL, 0, NULL, 0, NULL, 0, NULL, NULL, 0, 0, 0, NULL, 'images/default/avatar.jpg', NULL, 0, 0, NULL, NULL, 0, 0, 0, 0, 0, NULL, 0, NULL, NULL, NULL, NULL, NULL, NULL, NULL),
(603, 'area', 9, 35, 96, 225, 'Didar Hossain', 'user-598@gmail.com', '$2y$10$2nkgX.Wgvs4q3wCgICad/uz2g90yakp5Tb5y9UYGyYSslArBSJXvK', NULL, NULL, NULL, NULL, NULL, 'user-598', NULL, NULL, NULL, NULL, 0, NULL, NULL, NULL, NULL, 0, NULL, 0, NULL, 0, NULL, 0, NULL, NULL, 0, 0, 0, NULL, 'images/default/avatar.jpg', NULL, 0, 0, NULL, NULL, 0, 0, 0, 0, 0, NULL, 0, NULL, NULL, NULL, NULL, NULL, NULL, NULL),
(604, 'area', 9, 35, 96, 226, 'Abdur Rouf Pramanik', 'user-599@gmail.com', '$2y$10$2nkgX.Wgvs4q3wCgICad/uz2g90yakp5Tb5y9UYGyYSslArBSJXvK', NULL, NULL, NULL, NULL, NULL, 'user-599', NULL, NULL, NULL, NULL, 0, NULL, NULL, NULL, NULL, 0, NULL, 0, NULL, 0, NULL, 0, NULL, NULL, 0, 0, 0, NULL, 'images/default/avatar.jpg', NULL, 0, 0, NULL, NULL, 0, 0, 0, 0, 0, NULL, 0, NULL, NULL, NULL, NULL, NULL, NULL, NULL),
(605, 'area', 9, 36, 97, 227, 'Minhajul Islam', 'user-600@gmail.com', '$2y$10$2nkgX.Wgvs4q3wCgICad/uz2g90yakp5Tb5y9UYGyYSslArBSJXvK', NULL, NULL, NULL, NULL, NULL, 'user-600', NULL, NULL, NULL, NULL, 0, NULL, NULL, NULL, NULL, 0, NULL, 0, NULL, 0, NULL, 0, NULL, NULL, 0, 0, 0, NULL, 'images/default/avatar.jpg', NULL, 0, 0, NULL, NULL, 0, 0, 0, 0, 0, NULL, 0, NULL, NULL, NULL, NULL, NULL, NULL, NULL),
(606, 'area', 9, 36, 97, 228, 'Shofiq Uddin', 'user-601@gmail.com', '$2y$10$2nkgX.Wgvs4q3wCgICad/uz2g90yakp5Tb5y9UYGyYSslArBSJXvK', NULL, NULL, NULL, NULL, NULL, 'user-601', NULL, NULL, NULL, NULL, 0, NULL, NULL, NULL, NULL, 0, NULL, 0, NULL, 0, NULL, 0, NULL, NULL, 0, 0, 0, NULL, 'images/default/avatar.jpg', NULL, 0, 0, NULL, NULL, 0, 0, 0, 0, 0, NULL, 0, NULL, NULL, NULL, NULL, NULL, NULL, NULL),
(607, 'area', 9, 36, 97, 229, 'Arfan Hossain', 'user-602@gmail.com', '$2y$10$2nkgX.Wgvs4q3wCgICad/uz2g90yakp5Tb5y9UYGyYSslArBSJXvK', NULL, NULL, NULL, NULL, NULL, 'user-602', NULL, NULL, NULL, NULL, 0, NULL, NULL, NULL, NULL, 0, NULL, 0, NULL, 0, NULL, 0, NULL, NULL, 0, 0, 0, NULL, 'images/default/avatar.jpg', NULL, 0, 0, NULL, NULL, 0, 0, 0, 0, 0, NULL, 0, NULL, NULL, NULL, NULL, NULL, NULL, NULL),
(608, 'area', 9, 36, 98, 230, 'Kamrul Islam', 'user-603@gmail.com', '$2y$10$2nkgX.Wgvs4q3wCgICad/uz2g90yakp5Tb5y9UYGyYSslArBSJXvK', NULL, NULL, NULL, NULL, NULL, 'user-603', NULL, NULL, NULL, NULL, 0, NULL, NULL, NULL, NULL, 0, NULL, 0, NULL, 0, NULL, 0, NULL, NULL, 0, 0, 0, NULL, 'images/default/avatar.jpg', NULL, 0, 0, NULL, NULL, 0, 0, 0, 0, 0, NULL, 0, NULL, NULL, NULL, NULL, NULL, NULL, NULL),
(609, 'area', 9, 36, 98, 230, 'Newar Mia', 'user-604@gmail.com', '$2y$10$2nkgX.Wgvs4q3wCgICad/uz2g90yakp5Tb5y9UYGyYSslArBSJXvK', NULL, NULL, NULL, NULL, NULL, 'user-604', NULL, NULL, NULL, NULL, 0, NULL, NULL, NULL, NULL, 0, NULL, 0, NULL, 0, NULL, 0, NULL, NULL, 0, 0, 0, NULL, 'images/default/avatar.jpg', NULL, 0, 0, NULL, NULL, 0, 0, 0, 0, 0, NULL, 0, NULL, NULL, NULL, NULL, NULL, NULL, NULL),
(610, 'area', 9, 36, 98, 231, 'Hiron Chandra ', 'user-605@gmail.com', '$2y$10$2nkgX.Wgvs4q3wCgICad/uz2g90yakp5Tb5y9UYGyYSslArBSJXvK', NULL, NULL, NULL, NULL, NULL, 'user-605', NULL, NULL, NULL, NULL, 0, NULL, NULL, NULL, NULL, 0, NULL, 0, NULL, 0, NULL, 0, NULL, NULL, 0, 0, 0, NULL, 'images/default/avatar.jpg', NULL, 0, 0, NULL, NULL, 0, 0, 0, 0, 0, NULL, 0, NULL, NULL, NULL, NULL, NULL, NULL, NULL),
(611, 'area', 9, 36, 98, 231, 'Shibu lal', 'user-606@gmail.com', '$2y$10$2nkgX.Wgvs4q3wCgICad/uz2g90yakp5Tb5y9UYGyYSslArBSJXvK', NULL, NULL, NULL, NULL, NULL, 'user-606', NULL, NULL, NULL, NULL, 0, NULL, NULL, NULL, NULL, 0, NULL, 0, NULL, 0, NULL, 0, NULL, NULL, 0, 0, 0, NULL, 'images/default/avatar.jpg', NULL, 0, 0, NULL, NULL, 0, 0, 0, 0, 0, NULL, 0, NULL, NULL, NULL, NULL, NULL, NULL, NULL),
(612, 'area', 9, 36, 98, 232, 'Safi uddin', 'user-607@gmail.com', '$2y$10$2nkgX.Wgvs4q3wCgICad/uz2g90yakp5Tb5y9UYGyYSslArBSJXvK', NULL, NULL, NULL, NULL, NULL, 'user-607', NULL, NULL, NULL, NULL, 0, NULL, NULL, NULL, NULL, 0, NULL, 0, NULL, 0, NULL, 0, NULL, NULL, 0, 0, 0, NULL, 'images/default/avatar.jpg', NULL, 0, 0, NULL, NULL, 0, 0, 0, 0, 0, NULL, 0, NULL, NULL, NULL, NULL, NULL, NULL, NULL);
INSERT INTO `users` (`id`, `user_type`, `zones_id`, `regions_id`, `territories_id`, `distribution_house_id`, `name`, `email`, `password`, `password_key`, `password_expire_days`, `last_name`, `mobile`, `home_telephone`, `username`, `secret_question_1`, `secret_question_2`, `secret_question_ans_1`, `secret_question_ans_2`, `identification_type_id`, `identification_number`, `identification_expire_date`, `date_of_birth`, `gender`, `religion_id`, `father_name`, `father_occupation_id`, `mother_name`, `mother_occupation_id`, `bank_account_number`, `bank_id`, `bank_branch`, `last_login_date_time`, `default_module_id`, `created_by`, `updated_by`, `status`, `user_image`, `address`, `is_reliever`, `reliever_to`, `reliever_start_datetime`, `reliever_end_datetime`, `line_manager_id`, `designation_id`, `department_id`, `location_id`, `default_vehicle_id`, `default_url`, `default_language_id`, `joining_date`, `emergency_contact_person_name`, `emergency_contact_relation`, `emergency_contact_number`, `remember_token`, `created_at`, `updated_at`) VALUES
(613, 'area', 9, 36, 98, 232, 'Saiful Islam', 'user-608@gmail.com', '$2y$10$2nkgX.Wgvs4q3wCgICad/uz2g90yakp5Tb5y9UYGyYSslArBSJXvK', NULL, NULL, NULL, NULL, NULL, 'user-608', NULL, NULL, NULL, NULL, 0, NULL, NULL, NULL, NULL, 0, NULL, 0, NULL, 0, NULL, 0, NULL, NULL, 0, 0, 0, NULL, 'images/default/avatar.jpg', NULL, 0, 0, NULL, NULL, 0, 0, 0, 0, 0, NULL, 0, NULL, NULL, NULL, NULL, NULL, NULL, NULL),
(614, 'area', 9, 37, 99, 233, 'Apen Chandra Dey', 'user-609@gmail.com', '$2y$10$2nkgX.Wgvs4q3wCgICad/uz2g90yakp5Tb5y9UYGyYSslArBSJXvK', NULL, NULL, NULL, NULL, NULL, 'user-609', NULL, NULL, NULL, NULL, 0, NULL, NULL, NULL, NULL, 0, NULL, 0, NULL, 0, NULL, 0, NULL, NULL, 0, 0, 0, NULL, 'images/default/avatar.jpg', NULL, 0, 0, NULL, NULL, 0, 0, 0, 0, 0, NULL, 0, NULL, NULL, NULL, NULL, NULL, NULL, NULL),
(615, 'area', 9, 37, 99, 233, 'Shipon Malaker', 'user-610@gmail.com', '$2y$10$2nkgX.Wgvs4q3wCgICad/uz2g90yakp5Tb5y9UYGyYSslArBSJXvK', NULL, NULL, NULL, NULL, NULL, 'user-610', NULL, NULL, NULL, NULL, 0, NULL, NULL, NULL, NULL, 0, NULL, 0, NULL, 0, NULL, 0, NULL, NULL, 0, 0, 0, NULL, 'images/default/avatar.jpg', NULL, 0, 0, NULL, NULL, 0, 0, 0, 0, 0, NULL, 0, NULL, NULL, NULL, NULL, NULL, NULL, NULL),
(616, 'area', 9, 37, 99, 233, 'Aradon Dey', 'user-611@gmail.com', '$2y$10$2nkgX.Wgvs4q3wCgICad/uz2g90yakp5Tb5y9UYGyYSslArBSJXvK', NULL, NULL, NULL, NULL, NULL, 'user-611', NULL, NULL, NULL, NULL, 0, NULL, NULL, NULL, NULL, 0, NULL, 0, NULL, 0, NULL, 0, NULL, NULL, 0, 0, 0, NULL, 'images/default/avatar.jpg', NULL, 0, 0, NULL, NULL, 0, 0, 0, 0, 0, NULL, 0, NULL, NULL, NULL, NULL, NULL, NULL, NULL),
(617, 'area', 9, 37, 99, 234, 'Rubel Hossain', 'user-612@gmail.com', '$2y$10$2nkgX.Wgvs4q3wCgICad/uz2g90yakp5Tb5y9UYGyYSslArBSJXvK', NULL, NULL, NULL, NULL, NULL, 'user-612', NULL, NULL, NULL, NULL, 0, NULL, NULL, NULL, NULL, 0, NULL, 0, NULL, 0, NULL, 0, NULL, NULL, 0, 0, 0, NULL, 'images/default/avatar.jpg', NULL, 0, 0, NULL, NULL, 0, 0, 0, 0, 0, NULL, 0, NULL, NULL, NULL, NULL, NULL, NULL, NULL),
(618, 'area', 9, 37, 99, 234, 'Asif Hasan', 'user-613@gmail.com', '$2y$10$2nkgX.Wgvs4q3wCgICad/uz2g90yakp5Tb5y9UYGyYSslArBSJXvK', NULL, NULL, NULL, NULL, NULL, 'user-613', NULL, NULL, NULL, NULL, 0, NULL, NULL, NULL, NULL, 0, NULL, 0, NULL, 0, NULL, 0, NULL, NULL, 0, 0, 0, NULL, 'images/default/avatar.jpg', NULL, 0, 0, NULL, NULL, 0, 0, 0, 0, 0, NULL, 0, NULL, NULL, NULL, NULL, NULL, NULL, NULL),
(619, 'area', 9, 37, 100, 235, 'Kawser Ahmed', 'user-614@gmail.com', '$2y$10$2nkgX.Wgvs4q3wCgICad/uz2g90yakp5Tb5y9UYGyYSslArBSJXvK', NULL, NULL, NULL, NULL, NULL, 'user-614', NULL, NULL, NULL, NULL, 0, NULL, NULL, NULL, NULL, 0, NULL, 0, NULL, 0, NULL, 0, NULL, NULL, 0, 0, 0, NULL, 'images/default/avatar.jpg', NULL, 0, 0, NULL, NULL, 0, 0, 0, 0, 0, NULL, 0, NULL, NULL, NULL, NULL, NULL, NULL, NULL),
(620, 'area', 9, 37, 100, 235, 'Jebu Mia', 'user-615@gmail.com', '$2y$10$2nkgX.Wgvs4q3wCgICad/uz2g90yakp5Tb5y9UYGyYSslArBSJXvK', NULL, NULL, NULL, NULL, NULL, 'user-615', NULL, NULL, NULL, NULL, 0, NULL, NULL, NULL, NULL, 0, NULL, 0, NULL, 0, NULL, 0, NULL, NULL, 0, 0, 0, NULL, 'images/default/avatar.jpg', NULL, 0, 0, NULL, NULL, 0, 0, 0, 0, 0, NULL, 0, NULL, NULL, NULL, NULL, NULL, NULL, NULL),
(621, 'area', 9, 37, 100, 236, 'Marko Kanti ', 'user-616@gmail.com', '$2y$10$2nkgX.Wgvs4q3wCgICad/uz2g90yakp5Tb5y9UYGyYSslArBSJXvK', NULL, NULL, NULL, NULL, NULL, 'user-616', NULL, NULL, NULL, NULL, 0, NULL, NULL, NULL, NULL, 0, NULL, 0, NULL, 0, NULL, 0, NULL, NULL, 0, 0, 0, NULL, 'images/default/avatar.jpg', NULL, 0, 0, NULL, NULL, 0, 0, 0, 0, 0, NULL, 0, NULL, NULL, NULL, NULL, NULL, NULL, NULL),
(622, 'area', 9, 37, 101, 237, 'Rubel Mia', 'user-617@gmail.com', '$2y$10$2nkgX.Wgvs4q3wCgICad/uz2g90yakp5Tb5y9UYGyYSslArBSJXvK', NULL, NULL, NULL, NULL, NULL, 'user-617', NULL, NULL, NULL, NULL, 0, NULL, NULL, NULL, NULL, 0, NULL, 0, NULL, 0, NULL, 0, NULL, NULL, 0, 0, 0, NULL, 'images/default/avatar.jpg', NULL, 0, 0, NULL, NULL, 0, 0, 0, 0, 0, NULL, 0, NULL, NULL, NULL, NULL, NULL, NULL, NULL),
(623, 'area', 9, 37, 101, 237, 'Shamim Mia', 'user-618@gmail.com', '$2y$10$2nkgX.Wgvs4q3wCgICad/uz2g90yakp5Tb5y9UYGyYSslArBSJXvK', NULL, NULL, NULL, NULL, NULL, 'user-618', NULL, NULL, NULL, NULL, 0, NULL, NULL, NULL, NULL, 0, NULL, 0, NULL, 0, NULL, 0, NULL, NULL, 0, 0, 0, NULL, 'images/default/avatar.jpg', NULL, 0, 0, NULL, NULL, 0, 0, 0, 0, 0, NULL, 0, NULL, NULL, NULL, NULL, NULL, NULL, NULL),
(624, 'area', 9, 37, 101, 238, 'Bisojit Roy ', 'user-619@gmail.com', '$2y$10$2nkgX.Wgvs4q3wCgICad/uz2g90yakp5Tb5y9UYGyYSslArBSJXvK', NULL, NULL, NULL, NULL, NULL, 'user-619', NULL, NULL, NULL, NULL, 0, NULL, NULL, NULL, NULL, 0, NULL, 0, NULL, 0, NULL, 0, NULL, NULL, 0, 0, 0, NULL, 'images/default/avatar.jpg', NULL, 0, 0, NULL, NULL, 0, 0, 0, 0, 0, NULL, 0, NULL, NULL, NULL, NULL, NULL, NULL, NULL),
(625, 'area', 9, 37, 101, 238, 'Rajib Das', 'user-620@gmail.com', '$2y$10$2nkgX.Wgvs4q3wCgICad/uz2g90yakp5Tb5y9UYGyYSslArBSJXvK', NULL, NULL, NULL, NULL, NULL, 'user-620', NULL, NULL, NULL, NULL, 0, NULL, NULL, NULL, NULL, 0, NULL, 0, NULL, 0, NULL, 0, NULL, NULL, 0, 0, 0, NULL, 'images/default/avatar.jpg', NULL, 0, 0, NULL, NULL, 0, 0, 0, 0, 0, NULL, 0, NULL, NULL, NULL, NULL, NULL, NULL, NULL),
(626, 'area', 9, 37, 101, 239, 'Dulal Ahmed', 'user-621@gmail.com', '$2y$10$2nkgX.Wgvs4q3wCgICad/uz2g90yakp5Tb5y9UYGyYSslArBSJXvK', NULL, NULL, NULL, NULL, NULL, 'user-621', NULL, NULL, NULL, NULL, 0, NULL, NULL, NULL, NULL, 0, NULL, 0, NULL, 0, NULL, 0, NULL, NULL, 0, 0, 0, NULL, 'images/default/avatar.jpg', NULL, 0, 0, NULL, NULL, 0, 0, 0, 0, 0, NULL, 0, NULL, NULL, NULL, NULL, NULL, NULL, NULL),
(627, 'area', 9, 37, 102, 240, 'Sobinoy Malaker', 'user-622@gmail.com', '$2y$10$2nkgX.Wgvs4q3wCgICad/uz2g90yakp5Tb5y9UYGyYSslArBSJXvK', NULL, NULL, NULL, NULL, NULL, 'user-622', NULL, NULL, NULL, NULL, 0, NULL, NULL, NULL, NULL, 0, NULL, 0, NULL, 0, NULL, 0, NULL, NULL, 0, 0, 0, NULL, 'images/default/avatar.jpg', NULL, 0, 0, NULL, NULL, 0, 0, 0, 0, 0, NULL, 0, NULL, NULL, NULL, NULL, NULL, NULL, NULL),
(628, 'area', 9, 37, 102, 240, 'Saddam Hossain', 'user-623@gmail.com', '$2y$10$2nkgX.Wgvs4q3wCgICad/uz2g90yakp5Tb5y9UYGyYSslArBSJXvK', NULL, NULL, NULL, NULL, NULL, 'user-623', NULL, NULL, NULL, NULL, 0, NULL, NULL, NULL, NULL, 0, NULL, 0, NULL, 0, NULL, 0, NULL, NULL, 0, 0, 0, NULL, 'images/default/avatar.jpg', NULL, 0, 0, NULL, NULL, 0, 0, 0, 0, 0, NULL, 0, NULL, NULL, NULL, NULL, NULL, NULL, NULL),
(629, 'area', 9, 37, 102, 241, 'Jahidul Islam', 'user-624@gmail.com', '$2y$10$2nkgX.Wgvs4q3wCgICad/uz2g90yakp5Tb5y9UYGyYSslArBSJXvK', NULL, NULL, NULL, NULL, NULL, 'user-624', NULL, NULL, NULL, NULL, 0, NULL, NULL, NULL, NULL, 0, NULL, 0, NULL, 0, NULL, 0, NULL, NULL, 0, 0, 0, NULL, 'images/default/avatar.jpg', NULL, 0, 0, NULL, NULL, 0, 0, 0, 0, 0, NULL, 0, NULL, NULL, NULL, NULL, NULL, NULL, NULL),
(630, 'area', 9, 37, 102, 241, 'Suvo Roy', 'user-625@gmail.com', '$2y$10$2nkgX.Wgvs4q3wCgICad/uz2g90yakp5Tb5y9UYGyYSslArBSJXvK', NULL, NULL, NULL, NULL, NULL, 'user-625', NULL, NULL, NULL, NULL, 0, NULL, NULL, NULL, NULL, 0, NULL, 0, NULL, 0, NULL, 0, NULL, NULL, 0, 0, 0, NULL, 'images/default/avatar.jpg', NULL, 0, 0, NULL, NULL, 0, 0, 0, 0, 0, NULL, 0, NULL, NULL, NULL, NULL, NULL, NULL, NULL),
(631, 'area', 10, 38, 103, 242, 'Tofajjal ', 'user-626@gmail.com', '$2y$10$2nkgX.Wgvs4q3wCgICad/uz2g90yakp5Tb5y9UYGyYSslArBSJXvK', NULL, NULL, NULL, NULL, NULL, 'user-626', NULL, NULL, NULL, NULL, 0, NULL, NULL, NULL, NULL, 0, NULL, 0, NULL, 0, NULL, 0, NULL, NULL, 0, 0, 0, NULL, 'images/default/avatar.jpg', NULL, 0, 0, NULL, NULL, 0, 0, 0, 0, 0, NULL, 0, NULL, NULL, NULL, NULL, NULL, NULL, NULL),
(632, 'area', 10, 38, 103, 242, 'Juwelur Rahman ', 'user-627@gmail.com', '$2y$10$2nkgX.Wgvs4q3wCgICad/uz2g90yakp5Tb5y9UYGyYSslArBSJXvK', NULL, NULL, NULL, NULL, NULL, 'user-627', NULL, NULL, NULL, NULL, 0, NULL, NULL, NULL, NULL, 0, NULL, 0, NULL, 0, NULL, 0, NULL, NULL, 0, 0, 0, NULL, 'images/default/avatar.jpg', NULL, 0, 0, NULL, NULL, 0, 0, 0, 0, 0, NULL, 0, NULL, NULL, NULL, NULL, NULL, NULL, NULL),
(633, 'area', 10, 38, 103, 242, 'Naimul Hassain ', 'user-628@gmail.com', '$2y$10$2nkgX.Wgvs4q3wCgICad/uz2g90yakp5Tb5y9UYGyYSslArBSJXvK', NULL, NULL, NULL, NULL, NULL, 'user-628', NULL, NULL, NULL, NULL, 0, NULL, NULL, NULL, NULL, 0, NULL, 0, NULL, 0, NULL, 0, NULL, NULL, 0, 0, 0, NULL, 'images/default/avatar.jpg', NULL, 0, 0, NULL, NULL, 0, 0, 0, 0, 0, NULL, 0, NULL, NULL, NULL, NULL, NULL, NULL, NULL),
(634, 'area', 10, 38, 103, 242, 'MD. Ashraf Uddin ', 'user-629@gmail.com', '$2y$10$2nkgX.Wgvs4q3wCgICad/uz2g90yakp5Tb5y9UYGyYSslArBSJXvK', NULL, NULL, NULL, NULL, NULL, 'user-629', NULL, NULL, NULL, NULL, 0, NULL, NULL, NULL, NULL, 0, NULL, 0, NULL, 0, NULL, 0, NULL, NULL, 0, 0, 0, NULL, 'images/default/avatar.jpg', NULL, 0, 0, NULL, NULL, 0, 0, 0, 0, 0, NULL, 0, NULL, NULL, NULL, NULL, NULL, NULL, NULL),
(635, 'area', 10, 38, 103, 243, 'Md. Monir Ahmed ', 'user-630@gmail.com', '$2y$10$2nkgX.Wgvs4q3wCgICad/uz2g90yakp5Tb5y9UYGyYSslArBSJXvK', NULL, NULL, NULL, NULL, NULL, 'user-630', NULL, NULL, NULL, NULL, 0, NULL, NULL, NULL, NULL, 0, NULL, 0, NULL, 0, NULL, 0, NULL, NULL, 0, 0, 0, NULL, 'images/default/avatar.jpg', NULL, 0, 0, NULL, NULL, 0, 0, 0, 0, 0, NULL, 0, NULL, NULL, NULL, NULL, NULL, NULL, NULL),
(636, 'area', 10, 38, 103, 243, 'Hafizur Rahman ', 'user-631@gmail.com', '$2y$10$2nkgX.Wgvs4q3wCgICad/uz2g90yakp5Tb5y9UYGyYSslArBSJXvK', NULL, NULL, NULL, NULL, NULL, 'user-631', NULL, NULL, NULL, NULL, 0, NULL, NULL, NULL, NULL, 0, NULL, 0, NULL, 0, NULL, 0, NULL, NULL, 0, 0, 0, NULL, 'images/default/avatar.jpg', NULL, 0, 0, NULL, NULL, 0, 0, 0, 0, 0, NULL, 0, NULL, NULL, NULL, NULL, NULL, NULL, NULL),
(637, 'area', 10, 38, 103, 244, 'Imdadul Haque ', 'user-632@gmail.com', '$2y$10$2nkgX.Wgvs4q3wCgICad/uz2g90yakp5Tb5y9UYGyYSslArBSJXvK', NULL, NULL, NULL, NULL, NULL, 'user-632', NULL, NULL, NULL, NULL, 0, NULL, NULL, NULL, NULL, 0, NULL, 0, NULL, 0, NULL, 0, NULL, NULL, 0, 0, 0, NULL, 'images/default/avatar.jpg', NULL, 0, 0, NULL, NULL, 0, 0, 0, 0, 0, NULL, 0, NULL, NULL, NULL, NULL, NULL, NULL, NULL),
(638, 'area', 10, 38, 103, 244, 'Iqbal Hossain', 'user-633@gmail.com', '$2y$10$2nkgX.Wgvs4q3wCgICad/uz2g90yakp5Tb5y9UYGyYSslArBSJXvK', NULL, NULL, NULL, NULL, NULL, 'user-633', NULL, NULL, NULL, NULL, 0, NULL, NULL, NULL, NULL, 0, NULL, 0, NULL, 0, NULL, 0, NULL, NULL, 0, 0, 0, NULL, 'images/default/avatar.jpg', NULL, 0, 0, NULL, NULL, 0, 0, 0, 0, 0, NULL, 0, NULL, NULL, NULL, NULL, NULL, NULL, NULL),
(639, 'area', 10, 38, 104, 245, 'Fakhrul Islam (10.4.18)', 'user-634@gmail.com', '$2y$10$2nkgX.Wgvs4q3wCgICad/uz2g90yakp5Tb5y9UYGyYSslArBSJXvK', NULL, NULL, NULL, NULL, NULL, 'user-634', NULL, NULL, NULL, NULL, 0, NULL, NULL, NULL, NULL, 0, NULL, 0, NULL, 0, NULL, 0, NULL, NULL, 0, 0, 0, NULL, 'images/default/avatar.jpg', NULL, 0, 0, NULL, NULL, 0, 0, 0, 0, 0, NULL, 0, NULL, NULL, NULL, NULL, NULL, NULL, NULL),
(640, 'area', 10, 38, 104, 246, 'Abdulla-Al-Mamun', 'user-635@gmail.com', '$2y$10$2nkgX.Wgvs4q3wCgICad/uz2g90yakp5Tb5y9UYGyYSslArBSJXvK', NULL, NULL, NULL, NULL, NULL, 'user-635', NULL, NULL, NULL, NULL, 0, NULL, NULL, NULL, NULL, 0, NULL, 0, NULL, 0, NULL, 0, NULL, NULL, 0, 0, 0, NULL, 'images/default/avatar.jpg', NULL, 0, 0, NULL, NULL, 0, 0, 0, 0, 0, NULL, 0, NULL, NULL, NULL, NULL, NULL, NULL, NULL),
(641, 'area', 10, 38, 104, 247, 'Rakib Maih ', 'user-636@gmail.com', '$2y$10$2nkgX.Wgvs4q3wCgICad/uz2g90yakp5Tb5y9UYGyYSslArBSJXvK', NULL, NULL, NULL, NULL, NULL, 'user-636', NULL, NULL, NULL, NULL, 0, NULL, NULL, NULL, NULL, 0, NULL, 0, NULL, 0, NULL, 0, NULL, NULL, 0, 0, 0, NULL, 'images/default/avatar.jpg', NULL, 0, 0, NULL, NULL, 0, 0, 0, 0, 0, NULL, 0, NULL, NULL, NULL, NULL, NULL, NULL, NULL),
(642, 'area', 10, 38, 104, 247, 'Shiekh Ashikujjaman', 'user-637@gmail.com', '$2y$10$2nkgX.Wgvs4q3wCgICad/uz2g90yakp5Tb5y9UYGyYSslArBSJXvK', NULL, NULL, NULL, NULL, NULL, 'user-637', NULL, NULL, NULL, NULL, 0, NULL, NULL, NULL, NULL, 0, NULL, 0, NULL, 0, NULL, 0, NULL, NULL, 0, 0, 0, NULL, 'images/default/avatar.jpg', NULL, 0, 0, NULL, NULL, 0, 0, 0, 0, 0, NULL, 0, NULL, NULL, NULL, NULL, NULL, NULL, NULL),
(643, 'area', 10, 38, 105, 248, 'Saqawat Hossain ', 'user-638@gmail.com', '$2y$10$2nkgX.Wgvs4q3wCgICad/uz2g90yakp5Tb5y9UYGyYSslArBSJXvK', NULL, NULL, NULL, NULL, NULL, 'user-638', NULL, NULL, NULL, NULL, 0, NULL, NULL, NULL, NULL, 0, NULL, 0, NULL, 0, NULL, 0, NULL, NULL, 0, 0, 0, NULL, 'images/default/avatar.jpg', NULL, 0, 0, NULL, NULL, 0, 0, 0, 0, 0, NULL, 0, NULL, NULL, NULL, NULL, NULL, NULL, NULL),
(644, 'area', 10, 38, 105, 248, 'Sorif Hossain', 'user-639@gmail.com', '$2y$10$2nkgX.Wgvs4q3wCgICad/uz2g90yakp5Tb5y9UYGyYSslArBSJXvK', NULL, NULL, NULL, NULL, NULL, 'user-639', NULL, NULL, NULL, NULL, 0, NULL, NULL, NULL, NULL, 0, NULL, 0, NULL, 0, NULL, 0, NULL, NULL, 0, 0, 0, NULL, 'images/default/avatar.jpg', NULL, 0, 0, NULL, NULL, 0, 0, 0, 0, 0, NULL, 0, NULL, NULL, NULL, NULL, NULL, NULL, NULL),
(645, 'area', 10, 38, 105, 249, 'Rasel Miah', 'user-640@gmail.com', '$2y$10$2nkgX.Wgvs4q3wCgICad/uz2g90yakp5Tb5y9UYGyYSslArBSJXvK', NULL, NULL, NULL, NULL, NULL, 'user-640', NULL, NULL, NULL, NULL, 0, NULL, NULL, NULL, NULL, 0, NULL, 0, NULL, 0, NULL, 0, NULL, NULL, 0, 0, 0, NULL, 'images/default/avatar.jpg', NULL, 0, 0, NULL, NULL, 0, 0, 0, 0, 0, NULL, 0, NULL, NULL, NULL, NULL, NULL, NULL, NULL),
(646, 'area', 10, 38, 105, 249, 'Niaz Ahmed ', 'user-641@gmail.com', '$2y$10$2nkgX.Wgvs4q3wCgICad/uz2g90yakp5Tb5y9UYGyYSslArBSJXvK', NULL, NULL, NULL, NULL, NULL, 'user-641', NULL, NULL, NULL, NULL, 0, NULL, NULL, NULL, NULL, 0, NULL, 0, NULL, 0, NULL, 0, NULL, NULL, 0, 0, 0, NULL, 'images/default/avatar.jpg', NULL, 0, 0, NULL, NULL, 0, 0, 0, 0, 0, NULL, 0, NULL, NULL, NULL, NULL, NULL, NULL, NULL),
(647, 'area', 10, 38, 105, 250, 'MD. Anamul Haque', 'user-642@gmail.com', '$2y$10$2nkgX.Wgvs4q3wCgICad/uz2g90yakp5Tb5y9UYGyYSslArBSJXvK', NULL, NULL, NULL, NULL, NULL, 'user-642', NULL, NULL, NULL, NULL, 0, NULL, NULL, NULL, NULL, 0, NULL, 0, NULL, 0, NULL, 0, NULL, NULL, 0, 0, 0, NULL, 'images/default/avatar.jpg', NULL, 0, 0, NULL, NULL, 0, 0, 0, 0, 0, NULL, 0, NULL, NULL, NULL, NULL, NULL, NULL, NULL),
(648, 'area', 10, 38, 105, 250, 'Md. Abu Kawsar', 'user-643@gmail.com', '$2y$10$2nkgX.Wgvs4q3wCgICad/uz2g90yakp5Tb5y9UYGyYSslArBSJXvK', NULL, NULL, NULL, NULL, NULL, 'user-643', NULL, NULL, NULL, NULL, 0, NULL, NULL, NULL, NULL, 0, NULL, 0, NULL, 0, NULL, 0, NULL, NULL, 0, 0, 0, NULL, 'images/default/avatar.jpg', NULL, 0, 0, NULL, NULL, 0, 0, 0, 0, 0, NULL, 0, NULL, NULL, NULL, NULL, NULL, NULL, NULL),
(649, 'area', 10, 38, 105, 251, 'Masum Billah ', 'user-644@gmail.com', '$2y$10$2nkgX.Wgvs4q3wCgICad/uz2g90yakp5Tb5y9UYGyYSslArBSJXvK', NULL, NULL, NULL, NULL, NULL, 'user-644', NULL, NULL, NULL, NULL, 0, NULL, NULL, NULL, NULL, 0, NULL, 0, NULL, 0, NULL, 0, NULL, NULL, 0, 0, 0, NULL, 'images/default/avatar.jpg', NULL, 0, 0, NULL, NULL, 0, 0, 0, 0, 0, NULL, 0, NULL, NULL, NULL, NULL, NULL, NULL, NULL),
(650, 'area', 10, 38, 105, 251, 'Monirul Haque', 'user-645@gmail.com', '$2y$10$2nkgX.Wgvs4q3wCgICad/uz2g90yakp5Tb5y9UYGyYSslArBSJXvK', NULL, NULL, NULL, NULL, NULL, 'user-645', NULL, NULL, NULL, NULL, 0, NULL, NULL, NULL, NULL, 0, NULL, 0, NULL, 0, NULL, 0, NULL, NULL, 0, 0, 0, NULL, 'images/default/avatar.jpg', NULL, 0, 0, NULL, NULL, 0, 0, 0, 0, 0, NULL, 0, NULL, NULL, NULL, NULL, NULL, NULL, NULL),
(651, 'area', 10, 39, 106, 252, 'Md. Abu Syeed ', 'user-646@gmail.com', '$2y$10$2nkgX.Wgvs4q3wCgICad/uz2g90yakp5Tb5y9UYGyYSslArBSJXvK', NULL, NULL, NULL, NULL, NULL, 'user-646', NULL, NULL, NULL, NULL, 0, NULL, NULL, NULL, NULL, 0, NULL, 0, NULL, 0, NULL, 0, NULL, NULL, 0, 0, 0, NULL, 'images/default/avatar.jpg', NULL, 0, 0, NULL, NULL, 0, 0, 0, 0, 0, NULL, 0, NULL, NULL, NULL, NULL, NULL, NULL, NULL),
(652, 'area', 10, 39, 106, 252, 'Md. Nasir Uddin ', 'user-647@gmail.com', '$2y$10$2nkgX.Wgvs4q3wCgICad/uz2g90yakp5Tb5y9UYGyYSslArBSJXvK', NULL, NULL, NULL, NULL, NULL, 'user-647', NULL, NULL, NULL, NULL, 0, NULL, NULL, NULL, NULL, 0, NULL, 0, NULL, 0, NULL, 0, NULL, NULL, 0, 0, 0, NULL, 'images/default/avatar.jpg', NULL, 0, 0, NULL, NULL, 0, 0, 0, 0, 0, NULL, 0, NULL, NULL, NULL, NULL, NULL, NULL, NULL),
(653, 'area', 10, 39, 106, 252, 'Md. Amdadulla Khan ', 'user-648@gmail.com', '$2y$10$2nkgX.Wgvs4q3wCgICad/uz2g90yakp5Tb5y9UYGyYSslArBSJXvK', NULL, NULL, NULL, NULL, NULL, 'user-648', NULL, NULL, NULL, NULL, 0, NULL, NULL, NULL, NULL, 0, NULL, 0, NULL, 0, NULL, 0, NULL, NULL, 0, 0, 0, NULL, 'images/default/avatar.jpg', NULL, 0, 0, NULL, NULL, 0, 0, 0, 0, 0, NULL, 0, NULL, NULL, NULL, NULL, NULL, NULL, NULL),
(654, 'area', 10, 39, 106, 252, 'Md. Al-Mamun ', 'user-649@gmail.com', '$2y$10$2nkgX.Wgvs4q3wCgICad/uz2g90yakp5Tb5y9UYGyYSslArBSJXvK', NULL, NULL, NULL, NULL, NULL, 'user-649', NULL, NULL, NULL, NULL, 0, NULL, NULL, NULL, NULL, 0, NULL, 0, NULL, 0, NULL, 0, NULL, NULL, 0, 0, 0, NULL, 'images/default/avatar.jpg', NULL, 0, 0, NULL, NULL, 0, 0, 0, 0, 0, NULL, 0, NULL, NULL, NULL, NULL, NULL, NULL, NULL),
(655, 'area', 10, 39, 106, 253, 'Md.Ashraful Islam (1.4.18)', 'user-650@gmail.com', '$2y$10$2nkgX.Wgvs4q3wCgICad/uz2g90yakp5Tb5y9UYGyYSslArBSJXvK', NULL, NULL, NULL, NULL, NULL, 'user-650', NULL, NULL, NULL, NULL, 0, NULL, NULL, NULL, NULL, 0, NULL, 0, NULL, 0, NULL, 0, NULL, NULL, 0, 0, 0, NULL, 'images/default/avatar.jpg', NULL, 0, 0, NULL, NULL, 0, 0, 0, 0, 0, NULL, 0, NULL, NULL, NULL, NULL, NULL, NULL, NULL),
(656, 'area', 10, 39, 106, 253, 'Md. Hasan Al-Mamun Siam ', 'user-651@gmail.com', '$2y$10$2nkgX.Wgvs4q3wCgICad/uz2g90yakp5Tb5y9UYGyYSslArBSJXvK', NULL, NULL, NULL, NULL, NULL, 'user-651', NULL, NULL, NULL, NULL, 0, NULL, NULL, NULL, NULL, 0, NULL, 0, NULL, 0, NULL, 0, NULL, NULL, 0, 0, 0, NULL, 'images/default/avatar.jpg', NULL, 0, 0, NULL, NULL, 0, 0, 0, 0, 0, NULL, 0, NULL, NULL, NULL, NULL, NULL, NULL, NULL),
(657, 'area', 10, 39, 107, 254, 'Md. Salim Raza ', 'user-652@gmail.com', '$2y$10$2nkgX.Wgvs4q3wCgICad/uz2g90yakp5Tb5y9UYGyYSslArBSJXvK', NULL, NULL, NULL, NULL, NULL, 'user-652', NULL, NULL, NULL, NULL, 0, NULL, NULL, NULL, NULL, 0, NULL, 0, NULL, 0, NULL, 0, NULL, NULL, 0, 0, 0, NULL, 'images/default/avatar.jpg', NULL, 0, 0, NULL, NULL, 0, 0, 0, 0, 0, NULL, 0, NULL, NULL, NULL, NULL, NULL, NULL, NULL),
(658, 'area', 10, 39, 107, 254, 'Al-Amin ', 'user-653@gmail.com', '$2y$10$2nkgX.Wgvs4q3wCgICad/uz2g90yakp5Tb5y9UYGyYSslArBSJXvK', NULL, NULL, NULL, NULL, NULL, 'user-653', NULL, NULL, NULL, NULL, 0, NULL, NULL, NULL, NULL, 0, NULL, 0, NULL, 0, NULL, 0, NULL, NULL, 0, 0, 0, NULL, 'images/default/avatar.jpg', NULL, 0, 0, NULL, NULL, 0, 0, 0, 0, 0, NULL, 0, NULL, NULL, NULL, NULL, NULL, NULL, NULL),
(659, 'area', 10, 39, 107, 255, 'Anowar Hossain Bhuiyan ', 'user-654@gmail.com', '$2y$10$2nkgX.Wgvs4q3wCgICad/uz2g90yakp5Tb5y9UYGyYSslArBSJXvK', NULL, NULL, NULL, NULL, NULL, 'user-654', NULL, NULL, NULL, NULL, 0, NULL, NULL, NULL, NULL, 0, NULL, 0, NULL, 0, NULL, 0, NULL, NULL, 0, 0, 0, NULL, 'images/default/avatar.jpg', NULL, 0, 0, NULL, NULL, 0, 0, 0, 0, 0, NULL, 0, NULL, NULL, NULL, NULL, NULL, NULL, NULL),
(660, 'area', 10, 39, 107, 255, 'Md. Sohel Rana ', 'user-655@gmail.com', '$2y$10$2nkgX.Wgvs4q3wCgICad/uz2g90yakp5Tb5y9UYGyYSslArBSJXvK', NULL, NULL, NULL, NULL, NULL, 'user-655', NULL, NULL, NULL, NULL, 0, NULL, NULL, NULL, NULL, 0, NULL, 0, NULL, 0, NULL, 0, NULL, NULL, 0, 0, 0, NULL, 'images/default/avatar.jpg', NULL, 0, 0, NULL, NULL, 0, 0, 0, 0, 0, NULL, 0, NULL, NULL, NULL, NULL, NULL, NULL, NULL),
(661, 'area', 10, 39, 107, 256, 'Md. S.M Saiful Islam ', 'user-656@gmail.com', '$2y$10$2nkgX.Wgvs4q3wCgICad/uz2g90yakp5Tb5y9UYGyYSslArBSJXvK', NULL, NULL, NULL, NULL, NULL, 'user-656', NULL, NULL, NULL, NULL, 0, NULL, NULL, NULL, NULL, 0, NULL, 0, NULL, 0, NULL, 0, NULL, NULL, 0, 0, 0, NULL, 'images/default/avatar.jpg', NULL, 0, 0, NULL, NULL, 0, 0, 0, 0, 0, NULL, 0, NULL, NULL, NULL, NULL, NULL, NULL, NULL),
(662, 'area', 10, 39, 107, 256, 'Md. Ataullah ', 'user-657@gmail.com', '$2y$10$2nkgX.Wgvs4q3wCgICad/uz2g90yakp5Tb5y9UYGyYSslArBSJXvK', NULL, NULL, NULL, NULL, NULL, 'user-657', NULL, NULL, NULL, NULL, 0, NULL, NULL, NULL, NULL, 0, NULL, 0, NULL, 0, NULL, 0, NULL, NULL, 0, 0, 0, NULL, 'images/default/avatar.jpg', NULL, 0, 0, NULL, NULL, 0, 0, 0, 0, 0, NULL, 0, NULL, NULL, NULL, NULL, NULL, NULL, NULL),
(663, 'area', 10, 40, 108, 257, 'Susil Pal ', 'user-658@gmail.com', '$2y$10$2nkgX.Wgvs4q3wCgICad/uz2g90yakp5Tb5y9UYGyYSslArBSJXvK', NULL, NULL, NULL, NULL, NULL, 'user-658', NULL, NULL, NULL, NULL, 0, NULL, NULL, NULL, NULL, 0, NULL, 0, NULL, 0, NULL, 0, NULL, NULL, 0, 0, 0, NULL, 'images/default/avatar.jpg', NULL, 0, 0, NULL, NULL, 0, 0, 0, 0, 0, NULL, 0, NULL, NULL, NULL, NULL, NULL, NULL, NULL),
(664, 'area', 10, 40, 108, 257, 'Md. Saifuddin ', 'user-659@gmail.com', '$2y$10$2nkgX.Wgvs4q3wCgICad/uz2g90yakp5Tb5y9UYGyYSslArBSJXvK', NULL, NULL, NULL, NULL, NULL, 'user-659', NULL, NULL, NULL, NULL, 0, NULL, NULL, NULL, NULL, 0, NULL, 0, NULL, 0, NULL, 0, NULL, NULL, 0, 0, 0, NULL, 'images/default/avatar.jpg', NULL, 0, 0, NULL, NULL, 0, 0, 0, 0, 0, NULL, 0, NULL, NULL, NULL, NULL, NULL, NULL, NULL),
(665, 'area', 10, 40, 108, 257, 'Md. Al-Amin Bhuiyan ', 'user-660@gmail.com', '$2y$10$2nkgX.Wgvs4q3wCgICad/uz2g90yakp5Tb5y9UYGyYSslArBSJXvK', NULL, NULL, NULL, NULL, NULL, 'user-660', NULL, NULL, NULL, NULL, 0, NULL, NULL, NULL, NULL, 0, NULL, 0, NULL, 0, NULL, 0, NULL, NULL, 0, 0, 0, NULL, 'images/default/avatar.jpg', NULL, 0, 0, NULL, NULL, 0, 0, 0, 0, 0, NULL, 0, NULL, NULL, NULL, NULL, NULL, NULL, NULL),
(666, 'area', 10, 40, 108, 257, 'Md.Kawser Alom', 'user-661@gmail.com', '$2y$10$2nkgX.Wgvs4q3wCgICad/uz2g90yakp5Tb5y9UYGyYSslArBSJXvK', NULL, NULL, NULL, NULL, NULL, 'user-661', NULL, NULL, NULL, NULL, 0, NULL, NULL, NULL, NULL, 0, NULL, 0, NULL, 0, NULL, 0, NULL, NULL, 0, 0, 0, NULL, 'images/default/avatar.jpg', NULL, 0, 0, NULL, NULL, 0, 0, 0, 0, 0, NULL, 0, NULL, NULL, NULL, NULL, NULL, NULL, NULL),
(667, 'area', 10, 40, 108, 258, 'Saiful Islam ', 'user-662@gmail.com', '$2y$10$2nkgX.Wgvs4q3wCgICad/uz2g90yakp5Tb5y9UYGyYSslArBSJXvK', NULL, NULL, NULL, NULL, NULL, 'user-662', NULL, NULL, NULL, NULL, 0, NULL, NULL, NULL, NULL, 0, NULL, 0, NULL, 0, NULL, 0, NULL, NULL, 0, 0, 0, NULL, 'images/default/avatar.jpg', NULL, 0, 0, NULL, NULL, 0, 0, 0, 0, 0, NULL, 0, NULL, NULL, NULL, NULL, NULL, NULL, NULL),
(668, 'area', 10, 40, 109, 259, 'Omar Sharif Noor ', 'user-663@gmail.com', '$2y$10$2nkgX.Wgvs4q3wCgICad/uz2g90yakp5Tb5y9UYGyYSslArBSJXvK', NULL, NULL, NULL, NULL, NULL, 'user-663', NULL, NULL, NULL, NULL, 0, NULL, NULL, NULL, NULL, 0, NULL, 0, NULL, 0, NULL, 0, NULL, NULL, 0, 0, 0, NULL, 'images/default/avatar.jpg', NULL, 0, 0, NULL, NULL, 0, 0, 0, 0, 0, NULL, 0, NULL, NULL, NULL, NULL, NULL, NULL, NULL),
(669, 'area', 10, 40, 109, 259, 'Md. Tazul Islam ', 'user-664@gmail.com', '$2y$10$2nkgX.Wgvs4q3wCgICad/uz2g90yakp5Tb5y9UYGyYSslArBSJXvK', NULL, NULL, NULL, NULL, NULL, 'user-664', NULL, NULL, NULL, NULL, 0, NULL, NULL, NULL, NULL, 0, NULL, 0, NULL, 0, NULL, 0, NULL, NULL, 0, 0, 0, NULL, 'images/default/avatar.jpg', NULL, 0, 0, NULL, NULL, 0, 0, 0, 0, 0, NULL, 0, NULL, NULL, NULL, NULL, NULL, NULL, NULL),
(670, 'area', 10, 40, 109, 259, 'Apu Kumer Das', 'user-665@gmail.com', '$2y$10$2nkgX.Wgvs4q3wCgICad/uz2g90yakp5Tb5y9UYGyYSslArBSJXvK', NULL, NULL, NULL, NULL, NULL, 'user-665', NULL, NULL, NULL, NULL, 0, NULL, NULL, NULL, NULL, 0, NULL, 0, NULL, 0, NULL, 0, NULL, NULL, 0, 0, 0, NULL, 'images/default/avatar.jpg', NULL, 0, 0, NULL, NULL, 0, 0, 0, 0, 0, NULL, 0, NULL, NULL, NULL, NULL, NULL, NULL, NULL),
(671, 'area', 10, 40, 109, 260, 'Noyan Chandro Dev Nath', 'user-666@gmail.com', '$2y$10$2nkgX.Wgvs4q3wCgICad/uz2g90yakp5Tb5y9UYGyYSslArBSJXvK', NULL, NULL, NULL, NULL, NULL, 'user-666', NULL, NULL, NULL, NULL, 0, NULL, NULL, NULL, NULL, 0, NULL, 0, NULL, 0, NULL, 0, NULL, NULL, 0, 0, 0, NULL, 'images/default/avatar.jpg', NULL, 0, 0, NULL, NULL, 0, 0, 0, 0, 0, NULL, 0, NULL, NULL, NULL, NULL, NULL, NULL, NULL),
(672, 'area', 10, 40, 109, 261, 'Shanjay Kumar Bhadra ', 'user-667@gmail.com', '$2y$10$2nkgX.Wgvs4q3wCgICad/uz2g90yakp5Tb5y9UYGyYSslArBSJXvK', NULL, NULL, NULL, NULL, NULL, 'user-667', NULL, NULL, NULL, NULL, 0, NULL, NULL, NULL, NULL, 0, NULL, 0, NULL, 0, NULL, 0, NULL, NULL, 0, 0, 0, NULL, 'images/default/avatar.jpg', NULL, 0, 0, NULL, NULL, 0, 0, 0, 0, 0, NULL, 0, NULL, NULL, NULL, NULL, NULL, NULL, NULL),
(673, 'area', 10, 40, 109, 261, 'Md. Abdul Aziz', 'user-668@gmail.com', '$2y$10$2nkgX.Wgvs4q3wCgICad/uz2g90yakp5Tb5y9UYGyYSslArBSJXvK', NULL, NULL, NULL, NULL, NULL, 'user-668', NULL, NULL, NULL, NULL, 0, NULL, NULL, NULL, NULL, 0, NULL, 0, NULL, 0, NULL, 0, NULL, NULL, 0, 0, 0, NULL, 'images/default/avatar.jpg', NULL, 0, 0, NULL, NULL, 0, 0, 0, 0, 0, NULL, 0, NULL, NULL, NULL, NULL, NULL, NULL, NULL),
(674, 'area', 10, 41, 110, 262, 'Md. Delowar Hossain ', 'user-669@gmail.com', '$2y$10$2nkgX.Wgvs4q3wCgICad/uz2g90yakp5Tb5y9UYGyYSslArBSJXvK', NULL, NULL, NULL, NULL, NULL, 'user-669', NULL, NULL, NULL, NULL, 0, NULL, NULL, NULL, NULL, 0, NULL, 0, NULL, 0, NULL, 0, NULL, NULL, 0, 0, 0, NULL, 'images/default/avatar.jpg', NULL, 0, 0, NULL, NULL, 0, 0, 0, 0, 0, NULL, 0, NULL, NULL, NULL, NULL, NULL, NULL, NULL),
(675, 'area', 10, 41, 110, 262, 'Mozammel Haque', 'user-670@gmail.com', '$2y$10$2nkgX.Wgvs4q3wCgICad/uz2g90yakp5Tb5y9UYGyYSslArBSJXvK', NULL, NULL, NULL, NULL, NULL, 'user-670', NULL, NULL, NULL, NULL, 0, NULL, NULL, NULL, NULL, 0, NULL, 0, NULL, 0, NULL, 0, NULL, NULL, 0, 0, 0, NULL, 'images/default/avatar.jpg', NULL, 0, 0, NULL, NULL, 0, 0, 0, 0, 0, NULL, 0, NULL, NULL, NULL, NULL, NULL, NULL, NULL),
(676, 'area', 10, 41, 110, 262, 'Md. Saidul Islam- ', 'user-671@gmail.com', '$2y$10$2nkgX.Wgvs4q3wCgICad/uz2g90yakp5Tb5y9UYGyYSslArBSJXvK', NULL, NULL, NULL, NULL, NULL, 'user-671', NULL, NULL, NULL, NULL, 0, NULL, NULL, NULL, NULL, 0, NULL, 0, NULL, 0, NULL, 0, NULL, NULL, 0, 0, 0, NULL, 'images/default/avatar.jpg', NULL, 0, 0, NULL, NULL, 0, 0, 0, 0, 0, NULL, 0, NULL, NULL, NULL, NULL, NULL, NULL, NULL),
(677, 'area', 10, 41, 110, 262, 'Ibrahim hossain', 'user-672@gmail.com', '$2y$10$2nkgX.Wgvs4q3wCgICad/uz2g90yakp5Tb5y9UYGyYSslArBSJXvK', NULL, NULL, NULL, NULL, NULL, 'user-672', NULL, NULL, NULL, NULL, 0, NULL, NULL, NULL, NULL, 0, NULL, 0, NULL, 0, NULL, 0, NULL, NULL, 0, 0, 0, NULL, 'images/default/avatar.jpg', NULL, 0, 0, NULL, NULL, 0, 0, 0, 0, 0, NULL, 0, NULL, NULL, NULL, NULL, NULL, NULL, NULL),
(678, 'area', 10, 41, 110, 262, 'Md. Jahid Hossain', 'user-673@gmail.com', '$2y$10$2nkgX.Wgvs4q3wCgICad/uz2g90yakp5Tb5y9UYGyYSslArBSJXvK', NULL, NULL, NULL, NULL, NULL, 'user-673', NULL, NULL, NULL, NULL, 0, NULL, NULL, NULL, NULL, 0, NULL, 0, NULL, 0, NULL, 0, NULL, NULL, 0, 0, 0, NULL, 'images/default/avatar.jpg', NULL, 0, 0, NULL, NULL, 0, 0, 0, 0, 0, NULL, 0, NULL, NULL, NULL, NULL, NULL, NULL, NULL),
(679, 'area', 10, 41, 110, 263, 'Akramul Haq', 'user-674@gmail.com', '$2y$10$2nkgX.Wgvs4q3wCgICad/uz2g90yakp5Tb5y9UYGyYSslArBSJXvK', NULL, NULL, NULL, NULL, NULL, 'user-674', NULL, NULL, NULL, NULL, 0, NULL, NULL, NULL, NULL, 0, NULL, 0, NULL, 0, NULL, 0, NULL, NULL, 0, 0, 0, NULL, 'images/default/avatar.jpg', NULL, 0, 0, NULL, NULL, 0, 0, 0, 0, 0, NULL, 0, NULL, NULL, NULL, NULL, NULL, NULL, NULL),
(680, 'area', 10, 41, 110, 264, 'Aminul Islam ', 'user-675@gmail.com', '$2y$10$2nkgX.Wgvs4q3wCgICad/uz2g90yakp5Tb5y9UYGyYSslArBSJXvK', NULL, NULL, NULL, NULL, NULL, 'user-675', NULL, NULL, NULL, NULL, 0, NULL, NULL, NULL, NULL, 0, NULL, 0, NULL, 0, NULL, 0, NULL, NULL, 0, 0, 0, NULL, 'images/default/avatar.jpg', NULL, 0, 0, NULL, NULL, 0, 0, 0, 0, 0, NULL, 0, NULL, NULL, NULL, NULL, NULL, NULL, NULL),
(681, 'area', 10, 41, 110, 264, 'Md.Farhad', 'user-676@gmail.com', '$2y$10$2nkgX.Wgvs4q3wCgICad/uz2g90yakp5Tb5y9UYGyYSslArBSJXvK', NULL, NULL, NULL, NULL, NULL, 'user-676', NULL, NULL, NULL, NULL, 0, NULL, NULL, NULL, NULL, 0, NULL, 0, NULL, 0, NULL, 0, NULL, NULL, 0, 0, 0, NULL, 'images/default/avatar.jpg', NULL, 0, 0, NULL, NULL, 0, 0, 0, 0, 0, NULL, 0, NULL, NULL, NULL, NULL, NULL, NULL, NULL),
(682, 'area', 10, 41, 111, 265, 'Meheraj ', 'user-677@gmail.com', '$2y$10$2nkgX.Wgvs4q3wCgICad/uz2g90yakp5Tb5y9UYGyYSslArBSJXvK', NULL, NULL, NULL, NULL, NULL, 'user-677', NULL, NULL, NULL, NULL, 0, NULL, NULL, NULL, NULL, 0, NULL, 0, NULL, 0, NULL, 0, NULL, NULL, 0, 0, 0, NULL, 'images/default/avatar.jpg', NULL, 0, 0, NULL, NULL, 0, 0, 0, 0, 0, NULL, 0, NULL, NULL, NULL, NULL, NULL, NULL, NULL),
(683, 'area', 10, 41, 111, 265, 'Md.Iqbal Hossain (1.4.18)', 'user-678@gmail.com', '$2y$10$2nkgX.Wgvs4q3wCgICad/uz2g90yakp5Tb5y9UYGyYSslArBSJXvK', NULL, NULL, NULL, NULL, NULL, 'user-678', NULL, NULL, NULL, NULL, 0, NULL, NULL, NULL, NULL, 0, NULL, 0, NULL, 0, NULL, 0, NULL, NULL, 0, 0, 0, NULL, 'images/default/avatar.jpg', NULL, 0, 0, NULL, NULL, 0, 0, 0, 0, 0, NULL, 0, NULL, NULL, NULL, NULL, NULL, NULL, NULL),
(684, 'area', 10, 41, 111, 265, 'Md. Masud Alam', 'user-679@gmail.com', '$2y$10$2nkgX.Wgvs4q3wCgICad/uz2g90yakp5Tb5y9UYGyYSslArBSJXvK', NULL, NULL, NULL, NULL, NULL, 'user-679', NULL, NULL, NULL, NULL, 0, NULL, NULL, NULL, NULL, 0, NULL, 0, NULL, 0, NULL, 0, NULL, NULL, 0, 0, 0, NULL, 'images/default/avatar.jpg', NULL, 0, 0, NULL, NULL, 0, 0, 0, 0, 0, NULL, 0, NULL, NULL, NULL, NULL, NULL, NULL, NULL),
(685, 'area', 10, 41, 111, 266, 'Shaker Hossain ', 'user-680@gmail.com', '$2y$10$2nkgX.Wgvs4q3wCgICad/uz2g90yakp5Tb5y9UYGyYSslArBSJXvK', NULL, NULL, NULL, NULL, NULL, 'user-680', NULL, NULL, NULL, NULL, 0, NULL, NULL, NULL, NULL, 0, NULL, 0, NULL, 0, NULL, 0, NULL, NULL, 0, 0, 0, NULL, 'images/default/avatar.jpg', NULL, 0, 0, NULL, NULL, 0, 0, 0, 0, 0, NULL, 0, NULL, NULL, NULL, NULL, NULL, NULL, NULL),
(686, 'area', 10, 41, 111, 266, 'Md. Hanif Mia ', 'user-681@gmail.com', '$2y$10$2nkgX.Wgvs4q3wCgICad/uz2g90yakp5Tb5y9UYGyYSslArBSJXvK', NULL, NULL, NULL, NULL, NULL, 'user-681', NULL, NULL, NULL, NULL, 0, NULL, NULL, NULL, NULL, 0, NULL, 0, NULL, 0, NULL, 0, NULL, NULL, 0, 0, 0, NULL, 'images/default/avatar.jpg', NULL, 0, 0, NULL, NULL, 0, 0, 0, 0, 0, NULL, 0, NULL, NULL, NULL, NULL, NULL, NULL, NULL),
(687, 'area', 10, 41, 111, 267, 'Haradhan Chandro ', 'user-682@gmail.com', '$2y$10$2nkgX.Wgvs4q3wCgICad/uz2g90yakp5Tb5y9UYGyYSslArBSJXvK', NULL, NULL, NULL, NULL, NULL, 'user-682', NULL, NULL, NULL, NULL, 0, NULL, NULL, NULL, NULL, 0, NULL, 0, NULL, 0, NULL, 0, NULL, NULL, 0, 0, 0, NULL, 'images/default/avatar.jpg', NULL, 0, 0, NULL, NULL, 0, 0, 0, 0, 0, NULL, 0, NULL, NULL, NULL, NULL, NULL, NULL, NULL),
(688, 'area', 10, 41, 111, 267, 'Shamsul Karim ', 'user-683@gmail.com', '$2y$10$2nkgX.Wgvs4q3wCgICad/uz2g90yakp5Tb5y9UYGyYSslArBSJXvK', NULL, NULL, NULL, NULL, NULL, 'user-683', NULL, NULL, NULL, NULL, 0, NULL, NULL, NULL, NULL, 0, NULL, 0, NULL, 0, NULL, 0, NULL, NULL, 0, 0, 0, NULL, 'images/default/avatar.jpg', NULL, 0, 0, NULL, NULL, 0, 0, 0, 0, 0, NULL, 0, NULL, NULL, NULL, NULL, NULL, NULL, NULL),
(689, 'area', 11, 42, 112, 268, 'Md. Alauddin', 'user-684@gmail.com', '$2y$10$2nkgX.Wgvs4q3wCgICad/uz2g90yakp5Tb5y9UYGyYSslArBSJXvK', NULL, NULL, NULL, NULL, NULL, 'user-684', NULL, NULL, NULL, NULL, 0, NULL, NULL, NULL, NULL, 0, NULL, 0, NULL, 0, NULL, 0, NULL, NULL, 0, 0, 0, NULL, 'images/default/avatar.jpg', NULL, 0, 0, NULL, NULL, 0, 0, 0, 0, 0, NULL, 0, NULL, NULL, NULL, NULL, NULL, NULL, NULL),
(690, 'area', 11, 42, 112, 268, 'Md Amir Hossain', 'user-685@gmail.com', '$2y$10$2nkgX.Wgvs4q3wCgICad/uz2g90yakp5Tb5y9UYGyYSslArBSJXvK', NULL, NULL, NULL, NULL, NULL, 'user-685', NULL, NULL, NULL, NULL, 0, NULL, NULL, NULL, NULL, 0, NULL, 0, NULL, 0, NULL, 0, NULL, NULL, 0, 0, 0, NULL, 'images/default/avatar.jpg', NULL, 0, 0, NULL, NULL, 0, 0, 0, 0, 0, NULL, 0, NULL, NULL, NULL, NULL, NULL, NULL, NULL),
(691, 'area', 11, 42, 112, 268, 'Abul Hasnat Chowdhuray', 'user-686@gmail.com', '$2y$10$2nkgX.Wgvs4q3wCgICad/uz2g90yakp5Tb5y9UYGyYSslArBSJXvK', NULL, NULL, NULL, NULL, NULL, 'user-686', NULL, NULL, NULL, NULL, 0, NULL, NULL, NULL, NULL, 0, NULL, 0, NULL, 0, NULL, 0, NULL, NULL, 0, 0, 0, NULL, 'images/default/avatar.jpg', NULL, 0, 0, NULL, NULL, 0, 0, 0, 0, 0, NULL, 0, NULL, NULL, NULL, NULL, NULL, NULL, NULL),
(692, 'area', 11, 42, 112, 268, 'Md. Sobuj', 'user-687@gmail.com', '$2y$10$2nkgX.Wgvs4q3wCgICad/uz2g90yakp5Tb5y9UYGyYSslArBSJXvK', NULL, NULL, NULL, NULL, NULL, 'user-687', NULL, NULL, NULL, NULL, 0, NULL, NULL, NULL, NULL, 0, NULL, 0, NULL, 0, NULL, 0, NULL, NULL, 0, 0, 0, NULL, 'images/default/avatar.jpg', NULL, 0, 0, NULL, NULL, 0, 0, 0, 0, 0, NULL, 0, NULL, NULL, NULL, NULL, NULL, NULL, NULL),
(693, 'area', 11, 42, 112, 268, 'Biswajit Chokrabarty', 'user-688@gmail.com', '$2y$10$2nkgX.Wgvs4q3wCgICad/uz2g90yakp5Tb5y9UYGyYSslArBSJXvK', NULL, NULL, NULL, NULL, NULL, 'user-688', NULL, NULL, NULL, NULL, 0, NULL, NULL, NULL, NULL, 0, NULL, 0, NULL, 0, NULL, 0, NULL, NULL, 0, 0, 0, NULL, 'images/default/avatar.jpg', NULL, 0, 0, NULL, NULL, 0, 0, 0, 0, 0, NULL, 0, NULL, NULL, NULL, NULL, NULL, NULL, NULL),
(694, 'area', 11, 42, 112, 268, 'Mosle uddin', 'user-689@gmail.com', '$2y$10$2nkgX.Wgvs4q3wCgICad/uz2g90yakp5Tb5y9UYGyYSslArBSJXvK', NULL, NULL, NULL, NULL, NULL, 'user-689', NULL, NULL, NULL, NULL, 0, NULL, NULL, NULL, NULL, 0, NULL, 0, NULL, 0, NULL, 0, NULL, NULL, 0, 0, 0, NULL, 'images/default/avatar.jpg', NULL, 0, 0, NULL, NULL, 0, 0, 0, 0, 0, NULL, 0, NULL, NULL, NULL, NULL, NULL, NULL, NULL),
(695, 'area', 11, 42, 112, 269, 'Ismai Hossain (Samim)', 'user-690@gmail.com', '$2y$10$2nkgX.Wgvs4q3wCgICad/uz2g90yakp5Tb5y9UYGyYSslArBSJXvK', NULL, NULL, NULL, NULL, NULL, 'user-690', NULL, NULL, NULL, NULL, 0, NULL, NULL, NULL, NULL, 0, NULL, 0, NULL, 0, NULL, 0, NULL, NULL, 0, 0, 0, NULL, 'images/default/avatar.jpg', NULL, 0, 0, NULL, NULL, 0, 0, 0, 0, 0, NULL, 0, NULL, NULL, NULL, NULL, NULL, NULL, NULL),
(696, 'area', 11, 42, 112, 269, 'Pilton Das', 'user-691@gmail.com', '$2y$10$2nkgX.Wgvs4q3wCgICad/uz2g90yakp5Tb5y9UYGyYSslArBSJXvK', NULL, NULL, NULL, NULL, NULL, 'user-691', NULL, NULL, NULL, NULL, 0, NULL, NULL, NULL, NULL, 0, NULL, 0, NULL, 0, NULL, 0, NULL, NULL, 0, 0, 0, NULL, 'images/default/avatar.jpg', NULL, 0, 0, NULL, NULL, 0, 0, 0, 0, 0, NULL, 0, NULL, NULL, NULL, NULL, NULL, NULL, NULL),
(697, 'area', 11, 42, 113, 270, 'Giash Uddin', 'user-692@gmail.com', '$2y$10$2nkgX.Wgvs4q3wCgICad/uz2g90yakp5Tb5y9UYGyYSslArBSJXvK', NULL, NULL, NULL, NULL, NULL, 'user-692', NULL, NULL, NULL, NULL, 0, NULL, NULL, NULL, NULL, 0, NULL, 0, NULL, 0, NULL, 0, NULL, NULL, 0, 0, 0, NULL, 'images/default/avatar.jpg', NULL, 0, 0, NULL, NULL, 0, 0, 0, 0, 0, NULL, 0, NULL, NULL, NULL, NULL, NULL, NULL, NULL),
(698, 'area', 11, 42, 113, 270, 'Sumon Majumder', 'user-693@gmail.com', '$2y$10$2nkgX.Wgvs4q3wCgICad/uz2g90yakp5Tb5y9UYGyYSslArBSJXvK', NULL, NULL, NULL, NULL, NULL, 'user-693', NULL, NULL, NULL, NULL, 0, NULL, NULL, NULL, NULL, 0, NULL, 0, NULL, 0, NULL, 0, NULL, NULL, 0, 0, 0, NULL, 'images/default/avatar.jpg', NULL, 0, 0, NULL, NULL, 0, 0, 0, 0, 0, NULL, 0, NULL, NULL, NULL, NULL, NULL, NULL, NULL),
(699, 'area', 11, 42, 113, 270, 'Ashim Kumar Bhowmik', 'user-694@gmail.com', '$2y$10$2nkgX.Wgvs4q3wCgICad/uz2g90yakp5Tb5y9UYGyYSslArBSJXvK', NULL, NULL, NULL, NULL, NULL, 'user-694', NULL, NULL, NULL, NULL, 0, NULL, NULL, NULL, NULL, 0, NULL, 0, NULL, 0, NULL, 0, NULL, NULL, 0, 0, 0, NULL, 'images/default/avatar.jpg', NULL, 0, 0, NULL, NULL, 0, 0, 0, 0, 0, NULL, 0, NULL, NULL, NULL, NULL, NULL, NULL, NULL),
(700, 'area', 11, 42, 113, 271, 'Abul Foysal', 'user-695@gmail.com', '$2y$10$2nkgX.Wgvs4q3wCgICad/uz2g90yakp5Tb5y9UYGyYSslArBSJXvK', NULL, NULL, NULL, NULL, NULL, 'user-695', NULL, NULL, NULL, NULL, 0, NULL, NULL, NULL, NULL, 0, NULL, 0, NULL, 0, NULL, 0, NULL, NULL, 0, 0, 0, NULL, 'images/default/avatar.jpg', NULL, 0, 0, NULL, NULL, 0, 0, 0, 0, 0, NULL, 0, NULL, NULL, NULL, NULL, NULL, NULL, NULL),
(701, 'area', 11, 42, 113, 271, 'Saiful Islam', 'user-696@gmail.com', '$2y$10$2nkgX.Wgvs4q3wCgICad/uz2g90yakp5Tb5y9UYGyYSslArBSJXvK', NULL, NULL, NULL, NULL, NULL, 'user-696', NULL, NULL, NULL, NULL, 0, NULL, NULL, NULL, NULL, 0, NULL, 0, NULL, 0, NULL, 0, NULL, NULL, 0, 0, 0, NULL, 'images/default/avatar.jpg', NULL, 0, 0, NULL, NULL, 0, 0, 0, 0, 0, NULL, 0, NULL, NULL, NULL, NULL, NULL, NULL, NULL),
(702, 'area', 11, 42, 113, 272, 'Johirul Islam', 'user-697@gmail.com', '$2y$10$2nkgX.Wgvs4q3wCgICad/uz2g90yakp5Tb5y9UYGyYSslArBSJXvK', NULL, NULL, NULL, NULL, NULL, 'user-697', NULL, NULL, NULL, NULL, 0, NULL, NULL, NULL, NULL, 0, NULL, 0, NULL, 0, NULL, 0, NULL, NULL, 0, 0, 0, NULL, 'images/default/avatar.jpg', NULL, 0, 0, NULL, NULL, 0, 0, 0, 0, 0, NULL, 0, NULL, NULL, NULL, NULL, NULL, NULL, NULL),
(703, 'area', 11, 42, 114, 273, 'Mujibullah', 'user-698@gmail.com', '$2y$10$2nkgX.Wgvs4q3wCgICad/uz2g90yakp5Tb5y9UYGyYSslArBSJXvK', NULL, NULL, NULL, NULL, NULL, 'user-698', NULL, NULL, NULL, NULL, 0, NULL, NULL, NULL, NULL, 0, NULL, 0, NULL, 0, NULL, 0, NULL, NULL, 0, 0, 0, NULL, 'images/default/avatar.jpg', NULL, 0, 0, NULL, NULL, 0, 0, 0, 0, 0, NULL, 0, NULL, NULL, NULL, NULL, NULL, NULL, NULL),
(704, 'area', 11, 42, 114, 273, 'Mahmudul Hasan', 'user-699@gmail.com', '$2y$10$2nkgX.Wgvs4q3wCgICad/uz2g90yakp5Tb5y9UYGyYSslArBSJXvK', NULL, NULL, NULL, NULL, NULL, 'user-699', NULL, NULL, NULL, NULL, 0, NULL, NULL, NULL, NULL, 0, NULL, 0, NULL, 0, NULL, 0, NULL, NULL, 0, 0, 0, NULL, 'images/default/avatar.jpg', NULL, 0, 0, NULL, NULL, 0, 0, 0, 0, 0, NULL, 0, NULL, NULL, NULL, NULL, NULL, NULL, NULL),
(705, 'area', 11, 42, 114, 274, 'Md.Aziz', 'user-700@gmail.com', '$2y$10$2nkgX.Wgvs4q3wCgICad/uz2g90yakp5Tb5y9UYGyYSslArBSJXvK', NULL, NULL, NULL, NULL, NULL, 'user-700', NULL, NULL, NULL, NULL, 0, NULL, NULL, NULL, NULL, 0, NULL, 0, NULL, 0, NULL, 0, NULL, NULL, 0, 0, 0, NULL, 'images/default/avatar.jpg', NULL, 0, 0, NULL, NULL, 0, 0, 0, 0, 0, NULL, 0, NULL, NULL, NULL, NULL, NULL, NULL, NULL),
(706, 'area', 11, 42, 114, 274, 'Md Abdul Kadir', 'user-701@gmail.com', '$2y$10$2nkgX.Wgvs4q3wCgICad/uz2g90yakp5Tb5y9UYGyYSslArBSJXvK', NULL, NULL, NULL, NULL, NULL, 'user-701', NULL, NULL, NULL, NULL, 0, NULL, NULL, NULL, NULL, 0, NULL, 0, NULL, 0, NULL, 0, NULL, NULL, 0, 0, 0, NULL, 'images/default/avatar.jpg', NULL, 0, 0, NULL, NULL, 0, 0, 0, 0, 0, NULL, 0, NULL, NULL, NULL, NULL, NULL, NULL, NULL),
(707, 'area', 11, 42, 114, 275, 'Hasan Mahmud', 'user-702@gmail.com', '$2y$10$2nkgX.Wgvs4q3wCgICad/uz2g90yakp5Tb5y9UYGyYSslArBSJXvK', NULL, NULL, NULL, NULL, NULL, 'user-702', NULL, NULL, NULL, NULL, 0, NULL, NULL, NULL, NULL, 0, NULL, 0, NULL, 0, NULL, 0, NULL, NULL, 0, 0, 0, NULL, 'images/default/avatar.jpg', NULL, 0, 0, NULL, NULL, 0, 0, 0, 0, 0, NULL, 0, NULL, NULL, NULL, NULL, NULL, NULL, NULL),
(708, 'area', 11, 42, 114, 275, 'Joy Chandra Paul', 'user-703@gmail.com', '$2y$10$2nkgX.Wgvs4q3wCgICad/uz2g90yakp5Tb5y9UYGyYSslArBSJXvK', NULL, NULL, NULL, NULL, NULL, 'user-703', NULL, NULL, NULL, NULL, 0, NULL, NULL, NULL, NULL, 0, NULL, 0, NULL, 0, NULL, 0, NULL, NULL, 0, 0, 0, NULL, 'images/default/avatar.jpg', NULL, 0, 0, NULL, NULL, 0, 0, 0, 0, 0, NULL, 0, NULL, NULL, NULL, NULL, NULL, NULL, NULL),
(709, 'area', 11, 42, 114, 275, 'Md Shahalam Gazi', 'user-704@gmail.com', '$2y$10$2nkgX.Wgvs4q3wCgICad/uz2g90yakp5Tb5y9UYGyYSslArBSJXvK', NULL, NULL, NULL, NULL, NULL, 'user-704', NULL, NULL, NULL, NULL, 0, NULL, NULL, NULL, NULL, 0, NULL, 0, NULL, 0, NULL, 0, NULL, NULL, 0, 0, 0, NULL, 'images/default/avatar.jpg', NULL, 0, 0, NULL, NULL, 0, 0, 0, 0, 0, NULL, 0, NULL, NULL, NULL, NULL, NULL, NULL, NULL),
(710, 'area', 11, 43, 115, 276, 'Somir Chakrobarty', 'user-705@gmail.com', '$2y$10$2nkgX.Wgvs4q3wCgICad/uz2g90yakp5Tb5y9UYGyYSslArBSJXvK', NULL, NULL, NULL, NULL, NULL, 'user-705', NULL, NULL, NULL, NULL, 0, NULL, NULL, NULL, NULL, 0, NULL, 0, NULL, 0, NULL, 0, NULL, NULL, 0, 0, 0, NULL, 'images/default/avatar.jpg', NULL, 0, 0, NULL, NULL, 0, 0, 0, 0, 0, NULL, 0, NULL, NULL, NULL, NULL, NULL, NULL, NULL),
(711, 'area', 11, 43, 115, 276, 'Md.Rezaul Hoque', 'user-706@gmail.com', '$2y$10$2nkgX.Wgvs4q3wCgICad/uz2g90yakp5Tb5y9UYGyYSslArBSJXvK', NULL, NULL, NULL, NULL, NULL, 'user-706', NULL, NULL, NULL, NULL, 0, NULL, NULL, NULL, NULL, 0, NULL, 0, NULL, 0, NULL, 0, NULL, NULL, 0, 0, 0, NULL, 'images/default/avatar.jpg', NULL, 0, 0, NULL, NULL, 0, 0, 0, 0, 0, NULL, 0, NULL, NULL, NULL, NULL, NULL, NULL, NULL),
(712, 'area', 11, 43, 115, 276, 'Belal Hossain', 'user-707@gmail.com', '$2y$10$2nkgX.Wgvs4q3wCgICad/uz2g90yakp5Tb5y9UYGyYSslArBSJXvK', NULL, NULL, NULL, NULL, NULL, 'user-707', NULL, NULL, NULL, NULL, 0, NULL, NULL, NULL, NULL, 0, NULL, 0, NULL, 0, NULL, 0, NULL, NULL, 0, 0, 0, NULL, 'images/default/avatar.jpg', NULL, 0, 0, NULL, NULL, 0, 0, 0, 0, 0, NULL, 0, NULL, NULL, NULL, NULL, NULL, NULL, NULL),
(713, 'area', 11, 43, 115, 276, 'Ismail Hossain', 'user-708@gmail.com', '$2y$10$2nkgX.Wgvs4q3wCgICad/uz2g90yakp5Tb5y9UYGyYSslArBSJXvK', NULL, NULL, NULL, NULL, NULL, 'user-708', NULL, NULL, NULL, NULL, 0, NULL, NULL, NULL, NULL, 0, NULL, 0, NULL, 0, NULL, 0, NULL, NULL, 0, 0, 0, NULL, 'images/default/avatar.jpg', NULL, 0, 0, NULL, NULL, 0, 0, 0, 0, 0, NULL, 0, NULL, NULL, NULL, NULL, NULL, NULL, NULL),
(714, 'area', 11, 43, 115, 277, 'Abu Jafor Linkon', 'user-709@gmail.com', '$2y$10$2nkgX.Wgvs4q3wCgICad/uz2g90yakp5Tb5y9UYGyYSslArBSJXvK', NULL, NULL, NULL, NULL, NULL, 'user-709', NULL, NULL, NULL, NULL, 0, NULL, NULL, NULL, NULL, 0, NULL, 0, NULL, 0, NULL, 0, NULL, NULL, 0, 0, 0, NULL, 'images/default/avatar.jpg', NULL, 0, 0, NULL, NULL, 0, 0, 0, 0, 0, NULL, 0, NULL, NULL, NULL, NULL, NULL, NULL, NULL),
(715, 'area', 11, 43, 115, 277, 'Mehedi Hasan', 'user-710@gmail.com', '$2y$10$2nkgX.Wgvs4q3wCgICad/uz2g90yakp5Tb5y9UYGyYSslArBSJXvK', NULL, NULL, NULL, NULL, NULL, 'user-710', NULL, NULL, NULL, NULL, 0, NULL, NULL, NULL, NULL, 0, NULL, 0, NULL, 0, NULL, 0, NULL, NULL, 0, 0, 0, NULL, 'images/default/avatar.jpg', NULL, 0, 0, NULL, NULL, 0, 0, 0, 0, 0, NULL, 0, NULL, NULL, NULL, NULL, NULL, NULL, NULL),
(716, 'area', 11, 43, 115, 277, 'Rahat Ullah', 'user-711@gmail.com', '$2y$10$2nkgX.Wgvs4q3wCgICad/uz2g90yakp5Tb5y9UYGyYSslArBSJXvK', NULL, NULL, NULL, NULL, NULL, 'user-711', NULL, NULL, NULL, NULL, 0, NULL, NULL, NULL, NULL, 0, NULL, 0, NULL, 0, NULL, 0, NULL, NULL, 0, 0, 0, NULL, 'images/default/avatar.jpg', NULL, 0, 0, NULL, NULL, 0, 0, 0, 0, 0, NULL, 0, NULL, NULL, NULL, NULL, NULL, NULL, NULL),
(717, 'area', 11, 43, 115, 278, 'Abul Hossain', 'user-712@gmail.com', '$2y$10$2nkgX.Wgvs4q3wCgICad/uz2g90yakp5Tb5y9UYGyYSslArBSJXvK', NULL, NULL, NULL, NULL, NULL, 'user-712', NULL, NULL, NULL, NULL, 0, NULL, NULL, NULL, NULL, 0, NULL, 0, NULL, 0, NULL, 0, NULL, NULL, 0, 0, 0, NULL, 'images/default/avatar.jpg', NULL, 0, 0, NULL, NULL, 0, 0, 0, 0, 0, NULL, 0, NULL, NULL, NULL, NULL, NULL, NULL, NULL),
(718, 'area', 11, 43, 116, 279, 'Ismail Hossain', 'user-713@gmail.com', '$2y$10$2nkgX.Wgvs4q3wCgICad/uz2g90yakp5Tb5y9UYGyYSslArBSJXvK', NULL, NULL, NULL, NULL, NULL, 'user-713', NULL, NULL, NULL, NULL, 0, NULL, NULL, NULL, NULL, 0, NULL, 0, NULL, 0, NULL, 0, NULL, NULL, 0, 0, 0, NULL, 'images/default/avatar.jpg', NULL, 0, 0, NULL, NULL, 0, 0, 0, 0, 0, NULL, 0, NULL, NULL, NULL, NULL, NULL, NULL, NULL),
(719, 'area', 11, 43, 116, 279, 'Abdul Karim', 'user-714@gmail.com', '$2y$10$2nkgX.Wgvs4q3wCgICad/uz2g90yakp5Tb5y9UYGyYSslArBSJXvK', NULL, NULL, NULL, NULL, NULL, 'user-714', NULL, NULL, NULL, NULL, 0, NULL, NULL, NULL, NULL, 0, NULL, 0, NULL, 0, NULL, 0, NULL, NULL, 0, 0, 0, NULL, 'images/default/avatar.jpg', NULL, 0, 0, NULL, NULL, 0, 0, 0, 0, 0, NULL, 0, NULL, NULL, NULL, NULL, NULL, NULL, NULL),
(720, 'area', 11, 43, 116, 279, 'Md Jahangir Alam', 'user-715@gmail.com', '$2y$10$2nkgX.Wgvs4q3wCgICad/uz2g90yakp5Tb5y9UYGyYSslArBSJXvK', NULL, NULL, NULL, NULL, NULL, 'user-715', NULL, NULL, NULL, NULL, 0, NULL, NULL, NULL, NULL, 0, NULL, 0, NULL, 0, NULL, 0, NULL, NULL, 0, 0, 0, NULL, 'images/default/avatar.jpg', NULL, 0, 0, NULL, NULL, 0, 0, 0, 0, 0, NULL, 0, NULL, NULL, NULL, NULL, NULL, NULL, NULL),
(721, 'area', 11, 43, 116, 280, 'Nasir Hossain', 'user-716@gmail.com', '$2y$10$2nkgX.Wgvs4q3wCgICad/uz2g90yakp5Tb5y9UYGyYSslArBSJXvK', NULL, NULL, NULL, NULL, NULL, 'user-716', NULL, NULL, NULL, NULL, 0, NULL, NULL, NULL, NULL, 0, NULL, 0, NULL, 0, NULL, 0, NULL, NULL, 0, 0, 0, NULL, 'images/default/avatar.jpg', NULL, 0, 0, NULL, NULL, 0, 0, 0, 0, 0, NULL, 0, NULL, NULL, NULL, NULL, NULL, NULL, NULL),
(722, 'area', 11, 43, 116, 281, '', 'user-717@gmail.com', '$2y$10$2nkgX.Wgvs4q3wCgICad/uz2g90yakp5Tb5y9UYGyYSslArBSJXvK', NULL, NULL, NULL, NULL, NULL, 'user-717', NULL, NULL, NULL, NULL, 0, NULL, NULL, NULL, NULL, 0, NULL, 0, NULL, 0, NULL, 0, NULL, NULL, 0, 0, 0, NULL, 'images/default/avatar.jpg', NULL, 0, 0, NULL, NULL, 0, 0, 0, 0, 0, NULL, 0, NULL, NULL, NULL, NULL, NULL, NULL, NULL),
(723, 'area', 11, 43, 116, 282, 'Sheikh Farid', 'user-718@gmail.com', '$2y$10$2nkgX.Wgvs4q3wCgICad/uz2g90yakp5Tb5y9UYGyYSslArBSJXvK', NULL, NULL, NULL, NULL, NULL, 'user-718', NULL, NULL, NULL, NULL, 0, NULL, NULL, NULL, NULL, 0, NULL, 0, NULL, 0, NULL, 0, NULL, NULL, 0, 0, 0, NULL, 'images/default/avatar.jpg', NULL, 0, 0, NULL, NULL, 0, 0, 0, 0, 0, NULL, 0, NULL, NULL, NULL, NULL, NULL, NULL, NULL),
(724, 'area', 11, 43, 116, 283, 'Abdul Baten', 'user-719@gmail.com', '$2y$10$2nkgX.Wgvs4q3wCgICad/uz2g90yakp5Tb5y9UYGyYSslArBSJXvK', NULL, NULL, NULL, NULL, NULL, 'user-719', NULL, NULL, NULL, NULL, 0, NULL, NULL, NULL, NULL, 0, NULL, 0, NULL, 0, NULL, 0, NULL, NULL, 0, 0, 0, NULL, 'images/default/avatar.jpg', NULL, 0, 0, NULL, NULL, 0, 0, 0, 0, 0, NULL, 0, NULL, NULL, NULL, NULL, NULL, NULL, NULL),
(725, 'area', 11, 44, 117, 284, 'Imrul Kayies Chowdhuray', 'user-720@gmail.com', '$2y$10$2nkgX.Wgvs4q3wCgICad/uz2g90yakp5Tb5y9UYGyYSslArBSJXvK', NULL, NULL, NULL, NULL, NULL, 'user-720', NULL, NULL, NULL, NULL, 0, NULL, NULL, NULL, NULL, 0, NULL, 0, NULL, 0, NULL, 0, NULL, NULL, 0, 0, 0, NULL, 'images/default/avatar.jpg', NULL, 0, 0, NULL, NULL, 0, 0, 0, 0, 0, NULL, 0, NULL, NULL, NULL, NULL, NULL, NULL, NULL),
(726, 'area', 11, 44, 117, 284, 'Shariful Islam', 'user-721@gmail.com', '$2y$10$2nkgX.Wgvs4q3wCgICad/uz2g90yakp5Tb5y9UYGyYSslArBSJXvK', NULL, NULL, NULL, NULL, NULL, 'user-721', NULL, NULL, NULL, NULL, 0, NULL, NULL, NULL, NULL, 0, NULL, 0, NULL, 0, NULL, 0, NULL, NULL, 0, 0, 0, NULL, 'images/default/avatar.jpg', NULL, 0, 0, NULL, NULL, 0, 0, 0, 0, 0, NULL, 0, NULL, NULL, NULL, NULL, NULL, NULL, NULL),
(727, 'area', 11, 44, 117, 284, 'Riyad Hossain', 'user-722@gmail.com', '$2y$10$2nkgX.Wgvs4q3wCgICad/uz2g90yakp5Tb5y9UYGyYSslArBSJXvK', NULL, NULL, NULL, NULL, NULL, 'user-722', NULL, NULL, NULL, NULL, 0, NULL, NULL, NULL, NULL, 0, NULL, 0, NULL, 0, NULL, 0, NULL, NULL, 0, 0, 0, NULL, 'images/default/avatar.jpg', NULL, 0, 0, NULL, NULL, 0, 0, 0, 0, 0, NULL, 0, NULL, NULL, NULL, NULL, NULL, NULL, NULL),
(728, 'area', 11, 44, 117, 284, 'Mosharaff Hossain', 'user-723@gmail.com', '$2y$10$2nkgX.Wgvs4q3wCgICad/uz2g90yakp5Tb5y9UYGyYSslArBSJXvK', NULL, NULL, NULL, NULL, NULL, 'user-723', NULL, NULL, NULL, NULL, 0, NULL, NULL, NULL, NULL, 0, NULL, 0, NULL, 0, NULL, 0, NULL, NULL, 0, 0, 0, NULL, 'images/default/avatar.jpg', NULL, 0, 0, NULL, NULL, 0, 0, 0, 0, 0, NULL, 0, NULL, NULL, NULL, NULL, NULL, NULL, NULL),
(729, 'area', 11, 44, 117, 284, 'Md Nazrul Islam', 'user-724@gmail.com', '$2y$10$2nkgX.Wgvs4q3wCgICad/uz2g90yakp5Tb5y9UYGyYSslArBSJXvK', NULL, NULL, NULL, NULL, NULL, 'user-724', NULL, NULL, NULL, NULL, 0, NULL, NULL, NULL, NULL, 0, NULL, 0, NULL, 0, NULL, 0, NULL, NULL, 0, 0, 0, NULL, 'images/default/avatar.jpg', NULL, 0, 0, NULL, NULL, 0, 0, 0, 0, 0, NULL, 0, NULL, NULL, NULL, NULL, NULL, NULL, NULL),
(730, 'area', 11, 44, 117, 285, 'Md.Hasan', 'user-725@gmail.com', '$2y$10$2nkgX.Wgvs4q3wCgICad/uz2g90yakp5Tb5y9UYGyYSslArBSJXvK', NULL, NULL, NULL, NULL, NULL, 'user-725', NULL, NULL, NULL, NULL, 0, NULL, NULL, NULL, NULL, 0, NULL, 0, NULL, 0, NULL, 0, NULL, NULL, 0, 0, 0, NULL, 'images/default/avatar.jpg', NULL, 0, 0, NULL, NULL, 0, 0, 0, 0, 0, NULL, 0, NULL, NULL, NULL, NULL, NULL, NULL, NULL),
(731, 'area', 11, 44, 117, 286, 'Md. Nuruddin', 'user-726@gmail.com', '$2y$10$2nkgX.Wgvs4q3wCgICad/uz2g90yakp5Tb5y9UYGyYSslArBSJXvK', NULL, NULL, NULL, NULL, NULL, 'user-726', NULL, NULL, NULL, NULL, 0, NULL, NULL, NULL, NULL, 0, NULL, 0, NULL, 0, NULL, 0, NULL, NULL, 0, 0, 0, NULL, 'images/default/avatar.jpg', NULL, 0, 0, NULL, NULL, 0, 0, 0, 0, 0, NULL, 0, NULL, NULL, NULL, NULL, NULL, NULL, NULL),
(732, 'area', 11, 44, 118, 287, 'Md Faisal Miah', 'user-727@gmail.com', '$2y$10$2nkgX.Wgvs4q3wCgICad/uz2g90yakp5Tb5y9UYGyYSslArBSJXvK', NULL, NULL, NULL, NULL, NULL, 'user-727', NULL, NULL, NULL, NULL, 0, NULL, NULL, NULL, NULL, 0, NULL, 0, NULL, 0, NULL, 0, NULL, NULL, 0, 0, 0, NULL, 'images/default/avatar.jpg', NULL, 0, 0, NULL, NULL, 0, 0, 0, 0, 0, NULL, 0, NULL, NULL, NULL, NULL, NULL, NULL, NULL),
(733, 'area', 11, 44, 118, 287, 'Sayed Jaman Faruk', 'user-728@gmail.com', '$2y$10$2nkgX.Wgvs4q3wCgICad/uz2g90yakp5Tb5y9UYGyYSslArBSJXvK', NULL, NULL, NULL, NULL, NULL, 'user-728', NULL, NULL, NULL, NULL, 0, NULL, NULL, NULL, NULL, 0, NULL, 0, NULL, 0, NULL, 0, NULL, NULL, 0, 0, 0, NULL, 'images/default/avatar.jpg', NULL, 0, 0, NULL, NULL, 0, 0, 0, 0, 0, NULL, 0, NULL, NULL, NULL, NULL, NULL, NULL, NULL);
INSERT INTO `users` (`id`, `user_type`, `zones_id`, `regions_id`, `territories_id`, `distribution_house_id`, `name`, `email`, `password`, `password_key`, `password_expire_days`, `last_name`, `mobile`, `home_telephone`, `username`, `secret_question_1`, `secret_question_2`, `secret_question_ans_1`, `secret_question_ans_2`, `identification_type_id`, `identification_number`, `identification_expire_date`, `date_of_birth`, `gender`, `religion_id`, `father_name`, `father_occupation_id`, `mother_name`, `mother_occupation_id`, `bank_account_number`, `bank_id`, `bank_branch`, `last_login_date_time`, `default_module_id`, `created_by`, `updated_by`, `status`, `user_image`, `address`, `is_reliever`, `reliever_to`, `reliever_start_datetime`, `reliever_end_datetime`, `line_manager_id`, `designation_id`, `department_id`, `location_id`, `default_vehicle_id`, `default_url`, `default_language_id`, `joining_date`, `emergency_contact_person_name`, `emergency_contact_relation`, `emergency_contact_number`, `remember_token`, `created_at`, `updated_at`) VALUES
(734, 'area', 11, 44, 118, 288, ' Bosir Ahmed', 'user-729@gmail.com', '$2y$10$2nkgX.Wgvs4q3wCgICad/uz2g90yakp5Tb5y9UYGyYSslArBSJXvK', NULL, NULL, NULL, NULL, NULL, 'user-729', NULL, NULL, NULL, NULL, 0, NULL, NULL, NULL, NULL, 0, NULL, 0, NULL, 0, NULL, 0, NULL, NULL, 0, 0, 0, NULL, 'images/default/avatar.jpg', NULL, 0, 0, NULL, NULL, 0, 0, 0, 0, 0, NULL, 0, NULL, NULL, NULL, NULL, NULL, NULL, NULL),
(735, 'area', 11, 44, 118, 288, 'Md Abul Hasnat', 'user-730@gmail.com', '$2y$10$2nkgX.Wgvs4q3wCgICad/uz2g90yakp5Tb5y9UYGyYSslArBSJXvK', NULL, NULL, NULL, NULL, NULL, 'user-730', NULL, NULL, NULL, NULL, 0, NULL, NULL, NULL, NULL, 0, NULL, 0, NULL, 0, NULL, 0, NULL, NULL, 0, 0, 0, NULL, 'images/default/avatar.jpg', NULL, 0, 0, NULL, NULL, 0, 0, 0, 0, 0, NULL, 0, NULL, NULL, NULL, NULL, NULL, NULL, NULL),
(736, 'area', 11, 44, 119, 289, ' Amam Hossain', 'user-731@gmail.com', '$2y$10$2nkgX.Wgvs4q3wCgICad/uz2g90yakp5Tb5y9UYGyYSslArBSJXvK', NULL, NULL, NULL, NULL, NULL, 'user-731', NULL, NULL, NULL, NULL, 0, NULL, NULL, NULL, NULL, 0, NULL, 0, NULL, 0, NULL, 0, NULL, NULL, 0, 0, 0, NULL, 'images/default/avatar.jpg', NULL, 0, 0, NULL, NULL, 0, 0, 0, 0, 0, NULL, 0, NULL, NULL, NULL, NULL, NULL, NULL, NULL),
(737, 'area', 11, 44, 119, 289, ' Nur Alam', 'user-732@gmail.com', '$2y$10$2nkgX.Wgvs4q3wCgICad/uz2g90yakp5Tb5y9UYGyYSslArBSJXvK', NULL, NULL, NULL, NULL, NULL, 'user-732', NULL, NULL, NULL, NULL, 0, NULL, NULL, NULL, NULL, 0, NULL, 0, NULL, 0, NULL, 0, NULL, NULL, 0, 0, 0, NULL, 'images/default/avatar.jpg', NULL, 0, 0, NULL, NULL, 0, 0, 0, 0, 0, NULL, 0, NULL, NULL, NULL, NULL, NULL, NULL, NULL),
(738, 'area', 11, 44, 119, 290, ' Ariful Islam', 'user-733@gmail.com', '$2y$10$2nkgX.Wgvs4q3wCgICad/uz2g90yakp5Tb5y9UYGyYSslArBSJXvK', NULL, NULL, NULL, NULL, NULL, 'user-733', NULL, NULL, NULL, NULL, 0, NULL, NULL, NULL, NULL, 0, NULL, 0, NULL, 0, NULL, 0, NULL, NULL, 0, 0, 0, NULL, 'images/default/avatar.jpg', NULL, 0, 0, NULL, NULL, 0, 0, 0, 0, 0, NULL, 0, NULL, NULL, NULL, NULL, NULL, NULL, NULL),
(739, 'area', 11, 44, 119, 290, 'Md. Jahangir Alam', 'user-734@gmail.com', '$2y$10$2nkgX.Wgvs4q3wCgICad/uz2g90yakp5Tb5y9UYGyYSslArBSJXvK', NULL, NULL, NULL, NULL, NULL, 'user-734', NULL, NULL, NULL, NULL, 0, NULL, NULL, NULL, NULL, 0, NULL, 0, NULL, 0, NULL, 0, NULL, NULL, 0, 0, 0, NULL, 'images/default/avatar.jpg', NULL, 0, 0, NULL, NULL, 0, 0, 0, 0, 0, NULL, 0, NULL, NULL, NULL, NULL, NULL, NULL, NULL),
(740, 'area', 11, 44, 119, 290, 'Jasim Uddin', 'user-735@gmail.com', '$2y$10$2nkgX.Wgvs4q3wCgICad/uz2g90yakp5Tb5y9UYGyYSslArBSJXvK', NULL, NULL, NULL, NULL, NULL, 'user-735', NULL, NULL, NULL, NULL, 0, NULL, NULL, NULL, NULL, 0, NULL, 0, NULL, 0, NULL, 0, NULL, NULL, 0, 0, 0, NULL, 'images/default/avatar.jpg', NULL, 0, 0, NULL, NULL, 0, 0, 0, 0, 0, NULL, 0, NULL, NULL, NULL, NULL, NULL, NULL, NULL),
(741, 'area', 11, 44, 119, 291, 'Md.Sahjahan', 'user-736@gmail.com', '$2y$10$2nkgX.Wgvs4q3wCgICad/uz2g90yakp5Tb5y9UYGyYSslArBSJXvK', NULL, NULL, NULL, NULL, NULL, 'user-736', NULL, NULL, NULL, NULL, 0, NULL, NULL, NULL, NULL, 0, NULL, 0, NULL, 0, NULL, 0, NULL, NULL, 0, 0, 0, NULL, 'images/default/avatar.jpg', NULL, 0, 0, NULL, NULL, 0, 0, 0, 0, 0, NULL, 0, NULL, NULL, NULL, NULL, NULL, NULL, NULL),
(742, 'area', 11, 44, 119, 291, 'Shefayet Ullah', 'user-737@gmail.com', '$2y$10$2nkgX.Wgvs4q3wCgICad/uz2g90yakp5Tb5y9UYGyYSslArBSJXvK', NULL, NULL, NULL, NULL, NULL, 'user-737', NULL, NULL, NULL, NULL, 0, NULL, NULL, NULL, NULL, 0, NULL, 0, NULL, 0, NULL, 0, NULL, NULL, 0, 0, 0, NULL, 'images/default/avatar.jpg', NULL, 0, 0, NULL, NULL, 0, 0, 0, 0, 0, NULL, 0, NULL, NULL, NULL, NULL, NULL, NULL, NULL),
(743, 'area', 11, 45, 120, 292, 'Hanif Sikder', 'user-738@gmail.com', '$2y$10$2nkgX.Wgvs4q3wCgICad/uz2g90yakp5Tb5y9UYGyYSslArBSJXvK', NULL, NULL, NULL, NULL, NULL, 'user-738', NULL, NULL, NULL, NULL, 0, NULL, NULL, NULL, NULL, 0, NULL, 0, NULL, 0, NULL, 0, NULL, NULL, 0, 0, 0, NULL, 'images/default/avatar.jpg', NULL, 0, 0, NULL, NULL, 0, 0, 0, 0, 0, NULL, 0, NULL, NULL, NULL, NULL, NULL, NULL, NULL),
(744, 'area', 11, 45, 120, 292, 'Md. Belal Hossain', 'user-739@gmail.com', '$2y$10$2nkgX.Wgvs4q3wCgICad/uz2g90yakp5Tb5y9UYGyYSslArBSJXvK', NULL, NULL, NULL, NULL, NULL, 'user-739', NULL, NULL, NULL, NULL, 0, NULL, NULL, NULL, NULL, 0, NULL, 0, NULL, 0, NULL, 0, NULL, NULL, 0, 0, 0, NULL, 'images/default/avatar.jpg', NULL, 0, 0, NULL, NULL, 0, 0, 0, 0, 0, NULL, 0, NULL, NULL, NULL, NULL, NULL, NULL, NULL),
(745, 'area', 11, 45, 120, 293, 'Md. Abdul Jabber', 'user-740@gmail.com', '$2y$10$2nkgX.Wgvs4q3wCgICad/uz2g90yakp5Tb5y9UYGyYSslArBSJXvK', NULL, NULL, NULL, NULL, NULL, 'user-740', NULL, NULL, NULL, NULL, 0, NULL, NULL, NULL, NULL, 0, NULL, 0, NULL, 0, NULL, 0, NULL, NULL, 0, 0, 0, NULL, 'images/default/avatar.jpg', NULL, 0, 0, NULL, NULL, 0, 0, 0, 0, 0, NULL, 0, NULL, NULL, NULL, NULL, NULL, NULL, NULL),
(746, 'area', 11, 45, 120, 294, 'Md Harun Ur Rashid', 'user-741@gmail.com', '$2y$10$2nkgX.Wgvs4q3wCgICad/uz2g90yakp5Tb5y9UYGyYSslArBSJXvK', NULL, NULL, NULL, NULL, NULL, 'user-741', NULL, NULL, NULL, NULL, 0, NULL, NULL, NULL, NULL, 0, NULL, 0, NULL, 0, NULL, 0, NULL, NULL, 0, 0, 0, NULL, 'images/default/avatar.jpg', NULL, 0, 0, NULL, NULL, 0, 0, 0, 0, 0, NULL, 0, NULL, NULL, NULL, NULL, NULL, NULL, NULL),
(747, 'area', 11, 45, 120, 295, 'Md. Anowar Islam', 'user-742@gmail.com', '$2y$10$2nkgX.Wgvs4q3wCgICad/uz2g90yakp5Tb5y9UYGyYSslArBSJXvK', NULL, NULL, NULL, NULL, NULL, 'user-742', NULL, NULL, NULL, NULL, 0, NULL, NULL, NULL, NULL, 0, NULL, 0, NULL, 0, NULL, 0, NULL, NULL, 0, 0, 0, NULL, 'images/default/avatar.jpg', NULL, 0, 0, NULL, NULL, 0, 0, 0, 0, 0, NULL, 0, NULL, NULL, NULL, NULL, NULL, NULL, NULL),
(748, 'area', 11, 45, 121, 296, 'Md. Imam Hossain', 'user-743@gmail.com', '$2y$10$2nkgX.Wgvs4q3wCgICad/uz2g90yakp5Tb5y9UYGyYSslArBSJXvK', NULL, NULL, NULL, NULL, NULL, 'user-743', NULL, NULL, NULL, NULL, 0, NULL, NULL, NULL, NULL, 0, NULL, 0, NULL, 0, NULL, 0, NULL, NULL, 0, 0, 0, NULL, 'images/default/avatar.jpg', NULL, 0, 0, NULL, NULL, 0, 0, 0, 0, 0, NULL, 0, NULL, NULL, NULL, NULL, NULL, NULL, NULL),
(749, 'area', 11, 45, 121, 297, 'Md Sohel Rana ', 'user-744@gmail.com', '$2y$10$2nkgX.Wgvs4q3wCgICad/uz2g90yakp5Tb5y9UYGyYSslArBSJXvK', NULL, NULL, NULL, NULL, NULL, 'user-744', NULL, NULL, NULL, NULL, 0, NULL, NULL, NULL, NULL, 0, NULL, 0, NULL, 0, NULL, 0, NULL, NULL, 0, 0, 0, NULL, 'images/default/avatar.jpg', NULL, 0, 0, NULL, NULL, 0, 0, 0, 0, 0, NULL, 0, NULL, NULL, NULL, NULL, NULL, NULL, NULL),
(750, 'area', 11, 45, 121, 298, 'Md. Raihanul Alam ', 'user-745@gmail.com', '$2y$10$2nkgX.Wgvs4q3wCgICad/uz2g90yakp5Tb5y9UYGyYSslArBSJXvK', NULL, NULL, NULL, NULL, NULL, 'user-745', NULL, NULL, NULL, NULL, 0, NULL, NULL, NULL, NULL, 0, NULL, 0, NULL, 0, NULL, 0, NULL, NULL, 0, 0, 0, NULL, 'images/default/avatar.jpg', NULL, 0, 0, NULL, NULL, 0, 0, 0, 0, 0, NULL, 0, NULL, NULL, NULL, NULL, NULL, NULL, NULL),
(751, 'area', 12, 46, 122, 299, 'Arif Hossain', 'user-746@gmail.com', '$2y$10$2nkgX.Wgvs4q3wCgICad/uz2g90yakp5Tb5y9UYGyYSslArBSJXvK', NULL, NULL, NULL, NULL, NULL, 'user-746', NULL, NULL, NULL, NULL, 0, NULL, NULL, NULL, NULL, 0, NULL, 0, NULL, 0, NULL, 0, NULL, NULL, 0, 0, 0, NULL, 'images/default/avatar.jpg', NULL, 0, 0, NULL, NULL, 0, 0, 0, 0, 0, NULL, 0, NULL, NULL, NULL, NULL, NULL, NULL, NULL),
(752, 'area', 12, 46, 122, 299, 'Nur Amin', 'user-747@gmail.com', '$2y$10$2nkgX.Wgvs4q3wCgICad/uz2g90yakp5Tb5y9UYGyYSslArBSJXvK', NULL, NULL, NULL, NULL, NULL, 'user-747', NULL, NULL, NULL, NULL, 0, NULL, NULL, NULL, NULL, 0, NULL, 0, NULL, 0, NULL, 0, NULL, NULL, 0, 0, 0, NULL, 'images/default/avatar.jpg', NULL, 0, 0, NULL, NULL, 0, 0, 0, 0, 0, NULL, 0, NULL, NULL, NULL, NULL, NULL, NULL, NULL),
(753, 'area', 12, 46, 122, 300, 'Kamal Hossain', 'user-748@gmail.com', '$2y$10$2nkgX.Wgvs4q3wCgICad/uz2g90yakp5Tb5y9UYGyYSslArBSJXvK', NULL, NULL, NULL, NULL, NULL, 'user-748', NULL, NULL, NULL, NULL, 0, NULL, NULL, NULL, NULL, 0, NULL, 0, NULL, 0, NULL, 0, NULL, NULL, 0, 0, 0, NULL, 'images/default/avatar.jpg', NULL, 0, 0, NULL, NULL, 0, 0, 0, 0, 0, NULL, 0, NULL, NULL, NULL, NULL, NULL, NULL, NULL),
(754, 'area', 12, 46, 122, 300, 'Md. Ariful Islam', 'user-749@gmail.com', '$2y$10$2nkgX.Wgvs4q3wCgICad/uz2g90yakp5Tb5y9UYGyYSslArBSJXvK', NULL, NULL, NULL, NULL, NULL, 'user-749', NULL, NULL, NULL, NULL, 0, NULL, NULL, NULL, NULL, 0, NULL, 0, NULL, 0, NULL, 0, NULL, NULL, 0, 0, 0, NULL, 'images/default/avatar.jpg', NULL, 0, 0, NULL, NULL, 0, 0, 0, 0, 0, NULL, 0, NULL, NULL, NULL, NULL, NULL, NULL, NULL),
(755, 'area', 12, 46, 122, 300, 'Riaj Uddin', 'user-750@gmail.com', '$2y$10$2nkgX.Wgvs4q3wCgICad/uz2g90yakp5Tb5y9UYGyYSslArBSJXvK', NULL, NULL, NULL, NULL, NULL, 'user-750', NULL, NULL, NULL, NULL, 0, NULL, NULL, NULL, NULL, 0, NULL, 0, NULL, 0, NULL, 0, NULL, NULL, 0, 0, 0, NULL, 'images/default/avatar.jpg', NULL, 0, 0, NULL, NULL, 0, 0, 0, 0, 0, NULL, 0, NULL, NULL, NULL, NULL, NULL, NULL, NULL),
(756, 'area', 12, 46, 123, 301, 'Delwar Hossain', 'user-751@gmail.com', '$2y$10$2nkgX.Wgvs4q3wCgICad/uz2g90yakp5Tb5y9UYGyYSslArBSJXvK', NULL, NULL, NULL, NULL, NULL, 'user-751', NULL, NULL, NULL, NULL, 0, NULL, NULL, NULL, NULL, 0, NULL, 0, NULL, 0, NULL, 0, NULL, NULL, 0, 0, 0, NULL, 'images/default/avatar.jpg', NULL, 0, 0, NULL, NULL, 0, 0, 0, 0, 0, NULL, 0, NULL, NULL, NULL, NULL, NULL, NULL, NULL),
(757, 'area', 12, 46, 123, 301, 'Azizur Rahman Chy', 'user-752@gmail.com', '$2y$10$2nkgX.Wgvs4q3wCgICad/uz2g90yakp5Tb5y9UYGyYSslArBSJXvK', NULL, NULL, NULL, NULL, NULL, 'user-752', NULL, NULL, NULL, NULL, 0, NULL, NULL, NULL, NULL, 0, NULL, 0, NULL, 0, NULL, 0, NULL, NULL, 0, 0, 0, NULL, 'images/default/avatar.jpg', NULL, 0, 0, NULL, NULL, 0, 0, 0, 0, 0, NULL, 0, NULL, NULL, NULL, NULL, NULL, NULL, NULL),
(758, 'area', 12, 46, 123, 301, 'Jamal Hossain', 'user-753@gmail.com', '$2y$10$2nkgX.Wgvs4q3wCgICad/uz2g90yakp5Tb5y9UYGyYSslArBSJXvK', NULL, NULL, NULL, NULL, NULL, 'user-753', NULL, NULL, NULL, NULL, 0, NULL, NULL, NULL, NULL, 0, NULL, 0, NULL, 0, NULL, 0, NULL, NULL, 0, 0, 0, NULL, 'images/default/avatar.jpg', NULL, 0, 0, NULL, NULL, 0, 0, 0, 0, 0, NULL, 0, NULL, NULL, NULL, NULL, NULL, NULL, NULL),
(759, 'area', 12, 46, 123, 301, 'Mostafizur Rahman', 'user-754@gmail.com', '$2y$10$2nkgX.Wgvs4q3wCgICad/uz2g90yakp5Tb5y9UYGyYSslArBSJXvK', NULL, NULL, NULL, NULL, NULL, 'user-754', NULL, NULL, NULL, NULL, 0, NULL, NULL, NULL, NULL, 0, NULL, 0, NULL, 0, NULL, 0, NULL, NULL, 0, 0, 0, NULL, 'images/default/avatar.jpg', NULL, 0, 0, NULL, NULL, 0, 0, 0, 0, 0, NULL, 0, NULL, NULL, NULL, NULL, NULL, NULL, NULL),
(760, 'area', 12, 46, 123, 301, 'Md.Shahjahan', 'user-755@gmail.com', '$2y$10$2nkgX.Wgvs4q3wCgICad/uz2g90yakp5Tb5y9UYGyYSslArBSJXvK', NULL, NULL, NULL, NULL, NULL, 'user-755', NULL, NULL, NULL, NULL, 0, NULL, NULL, NULL, NULL, 0, NULL, 0, NULL, 0, NULL, 0, NULL, NULL, 0, 0, 0, NULL, 'images/default/avatar.jpg', NULL, 0, 0, NULL, NULL, 0, 0, 0, 0, 0, NULL, 0, NULL, NULL, NULL, NULL, NULL, NULL, NULL),
(761, 'area', 12, 46, 124, 302, 'Md Dilwar Hossain', 'user-756@gmail.com', '$2y$10$2nkgX.Wgvs4q3wCgICad/uz2g90yakp5Tb5y9UYGyYSslArBSJXvK', NULL, NULL, NULL, NULL, NULL, 'user-756', NULL, NULL, NULL, NULL, 0, NULL, NULL, NULL, NULL, 0, NULL, 0, NULL, 0, NULL, 0, NULL, NULL, 0, 0, 0, NULL, 'images/default/avatar.jpg', NULL, 0, 0, NULL, NULL, 0, 0, 0, 0, 0, NULL, 0, NULL, NULL, NULL, NULL, NULL, NULL, NULL),
(762, 'area', 12, 46, 124, 302, 'Md Mosharof Hossain', 'user-757@gmail.com', '$2y$10$2nkgX.Wgvs4q3wCgICad/uz2g90yakp5Tb5y9UYGyYSslArBSJXvK', NULL, NULL, NULL, NULL, NULL, 'user-757', NULL, NULL, NULL, NULL, 0, NULL, NULL, NULL, NULL, 0, NULL, 0, NULL, 0, NULL, 0, NULL, NULL, 0, 0, 0, NULL, 'images/default/avatar.jpg', NULL, 0, 0, NULL, NULL, 0, 0, 0, 0, 0, NULL, 0, NULL, NULL, NULL, NULL, NULL, NULL, NULL),
(763, 'area', 12, 46, 124, 302, 'Md Arif Hosen', 'user-758@gmail.com', '$2y$10$2nkgX.Wgvs4q3wCgICad/uz2g90yakp5Tb5y9UYGyYSslArBSJXvK', NULL, NULL, NULL, NULL, NULL, 'user-758', NULL, NULL, NULL, NULL, 0, NULL, NULL, NULL, NULL, 0, NULL, 0, NULL, 0, NULL, 0, NULL, NULL, 0, 0, 0, NULL, 'images/default/avatar.jpg', NULL, 0, 0, NULL, NULL, 0, 0, 0, 0, 0, NULL, 0, NULL, NULL, NULL, NULL, NULL, NULL, NULL),
(764, 'area', 12, 46, 124, 303, 'Rahat Alam', 'user-759@gmail.com', '$2y$10$2nkgX.Wgvs4q3wCgICad/uz2g90yakp5Tb5y9UYGyYSslArBSJXvK', NULL, NULL, NULL, NULL, NULL, 'user-759', NULL, NULL, NULL, NULL, 0, NULL, NULL, NULL, NULL, 0, NULL, 0, NULL, 0, NULL, 0, NULL, NULL, 0, 0, 0, NULL, 'images/default/avatar.jpg', NULL, 0, 0, NULL, NULL, 0, 0, 0, 0, 0, NULL, 0, NULL, NULL, NULL, NULL, NULL, NULL, NULL),
(765, 'area', 12, 46, 124, 303, 'Ziko Datta', 'user-760@gmail.com', '$2y$10$2nkgX.Wgvs4q3wCgICad/uz2g90yakp5Tb5y9UYGyYSslArBSJXvK', NULL, NULL, NULL, NULL, NULL, 'user-760', NULL, NULL, NULL, NULL, 0, NULL, NULL, NULL, NULL, 0, NULL, 0, NULL, 0, NULL, 0, NULL, NULL, 0, 0, 0, NULL, 'images/default/avatar.jpg', NULL, 0, 0, NULL, NULL, 0, 0, 0, 0, 0, NULL, 0, NULL, NULL, NULL, NULL, NULL, NULL, NULL),
(766, 'area', 12, 46, 125, 304, 'Md.Abdur Rahman', 'user-761@gmail.com', '$2y$10$2nkgX.Wgvs4q3wCgICad/uz2g90yakp5Tb5y9UYGyYSslArBSJXvK', NULL, NULL, NULL, NULL, NULL, 'user-761', NULL, NULL, NULL, NULL, 0, NULL, NULL, NULL, NULL, 0, NULL, 0, NULL, 0, NULL, 0, NULL, NULL, 0, 0, 0, NULL, 'images/default/avatar.jpg', NULL, 0, 0, NULL, NULL, 0, 0, 0, 0, 0, NULL, 0, NULL, NULL, NULL, NULL, NULL, NULL, NULL),
(767, 'area', 12, 46, 125, 304, 'Ponkoj Das', 'user-762@gmail.com', '$2y$10$2nkgX.Wgvs4q3wCgICad/uz2g90yakp5Tb5y9UYGyYSslArBSJXvK', NULL, NULL, NULL, NULL, NULL, 'user-762', NULL, NULL, NULL, NULL, 0, NULL, NULL, NULL, NULL, 0, NULL, 0, NULL, 0, NULL, 0, NULL, NULL, 0, 0, 0, NULL, 'images/default/avatar.jpg', NULL, 0, 0, NULL, NULL, 0, 0, 0, 0, 0, NULL, 0, NULL, NULL, NULL, NULL, NULL, NULL, NULL),
(768, 'area', 12, 46, 125, 305, 'Asraf Uddin', 'user-763@gmail.com', '$2y$10$2nkgX.Wgvs4q3wCgICad/uz2g90yakp5Tb5y9UYGyYSslArBSJXvK', NULL, NULL, NULL, NULL, NULL, 'user-763', NULL, NULL, NULL, NULL, 0, NULL, NULL, NULL, NULL, 0, NULL, 0, NULL, 0, NULL, 0, NULL, NULL, 0, 0, 0, NULL, 'images/default/avatar.jpg', NULL, 0, 0, NULL, NULL, 0, 0, 0, 0, 0, NULL, 0, NULL, NULL, NULL, NULL, NULL, NULL, NULL),
(769, 'area', 12, 46, 125, 305, 'Fakhruddin', 'user-764@gmail.com', '$2y$10$2nkgX.Wgvs4q3wCgICad/uz2g90yakp5Tb5y9UYGyYSslArBSJXvK', NULL, NULL, NULL, NULL, NULL, 'user-764', NULL, NULL, NULL, NULL, 0, NULL, NULL, NULL, NULL, 0, NULL, 0, NULL, 0, NULL, 0, NULL, NULL, 0, 0, 0, NULL, 'images/default/avatar.jpg', NULL, 0, 0, NULL, NULL, 0, 0, 0, 0, 0, NULL, 0, NULL, NULL, NULL, NULL, NULL, NULL, NULL),
(770, 'area', 12, 46, 126, 306, 'Md. Rahmat Ullah', 'user-765@gmail.com', '$2y$10$2nkgX.Wgvs4q3wCgICad/uz2g90yakp5Tb5y9UYGyYSslArBSJXvK', NULL, NULL, NULL, NULL, NULL, 'user-765', NULL, NULL, NULL, NULL, 0, NULL, NULL, NULL, NULL, 0, NULL, 0, NULL, 0, NULL, 0, NULL, NULL, 0, 0, 0, NULL, 'images/default/avatar.jpg', NULL, 0, 0, NULL, NULL, 0, 0, 0, 0, 0, NULL, 0, NULL, NULL, NULL, NULL, NULL, NULL, NULL),
(771, 'area', 12, 46, 126, 306, 'Naser Uddin', 'user-766@gmail.com', '$2y$10$2nkgX.Wgvs4q3wCgICad/uz2g90yakp5Tb5y9UYGyYSslArBSJXvK', NULL, NULL, NULL, NULL, NULL, 'user-766', NULL, NULL, NULL, NULL, 0, NULL, NULL, NULL, NULL, 0, NULL, 0, NULL, 0, NULL, 0, NULL, NULL, 0, 0, 0, NULL, 'images/default/avatar.jpg', NULL, 0, 0, NULL, NULL, 0, 0, 0, 0, 0, NULL, 0, NULL, NULL, NULL, NULL, NULL, NULL, NULL),
(772, 'area', 12, 46, 126, 306, 'Md Moshine', 'user-767@gmail.com', '$2y$10$2nkgX.Wgvs4q3wCgICad/uz2g90yakp5Tb5y9UYGyYSslArBSJXvK', NULL, NULL, NULL, NULL, NULL, 'user-767', NULL, NULL, NULL, NULL, 0, NULL, NULL, NULL, NULL, 0, NULL, 0, NULL, 0, NULL, 0, NULL, NULL, 0, 0, 0, NULL, 'images/default/avatar.jpg', NULL, 0, 0, NULL, NULL, 0, 0, 0, 0, 0, NULL, 0, NULL, NULL, NULL, NULL, NULL, NULL, NULL),
(773, 'area', 12, 46, 126, 307, 'Jamal Hossain', 'user-768@gmail.com', '$2y$10$2nkgX.Wgvs4q3wCgICad/uz2g90yakp5Tb5y9UYGyYSslArBSJXvK', NULL, NULL, NULL, NULL, NULL, 'user-768', NULL, NULL, NULL, NULL, 0, NULL, NULL, NULL, NULL, 0, NULL, 0, NULL, 0, NULL, 0, NULL, NULL, 0, 0, 0, NULL, 'images/default/avatar.jpg', NULL, 0, 0, NULL, NULL, 0, 0, 0, 0, 0, NULL, 0, NULL, NULL, NULL, NULL, NULL, NULL, NULL),
(774, 'area', 12, 47, 127, 308, 'Md. Alauddin', 'user-769@gmail.com', '$2y$10$2nkgX.Wgvs4q3wCgICad/uz2g90yakp5Tb5y9UYGyYSslArBSJXvK', NULL, NULL, NULL, NULL, NULL, 'user-769', NULL, NULL, NULL, NULL, 0, NULL, NULL, NULL, NULL, 0, NULL, 0, NULL, 0, NULL, 0, NULL, NULL, 0, 0, 0, NULL, 'images/default/avatar.jpg', NULL, 0, 0, NULL, NULL, 0, 0, 0, 0, 0, NULL, 0, NULL, NULL, NULL, NULL, NULL, NULL, NULL),
(775, 'area', 12, 47, 127, 308, 'Md. Rahim Ullah', 'user-770@gmail.com', '$2y$10$2nkgX.Wgvs4q3wCgICad/uz2g90yakp5Tb5y9UYGyYSslArBSJXvK', NULL, NULL, NULL, NULL, NULL, 'user-770', NULL, NULL, NULL, NULL, 0, NULL, NULL, NULL, NULL, 0, NULL, 0, NULL, 0, NULL, 0, NULL, NULL, 0, 0, 0, NULL, 'images/default/avatar.jpg', NULL, 0, 0, NULL, NULL, 0, 0, 0, 0, 0, NULL, 0, NULL, NULL, NULL, NULL, NULL, NULL, NULL),
(776, 'area', 12, 47, 127, 308, 'Md Jahangir Alam', 'user-771@gmail.com', '$2y$10$2nkgX.Wgvs4q3wCgICad/uz2g90yakp5Tb5y9UYGyYSslArBSJXvK', NULL, NULL, NULL, NULL, NULL, 'user-771', NULL, NULL, NULL, NULL, 0, NULL, NULL, NULL, NULL, 0, NULL, 0, NULL, 0, NULL, 0, NULL, NULL, 0, 0, 0, NULL, 'images/default/avatar.jpg', NULL, 0, 0, NULL, NULL, 0, 0, 0, 0, 0, NULL, 0, NULL, NULL, NULL, NULL, NULL, NULL, NULL),
(777, 'area', 12, 47, 127, 309, 'Md. Jamil Uddin', 'user-772@gmail.com', '$2y$10$2nkgX.Wgvs4q3wCgICad/uz2g90yakp5Tb5y9UYGyYSslArBSJXvK', NULL, NULL, NULL, NULL, NULL, 'user-772', NULL, NULL, NULL, NULL, 0, NULL, NULL, NULL, NULL, 0, NULL, 0, NULL, 0, NULL, 0, NULL, NULL, 0, 0, 0, NULL, 'images/default/avatar.jpg', NULL, 0, 0, NULL, NULL, 0, 0, 0, 0, 0, NULL, 0, NULL, NULL, NULL, NULL, NULL, NULL, NULL),
(778, 'area', 12, 47, 127, 309, 'Md Mominul Islam', 'user-773@gmail.com', '$2y$10$2nkgX.Wgvs4q3wCgICad/uz2g90yakp5Tb5y9UYGyYSslArBSJXvK', NULL, NULL, NULL, NULL, NULL, 'user-773', NULL, NULL, NULL, NULL, 0, NULL, NULL, NULL, NULL, 0, NULL, 0, NULL, 0, NULL, 0, NULL, NULL, 0, 0, 0, NULL, 'images/default/avatar.jpg', NULL, 0, 0, NULL, NULL, 0, 0, 0, 0, 0, NULL, 0, NULL, NULL, NULL, NULL, NULL, NULL, NULL),
(779, 'area', 12, 47, 127, 309, 'Ziaul Haque Roni', 'user-774@gmail.com', '$2y$10$2nkgX.Wgvs4q3wCgICad/uz2g90yakp5Tb5y9UYGyYSslArBSJXvK', NULL, NULL, NULL, NULL, NULL, 'user-774', NULL, NULL, NULL, NULL, 0, NULL, NULL, NULL, NULL, 0, NULL, 0, NULL, 0, NULL, 0, NULL, NULL, 0, 0, 0, NULL, 'images/default/avatar.jpg', NULL, 0, 0, NULL, NULL, 0, 0, 0, 0, 0, NULL, 0, NULL, NULL, NULL, NULL, NULL, NULL, NULL),
(780, 'area', 12, 47, 127, 309, 'Md.Mohsin', 'user-775@gmail.com', '$2y$10$2nkgX.Wgvs4q3wCgICad/uz2g90yakp5Tb5y9UYGyYSslArBSJXvK', NULL, NULL, NULL, NULL, NULL, 'user-775', NULL, NULL, NULL, NULL, 0, NULL, NULL, NULL, NULL, 0, NULL, 0, NULL, 0, NULL, 0, NULL, NULL, 0, 0, 0, NULL, 'images/default/avatar.jpg', NULL, 0, 0, NULL, NULL, 0, 0, 0, 0, 0, NULL, 0, NULL, NULL, NULL, NULL, NULL, NULL, NULL),
(781, 'area', 12, 47, 128, 310, 'Md. Nazim Uddin', 'user-776@gmail.com', '$2y$10$2nkgX.Wgvs4q3wCgICad/uz2g90yakp5Tb5y9UYGyYSslArBSJXvK', NULL, NULL, NULL, NULL, NULL, 'user-776', NULL, NULL, NULL, NULL, 0, NULL, NULL, NULL, NULL, 0, NULL, 0, NULL, 0, NULL, 0, NULL, NULL, 0, 0, 0, NULL, 'images/default/avatar.jpg', NULL, 0, 0, NULL, NULL, 0, 0, 0, 0, 0, NULL, 0, NULL, NULL, NULL, NULL, NULL, NULL, NULL),
(782, 'area', 12, 47, 128, 310, 'Md Mozzamal Huq', 'user-777@gmail.com', '$2y$10$2nkgX.Wgvs4q3wCgICad/uz2g90yakp5Tb5y9UYGyYSslArBSJXvK', NULL, NULL, NULL, NULL, NULL, 'user-777', NULL, NULL, NULL, NULL, 0, NULL, NULL, NULL, NULL, 0, NULL, 0, NULL, 0, NULL, 0, NULL, NULL, 0, 0, 0, NULL, 'images/default/avatar.jpg', NULL, 0, 0, NULL, NULL, 0, 0, 0, 0, 0, NULL, 0, NULL, NULL, NULL, NULL, NULL, NULL, NULL),
(783, 'area', 12, 47, 128, 311, 'Md. Fahad', 'user-778@gmail.com', '$2y$10$2nkgX.Wgvs4q3wCgICad/uz2g90yakp5Tb5y9UYGyYSslArBSJXvK', NULL, NULL, NULL, NULL, NULL, 'user-778', NULL, NULL, NULL, NULL, 0, NULL, NULL, NULL, NULL, 0, NULL, 0, NULL, 0, NULL, 0, NULL, NULL, 0, 0, 0, NULL, 'images/default/avatar.jpg', NULL, 0, 0, NULL, NULL, 0, 0, 0, 0, 0, NULL, 0, NULL, NULL, NULL, NULL, NULL, NULL, NULL),
(784, 'area', 12, 47, 128, 311, 'Md Abdul Mukin ', 'user-779@gmail.com', '$2y$10$2nkgX.Wgvs4q3wCgICad/uz2g90yakp5Tb5y9UYGyYSslArBSJXvK', NULL, NULL, NULL, NULL, NULL, 'user-779', NULL, NULL, NULL, NULL, 0, NULL, NULL, NULL, NULL, 0, NULL, 0, NULL, 0, NULL, 0, NULL, NULL, 0, 0, 0, NULL, 'images/default/avatar.jpg', NULL, 0, 0, NULL, NULL, 0, 0, 0, 0, 0, NULL, 0, NULL, NULL, NULL, NULL, NULL, NULL, NULL),
(785, 'area', 12, 47, 129, 312, 'Md. Harun', 'user-780@gmail.com', '$2y$10$2nkgX.Wgvs4q3wCgICad/uz2g90yakp5Tb5y9UYGyYSslArBSJXvK', NULL, NULL, NULL, NULL, NULL, 'user-780', NULL, NULL, NULL, NULL, 0, NULL, NULL, NULL, NULL, 0, NULL, 0, NULL, 0, NULL, 0, NULL, NULL, 0, 0, 0, NULL, 'images/default/avatar.jpg', NULL, 0, 0, NULL, NULL, 0, 0, 0, 0, 0, NULL, 0, NULL, NULL, NULL, NULL, NULL, NULL, NULL),
(786, 'area', 12, 47, 129, 312, 'Md. Jahangir Alam', 'user-781@gmail.com', '$2y$10$2nkgX.Wgvs4q3wCgICad/uz2g90yakp5Tb5y9UYGyYSslArBSJXvK', NULL, NULL, NULL, NULL, NULL, 'user-781', NULL, NULL, NULL, NULL, 0, NULL, NULL, NULL, NULL, 0, NULL, 0, NULL, 0, NULL, 0, NULL, NULL, 0, 0, 0, NULL, 'images/default/avatar.jpg', NULL, 0, 0, NULL, NULL, 0, 0, 0, 0, 0, NULL, 0, NULL, NULL, NULL, NULL, NULL, NULL, NULL),
(787, 'area', 12, 47, 129, 312, 'Nur Mohammed', 'user-782@gmail.com', '$2y$10$2nkgX.Wgvs4q3wCgICad/uz2g90yakp5Tb5y9UYGyYSslArBSJXvK', NULL, NULL, NULL, NULL, NULL, 'user-782', NULL, NULL, NULL, NULL, 0, NULL, NULL, NULL, NULL, 0, NULL, 0, NULL, 0, NULL, 0, NULL, NULL, 0, 0, 0, NULL, 'images/default/avatar.jpg', NULL, 0, 0, NULL, NULL, 0, 0, 0, 0, 0, NULL, 0, NULL, NULL, NULL, NULL, NULL, NULL, NULL),
(788, 'area', 12, 47, 129, 313, 'Md. Ruhul Kuddus', 'user-783@gmail.com', '$2y$10$2nkgX.Wgvs4q3wCgICad/uz2g90yakp5Tb5y9UYGyYSslArBSJXvK', NULL, NULL, NULL, NULL, NULL, 'user-783', NULL, NULL, NULL, NULL, 0, NULL, NULL, NULL, NULL, 0, NULL, 0, NULL, 0, NULL, 0, NULL, NULL, 0, 0, 0, NULL, 'images/default/avatar.jpg', NULL, 0, 0, NULL, NULL, 0, 0, 0, 0, 0, NULL, 0, NULL, NULL, NULL, NULL, NULL, NULL, NULL),
(789, 'area', 12, 47, 129, 313, 'Md Salauddin', 'user-784@gmail.com', '$2y$10$2nkgX.Wgvs4q3wCgICad/uz2g90yakp5Tb5y9UYGyYSslArBSJXvK', NULL, NULL, NULL, NULL, NULL, 'user-784', NULL, NULL, NULL, NULL, 0, NULL, NULL, NULL, NULL, 0, NULL, 0, NULL, 0, NULL, 0, NULL, NULL, 0, 0, 0, NULL, 'images/default/avatar.jpg', NULL, 0, 0, NULL, NULL, 0, 0, 0, 0, 0, NULL, 0, NULL, NULL, NULL, NULL, NULL, NULL, NULL),
(790, 'area', 12, 47, 129, 314, 'Md Melad Hossain', 'user-785@gmail.com', '$2y$10$2nkgX.Wgvs4q3wCgICad/uz2g90yakp5Tb5y9UYGyYSslArBSJXvK', NULL, NULL, NULL, NULL, NULL, 'user-785', NULL, NULL, NULL, NULL, 0, NULL, NULL, NULL, NULL, 0, NULL, 0, NULL, 0, NULL, 0, NULL, NULL, 0, 0, 0, NULL, 'images/default/avatar.jpg', NULL, 0, 0, NULL, NULL, 0, 0, 0, 0, 0, NULL, 0, NULL, NULL, NULL, NULL, NULL, NULL, NULL),
(791, 'area', 12, 47, 129, 315, 'Md Shamim Hossain', 'user-786@gmail.com', '$2y$10$2nkgX.Wgvs4q3wCgICad/uz2g90yakp5Tb5y9UYGyYSslArBSJXvK', NULL, NULL, NULL, NULL, NULL, 'user-786', NULL, NULL, NULL, NULL, 0, NULL, NULL, NULL, NULL, 0, NULL, 0, NULL, 0, NULL, 0, NULL, NULL, 0, 0, 0, NULL, 'images/default/avatar.jpg', NULL, 0, 0, NULL, NULL, 0, 0, 0, 0, 0, NULL, 0, NULL, NULL, NULL, NULL, NULL, NULL, NULL),
(792, 'area', 12, 48, 130, 316, 'Jolon Chowdhury', 'user-787@gmail.com', '$2y$10$2nkgX.Wgvs4q3wCgICad/uz2g90yakp5Tb5y9UYGyYSslArBSJXvK', NULL, NULL, NULL, NULL, NULL, 'user-787', NULL, NULL, NULL, NULL, 0, NULL, NULL, NULL, NULL, 0, NULL, 0, NULL, 0, NULL, 0, NULL, NULL, 0, 0, 0, NULL, 'images/default/avatar.jpg', NULL, 0, 0, NULL, NULL, 0, 0, 0, 0, 0, NULL, 0, NULL, NULL, NULL, NULL, NULL, NULL, NULL),
(793, 'area', 12, 48, 130, 316, 'Md. Ayub Uddin', 'user-788@gmail.com', '$2y$10$2nkgX.Wgvs4q3wCgICad/uz2g90yakp5Tb5y9UYGyYSslArBSJXvK', NULL, NULL, NULL, NULL, NULL, 'user-788', NULL, NULL, NULL, NULL, 0, NULL, NULL, NULL, NULL, 0, NULL, 0, NULL, 0, NULL, 0, NULL, NULL, 0, 0, 0, NULL, 'images/default/avatar.jpg', NULL, 0, 0, NULL, NULL, 0, 0, 0, 0, 0, NULL, 0, NULL, NULL, NULL, NULL, NULL, NULL, NULL),
(794, 'area', 12, 48, 130, 316, 'Sarwat Abedin ', 'user-789@gmail.com', '$2y$10$2nkgX.Wgvs4q3wCgICad/uz2g90yakp5Tb5y9UYGyYSslArBSJXvK', NULL, NULL, NULL, NULL, NULL, 'user-789', NULL, NULL, NULL, NULL, 0, NULL, NULL, NULL, NULL, 0, NULL, 0, NULL, 0, NULL, 0, NULL, NULL, 0, 0, 0, NULL, 'images/default/avatar.jpg', NULL, 0, 0, NULL, NULL, 0, 0, 0, 0, 0, NULL, 0, NULL, NULL, NULL, NULL, NULL, NULL, NULL),
(795, 'area', 12, 48, 130, 317, 'Mijanur  Rahman Imon', 'user-790@gmail.com', '$2y$10$2nkgX.Wgvs4q3wCgICad/uz2g90yakp5Tb5y9UYGyYSslArBSJXvK', NULL, NULL, NULL, NULL, NULL, 'user-790', NULL, NULL, NULL, NULL, 0, NULL, NULL, NULL, NULL, 0, NULL, 0, NULL, 0, NULL, 0, NULL, NULL, 0, 0, 0, NULL, 'images/default/avatar.jpg', NULL, 0, 0, NULL, NULL, 0, 0, 0, 0, 0, NULL, 0, NULL, NULL, NULL, NULL, NULL, NULL, NULL),
(796, 'area', 12, 48, 131, 318, 'Md. Jasim Uddin', 'user-791@gmail.com', '$2y$10$2nkgX.Wgvs4q3wCgICad/uz2g90yakp5Tb5y9UYGyYSslArBSJXvK', NULL, NULL, NULL, NULL, NULL, 'user-791', NULL, NULL, NULL, NULL, 0, NULL, NULL, NULL, NULL, 0, NULL, 0, NULL, 0, NULL, 0, NULL, NULL, 0, 0, 0, NULL, 'images/default/avatar.jpg', NULL, 0, 0, NULL, NULL, 0, 0, 0, 0, 0, NULL, 0, NULL, NULL, NULL, NULL, NULL, NULL, NULL),
(797, 'area', 12, 48, 131, 318, 'Rajib Chokroborty', 'user-792@gmail.com', '$2y$10$2nkgX.Wgvs4q3wCgICad/uz2g90yakp5Tb5y9UYGyYSslArBSJXvK', NULL, NULL, NULL, NULL, NULL, 'user-792', NULL, NULL, NULL, NULL, 0, NULL, NULL, NULL, NULL, 0, NULL, 0, NULL, 0, NULL, 0, NULL, NULL, 0, 0, 0, NULL, 'images/default/avatar.jpg', NULL, 0, 0, NULL, NULL, 0, 0, 0, 0, 0, NULL, 0, NULL, NULL, NULL, NULL, NULL, NULL, NULL),
(798, 'area', 12, 48, 131, 318, 'Faisal Uddin Ahmed', 'user-793@gmail.com', '$2y$10$2nkgX.Wgvs4q3wCgICad/uz2g90yakp5Tb5y9UYGyYSslArBSJXvK', NULL, NULL, NULL, NULL, NULL, 'user-793', NULL, NULL, NULL, NULL, 0, NULL, NULL, NULL, NULL, 0, NULL, 0, NULL, 0, NULL, 0, NULL, NULL, 0, 0, 0, NULL, 'images/default/avatar.jpg', NULL, 0, 0, NULL, NULL, 0, 0, 0, 0, 0, NULL, 0, NULL, NULL, NULL, NULL, NULL, NULL, NULL),
(799, 'area', 12, 48, 131, 318, 'Rajib Chokroborty-2', 'user-794@gmail.com', '$2y$10$2nkgX.Wgvs4q3wCgICad/uz2g90yakp5Tb5y9UYGyYSslArBSJXvK', NULL, NULL, NULL, NULL, NULL, 'user-794', NULL, NULL, NULL, NULL, 0, NULL, NULL, NULL, NULL, 0, NULL, 0, NULL, 0, NULL, 0, NULL, NULL, 0, 0, 0, NULL, 'images/default/avatar.jpg', NULL, 0, 0, NULL, NULL, 0, 0, 0, 0, 0, NULL, 0, NULL, NULL, NULL, NULL, NULL, NULL, NULL),
(800, 'area', 12, 48, 131, 318, 'Ajay Dey', 'user-795@gmail.com', '$2y$10$2nkgX.Wgvs4q3wCgICad/uz2g90yakp5Tb5y9UYGyYSslArBSJXvK', NULL, NULL, NULL, NULL, NULL, 'user-795', NULL, NULL, NULL, NULL, 0, NULL, NULL, NULL, NULL, 0, NULL, 0, NULL, 0, NULL, 0, NULL, NULL, 0, 0, 0, NULL, 'images/default/avatar.jpg', NULL, 0, 0, NULL, NULL, 0, 0, 0, 0, 0, NULL, 0, NULL, NULL, NULL, NULL, NULL, NULL, NULL),
(801, 'area', 12, 48, 131, 318, 'Deen Mohammed', 'user-796@gmail.com', '$2y$10$2nkgX.Wgvs4q3wCgICad/uz2g90yakp5Tb5y9UYGyYSslArBSJXvK', NULL, NULL, NULL, NULL, NULL, 'user-796', NULL, NULL, NULL, NULL, 0, NULL, NULL, NULL, NULL, 0, NULL, 0, NULL, 0, NULL, 0, NULL, NULL, 0, 0, 0, NULL, 'images/default/avatar.jpg', NULL, 0, 0, NULL, NULL, 0, 0, 0, 0, 0, NULL, 0, NULL, NULL, NULL, NULL, NULL, NULL, NULL),
(802, 'area', 12, 48, 132, 319, 'Md Saiful Islam', 'user-797@gmail.com', '$2y$10$2nkgX.Wgvs4q3wCgICad/uz2g90yakp5Tb5y9UYGyYSslArBSJXvK', NULL, NULL, NULL, NULL, NULL, 'user-797', NULL, NULL, NULL, NULL, 0, NULL, NULL, NULL, NULL, 0, NULL, 0, NULL, 0, NULL, 0, NULL, NULL, 0, 0, 0, NULL, 'images/default/avatar.jpg', NULL, 0, 0, NULL, NULL, 0, 0, 0, 0, 0, NULL, 0, NULL, NULL, NULL, NULL, NULL, NULL, NULL),
(803, 'area', 12, 48, 132, 319, 'Md . Shahid Ullah', 'user-798@gmail.com', '$2y$10$2nkgX.Wgvs4q3wCgICad/uz2g90yakp5Tb5y9UYGyYSslArBSJXvK', NULL, NULL, NULL, NULL, NULL, 'user-798', NULL, NULL, NULL, NULL, 0, NULL, NULL, NULL, NULL, 0, NULL, 0, NULL, 0, NULL, 0, NULL, NULL, 0, 0, 0, NULL, 'images/default/avatar.jpg', NULL, 0, 0, NULL, NULL, 0, 0, 0, 0, 0, NULL, 0, NULL, NULL, NULL, NULL, NULL, NULL, NULL),
(804, 'area', 12, 48, 132, 320, 'Md.Mamun Mia', 'user-799@gmail.com', '$2y$10$2nkgX.Wgvs4q3wCgICad/uz2g90yakp5Tb5y9UYGyYSslArBSJXvK', NULL, NULL, NULL, NULL, NULL, 'user-799', NULL, NULL, NULL, NULL, 0, NULL, NULL, NULL, NULL, 0, NULL, 0, NULL, 0, NULL, 0, NULL, NULL, 0, 0, 0, NULL, 'images/default/avatar.jpg', NULL, 0, 0, NULL, NULL, 0, 0, 0, 0, 0, NULL, 0, NULL, NULL, NULL, NULL, NULL, NULL, NULL),
(805, 'area', 12, 48, 133, 321, 'Dilip Kumer Day', 'user-800@gmail.com', '$2y$10$2nkgX.Wgvs4q3wCgICad/uz2g90yakp5Tb5y9UYGyYSslArBSJXvK', NULL, NULL, NULL, NULL, NULL, 'user-800', NULL, NULL, NULL, NULL, 0, NULL, NULL, NULL, NULL, 0, NULL, 0, NULL, 0, NULL, 0, NULL, NULL, 0, 0, 0, NULL, 'images/default/avatar.jpg', NULL, 0, 0, NULL, NULL, 0, 0, 0, 0, 0, NULL, 0, NULL, NULL, NULL, NULL, NULL, NULL, NULL),
(806, 'area', 12, 48, 133, 322, 'Mofiz Uddin', 'user-801@gmail.com', '$2y$10$2nkgX.Wgvs4q3wCgICad/uz2g90yakp5Tb5y9UYGyYSslArBSJXvK', NULL, NULL, NULL, NULL, NULL, 'user-801', NULL, NULL, NULL, NULL, 0, NULL, NULL, NULL, NULL, 0, NULL, 0, NULL, 0, NULL, 0, NULL, NULL, 0, 0, 0, NULL, 'images/default/avatar.jpg', NULL, 0, 0, NULL, NULL, 0, 0, 0, 0, 0, NULL, 0, NULL, NULL, NULL, NULL, NULL, NULL, NULL),
(807, 'area', 12, 48, 133, 322, 'Sagar Paul', 'user-802@gmail.com', '$2y$10$2nkgX.Wgvs4q3wCgICad/uz2g90yakp5Tb5y9UYGyYSslArBSJXvK', NULL, NULL, NULL, NULL, NULL, 'user-802', NULL, NULL, NULL, NULL, 0, NULL, NULL, NULL, NULL, 0, NULL, 0, NULL, 0, NULL, 0, NULL, NULL, 0, 0, 0, NULL, 'images/default/avatar.jpg', NULL, 0, 0, NULL, NULL, 0, 0, 0, 0, 0, NULL, 0, NULL, NULL, NULL, NULL, NULL, NULL, NULL),
(808, 'area', 12, 48, 133, 322, ' Mizanur Rahman', 'user-803@gmail.com', '$2y$10$2nkgX.Wgvs4q3wCgICad/uz2g90yakp5Tb5y9UYGyYSslArBSJXvK', NULL, NULL, NULL, NULL, NULL, 'user-803', NULL, NULL, NULL, NULL, 0, NULL, NULL, NULL, NULL, 0, NULL, 0, NULL, 0, NULL, 0, NULL, NULL, 0, 0, 0, NULL, 'images/default/avatar.jpg', NULL, 0, 0, NULL, NULL, 0, 0, 0, 0, 0, NULL, 0, NULL, NULL, NULL, NULL, NULL, NULL, NULL),
(809, 'area', 12, 49, 134, 323, 'Khaled Bin Idris', 'user-804@gmail.com', '$2y$10$2nkgX.Wgvs4q3wCgICad/uz2g90yakp5Tb5y9UYGyYSslArBSJXvK', NULL, NULL, NULL, NULL, NULL, 'user-804', NULL, NULL, NULL, NULL, 0, NULL, NULL, NULL, NULL, 0, NULL, 0, NULL, 0, NULL, 0, NULL, NULL, 0, 0, 0, NULL, 'images/default/avatar.jpg', NULL, 0, 0, NULL, NULL, 0, 0, 0, 0, 0, NULL, 0, NULL, NULL, NULL, NULL, NULL, NULL, NULL),
(810, 'area', 12, 49, 134, 323, 'Md. Kaiser', 'user-805@gmail.com', '$2y$10$2nkgX.Wgvs4q3wCgICad/uz2g90yakp5Tb5y9UYGyYSslArBSJXvK', NULL, NULL, NULL, NULL, NULL, 'user-805', NULL, NULL, NULL, NULL, 0, NULL, NULL, NULL, NULL, 0, NULL, 0, NULL, 0, NULL, 0, NULL, NULL, 0, 0, 0, NULL, 'images/default/avatar.jpg', NULL, 0, 0, NULL, NULL, 0, 0, 0, 0, 0, NULL, 0, NULL, NULL, NULL, NULL, NULL, NULL, NULL),
(811, 'area', 12, 49, 134, 323, 'Anik Karmokar', 'user-806@gmail.com', '$2y$10$2nkgX.Wgvs4q3wCgICad/uz2g90yakp5Tb5y9UYGyYSslArBSJXvK', NULL, NULL, NULL, NULL, NULL, 'user-806', NULL, NULL, NULL, NULL, 0, NULL, NULL, NULL, NULL, 0, NULL, 0, NULL, 0, NULL, 0, NULL, NULL, 0, 0, 0, NULL, 'images/default/avatar.jpg', NULL, 0, 0, NULL, NULL, 0, 0, 0, 0, 0, NULL, 0, NULL, NULL, NULL, NULL, NULL, NULL, NULL),
(812, 'area', 12, 49, 134, 323, 'Emran Hossain', 'user-807@gmail.com', '$2y$10$2nkgX.Wgvs4q3wCgICad/uz2g90yakp5Tb5y9UYGyYSslArBSJXvK', NULL, NULL, NULL, NULL, NULL, 'user-807', NULL, NULL, NULL, NULL, 0, NULL, NULL, NULL, NULL, 0, NULL, 0, NULL, 0, NULL, 0, NULL, NULL, 0, 0, 0, NULL, 'images/default/avatar.jpg', NULL, 0, 0, NULL, NULL, 0, 0, 0, 0, 0, NULL, 0, NULL, NULL, NULL, NULL, NULL, NULL, NULL),
(813, 'area', 12, 49, 134, 323, 'Choton Nath', 'user-808@gmail.com', '$2y$10$2nkgX.Wgvs4q3wCgICad/uz2g90yakp5Tb5y9UYGyYSslArBSJXvK', NULL, NULL, NULL, NULL, NULL, 'user-808', NULL, NULL, NULL, NULL, 0, NULL, NULL, NULL, NULL, 0, NULL, 0, NULL, 0, NULL, 0, NULL, NULL, 0, 0, 0, NULL, 'images/default/avatar.jpg', NULL, 0, 0, NULL, NULL, 0, 0, 0, 0, 0, NULL, 0, NULL, NULL, NULL, NULL, NULL, NULL, NULL),
(814, 'area', 12, 49, 134, 323, 'Abdul Halim', 'user-809@gmail.com', '$2y$10$2nkgX.Wgvs4q3wCgICad/uz2g90yakp5Tb5y9UYGyYSslArBSJXvK', NULL, NULL, NULL, NULL, NULL, 'user-809', NULL, NULL, NULL, NULL, 0, NULL, NULL, NULL, NULL, 0, NULL, 0, NULL, 0, NULL, 0, NULL, NULL, 0, 0, 0, NULL, 'images/default/avatar.jpg', NULL, 0, 0, NULL, NULL, 0, 0, 0, 0, 0, NULL, 0, NULL, NULL, NULL, NULL, NULL, NULL, NULL),
(815, 'area', 12, 49, 135, 324, 'Md. Jahid Mostafa', 'user-810@gmail.com', '$2y$10$2nkgX.Wgvs4q3wCgICad/uz2g90yakp5Tb5y9UYGyYSslArBSJXvK', NULL, NULL, NULL, NULL, NULL, 'user-810', NULL, NULL, NULL, NULL, 0, NULL, NULL, NULL, NULL, 0, NULL, 0, NULL, 0, NULL, 0, NULL, NULL, 0, 0, 0, NULL, 'images/default/avatar.jpg', NULL, 0, 0, NULL, NULL, 0, 0, 0, 0, 0, NULL, 0, NULL, NULL, NULL, NULL, NULL, NULL, NULL),
(816, 'area', 12, 49, 135, 324, 'Mojahid Mostofa', 'user-811@gmail.com', '$2y$10$2nkgX.Wgvs4q3wCgICad/uz2g90yakp5Tb5y9UYGyYSslArBSJXvK', NULL, NULL, NULL, NULL, NULL, 'user-811', NULL, NULL, NULL, NULL, 0, NULL, NULL, NULL, NULL, 0, NULL, 0, NULL, 0, NULL, 0, NULL, NULL, 0, 0, 0, NULL, 'images/default/avatar.jpg', NULL, 0, 0, NULL, NULL, 0, 0, 0, 0, 0, NULL, 0, NULL, NULL, NULL, NULL, NULL, NULL, NULL),
(817, 'area', 12, 49, 136, 325, 'Belal Hossain', 'user-812@gmail.com', '$2y$10$2nkgX.Wgvs4q3wCgICad/uz2g90yakp5Tb5y9UYGyYSslArBSJXvK', NULL, NULL, NULL, NULL, NULL, 'user-812', NULL, NULL, NULL, NULL, 0, NULL, NULL, NULL, NULL, 0, NULL, 0, NULL, 0, NULL, 0, NULL, NULL, 0, 0, 0, NULL, 'images/default/avatar.jpg', NULL, 0, 0, NULL, NULL, 0, 0, 0, 0, 0, NULL, 0, NULL, NULL, NULL, NULL, NULL, NULL, NULL),
(818, 'area', 12, 49, 136, 325, 'Iftekher Raihan', 'user-813@gmail.com', '$2y$10$2nkgX.Wgvs4q3wCgICad/uz2g90yakp5Tb5y9UYGyYSslArBSJXvK', NULL, NULL, NULL, NULL, NULL, 'user-813', NULL, NULL, NULL, NULL, 0, NULL, NULL, NULL, NULL, 0, NULL, 0, NULL, 0, NULL, 0, NULL, NULL, 0, 0, 0, NULL, 'images/default/avatar.jpg', NULL, 0, 0, NULL, NULL, 0, 0, 0, 0, 0, NULL, 0, NULL, NULL, NULL, NULL, NULL, NULL, NULL),
(819, 'area', 12, 49, 136, 326, 'Md. Hasan', 'user-814@gmail.com', '$2y$10$2nkgX.Wgvs4q3wCgICad/uz2g90yakp5Tb5y9UYGyYSslArBSJXvK', NULL, NULL, NULL, NULL, NULL, 'user-814', NULL, NULL, NULL, NULL, 0, NULL, NULL, NULL, NULL, 0, NULL, 0, NULL, 0, NULL, 0, NULL, NULL, 0, 0, 0, NULL, 'images/default/avatar.jpg', NULL, 0, 0, NULL, NULL, 0, 0, 0, 0, 0, NULL, 0, NULL, NULL, NULL, NULL, NULL, NULL, NULL),
(820, 'area', 12, 49, 136, 326, 'Harunur Rashid', 'user-815@gmail.com', '$2y$10$2nkgX.Wgvs4q3wCgICad/uz2g90yakp5Tb5y9UYGyYSslArBSJXvK', NULL, NULL, NULL, NULL, NULL, 'user-815', NULL, NULL, NULL, NULL, 0, NULL, NULL, NULL, NULL, 0, NULL, 0, NULL, 0, NULL, 0, NULL, NULL, 0, 0, 0, NULL, 'images/default/avatar.jpg', NULL, 0, 0, NULL, NULL, 0, 0, 0, 0, 0, NULL, 0, NULL, NULL, NULL, NULL, NULL, NULL, NULL),
(821, 'area', 12, 49, 136, 327, 'Enamul Haque', 'user-816@gmail.com', '$2y$10$2nkgX.Wgvs4q3wCgICad/uz2g90yakp5Tb5y9UYGyYSslArBSJXvK', NULL, NULL, NULL, NULL, NULL, 'user-816', NULL, NULL, NULL, NULL, 0, NULL, NULL, NULL, NULL, 0, NULL, 0, NULL, 0, NULL, 0, NULL, NULL, 0, 0, 0, NULL, 'images/default/avatar.jpg', NULL, 0, 0, NULL, NULL, 0, 0, 0, 0, 0, NULL, 0, NULL, NULL, NULL, NULL, NULL, NULL, NULL),
(822, 'area', 12, 49, 136, 328, '', 'user-817@gmail.com', '$2y$10$2nkgX.Wgvs4q3wCgICad/uz2g90yakp5Tb5y9UYGyYSslArBSJXvK', NULL, NULL, NULL, NULL, NULL, 'user-817', NULL, NULL, NULL, NULL, 0, NULL, NULL, NULL, NULL, 0, NULL, 0, NULL, 0, NULL, 0, NULL, NULL, 0, 0, 0, NULL, 'images/default/avatar.jpg', NULL, 0, 0, NULL, NULL, 0, 0, 0, 0, 0, NULL, 0, NULL, NULL, NULL, NULL, NULL, NULL, NULL),
(823, 'area', 12, 49, 137, 329, 'Shariful Islam', 'user-818@gmail.com', '$2y$10$2nkgX.Wgvs4q3wCgICad/uz2g90yakp5Tb5y9UYGyYSslArBSJXvK', NULL, NULL, NULL, NULL, NULL, 'user-818', NULL, NULL, NULL, NULL, 0, NULL, NULL, NULL, NULL, 0, NULL, 0, NULL, 0, NULL, 0, NULL, NULL, 0, 0, 0, NULL, 'images/default/avatar.jpg', NULL, 0, 0, NULL, NULL, 0, 0, 0, 0, 0, NULL, 0, NULL, NULL, NULL, NULL, NULL, NULL, NULL),
(824, 'area', 12, 49, 137, 329, 'Ashik Uddin Arman', 'user-819@gmail.com', '$2y$10$2nkgX.Wgvs4q3wCgICad/uz2g90yakp5Tb5y9UYGyYSslArBSJXvK', NULL, NULL, NULL, NULL, NULL, 'user-819', NULL, NULL, NULL, NULL, 0, NULL, NULL, NULL, NULL, 0, NULL, 0, NULL, 0, NULL, 0, NULL, NULL, 0, 0, 0, NULL, 'images/default/avatar.jpg', NULL, 0, 0, NULL, NULL, 0, 0, 0, 0, 0, NULL, 0, NULL, NULL, NULL, NULL, NULL, NULL, NULL),
(825, 'area', 12, 49, 137, 329, 'Md.Ridoyan', 'user-820@gmail.com', '$2y$10$2nkgX.Wgvs4q3wCgICad/uz2g90yakp5Tb5y9UYGyYSslArBSJXvK', NULL, NULL, NULL, NULL, NULL, 'user-820', NULL, NULL, NULL, NULL, 0, NULL, NULL, NULL, NULL, 0, NULL, 0, NULL, 0, NULL, 0, NULL, NULL, 0, 0, 0, NULL, 'images/default/avatar.jpg', NULL, 0, 0, NULL, NULL, 0, 0, 0, 0, 0, NULL, 0, NULL, NULL, NULL, NULL, NULL, NULL, NULL),
(826, 'area', 12, 49, 137, 329, 'Ujjal Nath', 'user-821@gmail.com', '$2y$10$2nkgX.Wgvs4q3wCgICad/uz2g90yakp5Tb5y9UYGyYSslArBSJXvK', NULL, NULL, NULL, NULL, NULL, 'user-821', NULL, NULL, NULL, NULL, 0, NULL, NULL, NULL, NULL, 0, NULL, 0, NULL, 0, NULL, 0, NULL, NULL, 0, 0, 0, NULL, 'images/default/avatar.jpg', NULL, 0, 0, NULL, NULL, 0, 0, 0, 0, 0, NULL, 0, NULL, NULL, NULL, NULL, NULL, NULL, NULL),
(827, 'area', 12, 49, 138, 330, 'Rubel Das Babu', 'user-822@gmail.com', '$2y$10$2nkgX.Wgvs4q3wCgICad/uz2g90yakp5Tb5y9UYGyYSslArBSJXvK', NULL, NULL, NULL, NULL, NULL, 'user-822', NULL, NULL, NULL, NULL, 0, NULL, NULL, NULL, NULL, 0, NULL, 0, NULL, 0, NULL, 0, NULL, NULL, 0, 0, 0, NULL, 'images/default/avatar.jpg', NULL, 0, 0, NULL, NULL, 0, 0, 0, 0, 0, NULL, 0, NULL, NULL, NULL, NULL, NULL, NULL, NULL),
(828, 'area', 12, 49, 138, 330, 'Md.Nurul Absar', 'user-823@gmail.com', '$2y$10$2nkgX.Wgvs4q3wCgICad/uz2g90yakp5Tb5y9UYGyYSslArBSJXvK', NULL, NULL, NULL, NULL, NULL, 'user-823', NULL, NULL, NULL, NULL, 0, NULL, NULL, NULL, NULL, 0, NULL, 0, NULL, 0, NULL, 0, NULL, NULL, 0, 0, 0, NULL, 'images/default/avatar.jpg', NULL, 0, 0, NULL, NULL, 0, 0, 0, 0, 0, NULL, 0, NULL, NULL, NULL, NULL, NULL, NULL, NULL),
(829, 'area', 12, 49, 138, 331, '', 'user-824@gmail.com', '$2y$10$2nkgX.Wgvs4q3wCgICad/uz2g90yakp5Tb5y9UYGyYSslArBSJXvK', NULL, NULL, NULL, NULL, NULL, 'user-824', NULL, NULL, NULL, NULL, 0, NULL, NULL, NULL, NULL, 0, NULL, 0, NULL, 0, NULL, 0, NULL, NULL, 0, 0, 0, NULL, 'images/default/avatar.jpg', NULL, 0, 0, NULL, NULL, 0, 0, 0, 0, 0, NULL, 0, NULL, NULL, NULL, NULL, NULL, NULL, NULL),
(830, 'area', 12, 50, 139, 332, 'Maikel Das', 'user-825@gmail.com', '$2y$10$2nkgX.Wgvs4q3wCgICad/uz2g90yakp5Tb5y9UYGyYSslArBSJXvK', NULL, NULL, NULL, NULL, NULL, 'user-825', NULL, NULL, NULL, NULL, 0, NULL, NULL, NULL, NULL, 0, NULL, 0, NULL, 0, NULL, 0, NULL, NULL, 0, 0, 0, NULL, 'images/default/avatar.jpg', NULL, 0, 0, NULL, NULL, 0, 0, 0, 0, 0, NULL, 0, NULL, NULL, NULL, NULL, NULL, NULL, NULL),
(831, 'area', 12, 50, 139, 332, 'Md.Aziz', 'user-826@gmail.com', '$2y$10$2nkgX.Wgvs4q3wCgICad/uz2g90yakp5Tb5y9UYGyYSslArBSJXvK', NULL, NULL, NULL, NULL, NULL, 'user-826', NULL, NULL, NULL, NULL, 0, NULL, NULL, NULL, NULL, 0, NULL, 0, NULL, 0, NULL, 0, NULL, NULL, 0, 0, 0, NULL, 'images/default/avatar.jpg', NULL, 0, 0, NULL, NULL, 0, 0, 0, 0, 0, NULL, 0, NULL, NULL, NULL, NULL, NULL, NULL, NULL),
(832, 'area', 12, 50, 139, 333, 'Md. Mizanur Rahman', 'user-827@gmail.com', '$2y$10$2nkgX.Wgvs4q3wCgICad/uz2g90yakp5Tb5y9UYGyYSslArBSJXvK', NULL, NULL, NULL, NULL, NULL, 'user-827', NULL, NULL, NULL, NULL, 0, NULL, NULL, NULL, NULL, 0, NULL, 0, NULL, 0, NULL, 0, NULL, NULL, 0, 0, 0, NULL, 'images/default/avatar.jpg', NULL, 0, 0, NULL, NULL, 0, 0, 0, 0, 0, NULL, 0, NULL, NULL, NULL, NULL, NULL, NULL, NULL),
(833, 'area', 12, 50, 139, 333, 'Shoibul Islam', 'user-828@gmail.com', '$2y$10$2nkgX.Wgvs4q3wCgICad/uz2g90yakp5Tb5y9UYGyYSslArBSJXvK', NULL, NULL, NULL, NULL, NULL, 'user-828', NULL, NULL, NULL, NULL, 0, NULL, NULL, NULL, NULL, 0, NULL, 0, NULL, 0, NULL, 0, NULL, NULL, 0, 0, 0, NULL, 'images/default/avatar.jpg', NULL, 0, 0, NULL, NULL, 0, 0, 0, 0, 0, NULL, 0, NULL, NULL, NULL, NULL, NULL, NULL, NULL),
(834, 'area', 12, 50, 140, 334, 'Anowar Hossain', 'user-829@gmail.com', '$2y$10$2nkgX.Wgvs4q3wCgICad/uz2g90yakp5Tb5y9UYGyYSslArBSJXvK', NULL, NULL, NULL, NULL, NULL, 'user-829', NULL, NULL, NULL, NULL, 0, NULL, NULL, NULL, NULL, 0, NULL, 0, NULL, 0, NULL, 0, NULL, NULL, 0, 0, 0, NULL, 'images/default/avatar.jpg', NULL, 0, 0, NULL, NULL, 0, 0, 0, 0, 0, NULL, 0, NULL, NULL, NULL, NULL, NULL, NULL, NULL),
(835, 'area', 12, 50, 140, 334, 'Md. Iskandar', 'user-830@gmail.com', '$2y$10$2nkgX.Wgvs4q3wCgICad/uz2g90yakp5Tb5y9UYGyYSslArBSJXvK', NULL, NULL, NULL, NULL, NULL, 'user-830', NULL, NULL, NULL, NULL, 0, NULL, NULL, NULL, NULL, 0, NULL, 0, NULL, 0, NULL, 0, NULL, NULL, 0, 0, 0, NULL, 'images/default/avatar.jpg', NULL, 0, 0, NULL, NULL, 0, 0, 0, 0, 0, NULL, 0, NULL, NULL, NULL, NULL, NULL, NULL, NULL),
(836, 'area', 12, 50, 140, 335, 'Humayun', 'user-831@gmail.com', '$2y$10$2nkgX.Wgvs4q3wCgICad/uz2g90yakp5Tb5y9UYGyYSslArBSJXvK', NULL, NULL, NULL, NULL, NULL, 'user-831', NULL, NULL, NULL, NULL, 0, NULL, NULL, NULL, NULL, 0, NULL, 0, NULL, 0, NULL, 0, NULL, NULL, 0, 0, 0, NULL, 'images/default/avatar.jpg', NULL, 0, 0, NULL, NULL, 0, 0, 0, 0, 0, NULL, 0, NULL, NULL, NULL, NULL, NULL, NULL, NULL),
(837, 'area', 12, 50, 140, 335, 'Hossain Al Jaber', 'user-832@gmail.com', '$2y$10$2nkgX.Wgvs4q3wCgICad/uz2g90yakp5Tb5y9UYGyYSslArBSJXvK', NULL, NULL, NULL, NULL, NULL, 'user-832', NULL, NULL, NULL, NULL, 0, NULL, NULL, NULL, NULL, 0, NULL, 0, NULL, 0, NULL, 0, NULL, NULL, 0, 0, 0, NULL, 'images/default/avatar.jpg', NULL, 0, 0, NULL, NULL, 0, 0, 0, 0, 0, NULL, 0, NULL, NULL, NULL, NULL, NULL, NULL, NULL),
(838, 'area', 12, 50, 141, 336, 'Kamal Mia', 'user-833@gmail.com', '$2y$10$2nkgX.Wgvs4q3wCgICad/uz2g90yakp5Tb5y9UYGyYSslArBSJXvK', NULL, NULL, NULL, NULL, NULL, 'user-833', NULL, NULL, NULL, NULL, 0, NULL, NULL, NULL, NULL, 0, NULL, 0, NULL, 0, NULL, 0, NULL, NULL, 0, 0, 0, NULL, 'images/default/avatar.jpg', NULL, 0, 0, NULL, NULL, 0, 0, 0, 0, 0, NULL, 0, NULL, NULL, NULL, NULL, NULL, NULL, NULL),
(839, 'area', 12, 50, 141, 336, 'Md. Ramjan', 'user-834@gmail.com', '$2y$10$2nkgX.Wgvs4q3wCgICad/uz2g90yakp5Tb5y9UYGyYSslArBSJXvK', NULL, NULL, NULL, NULL, NULL, 'user-834', NULL, NULL, NULL, NULL, 0, NULL, NULL, NULL, NULL, 0, NULL, 0, NULL, 0, NULL, 0, NULL, NULL, 0, 0, 0, NULL, 'images/default/avatar.jpg', NULL, 0, 0, NULL, NULL, 0, 0, 0, 0, 0, NULL, 0, NULL, NULL, NULL, NULL, NULL, NULL, NULL),
(840, 'area', 12, 50, 141, 337, 'Nantoo Bikash', 'user-835@gmail.com', '$2y$10$2nkgX.Wgvs4q3wCgICad/uz2g90yakp5Tb5y9UYGyYSslArBSJXvK', NULL, NULL, NULL, NULL, NULL, 'user-835', NULL, NULL, NULL, NULL, 0, NULL, NULL, NULL, NULL, 0, NULL, 0, NULL, 0, NULL, 0, NULL, NULL, 0, 0, 0, NULL, 'images/default/avatar.jpg', NULL, 0, 0, NULL, NULL, 0, 0, 0, 0, 0, NULL, 0, NULL, NULL, NULL, NULL, NULL, NULL, NULL),
(841, 'area', 12, 50, 141, 337, 'Tofazzal Hossain', 'user-836@gmail.com', '$2y$10$2nkgX.Wgvs4q3wCgICad/uz2g90yakp5Tb5y9UYGyYSslArBSJXvK', NULL, NULL, NULL, NULL, NULL, 'user-836', NULL, NULL, NULL, NULL, 0, NULL, NULL, NULL, NULL, 0, NULL, 0, NULL, 0, NULL, 0, NULL, NULL, 0, 0, 0, NULL, 'images/default/avatar.jpg', NULL, 0, 0, NULL, NULL, 0, 0, 0, 0, 0, NULL, 0, NULL, NULL, NULL, NULL, NULL, NULL, NULL),
(842, 'area', 12, 50, 142, 338, 'Zalok Chowdhury', 'user-837@gmail.com', '$2y$10$2nkgX.Wgvs4q3wCgICad/uz2g90yakp5Tb5y9UYGyYSslArBSJXvK', NULL, NULL, NULL, NULL, NULL, 'user-837', NULL, NULL, NULL, NULL, 0, NULL, NULL, NULL, NULL, 0, NULL, 0, NULL, 0, NULL, 0, NULL, NULL, 0, 0, 0, NULL, 'images/default/avatar.jpg', NULL, 0, 0, NULL, NULL, 0, 0, 0, 0, 0, NULL, 0, NULL, NULL, NULL, NULL, NULL, NULL, NULL),
(843, 'area', 12, 50, 142, 338, 'Kazi Lutfur Rahman', 'user-838@gmail.com', '$2y$10$2nkgX.Wgvs4q3wCgICad/uz2g90yakp5Tb5y9UYGyYSslArBSJXvK', NULL, NULL, NULL, NULL, NULL, 'user-838', NULL, NULL, NULL, NULL, 0, NULL, NULL, NULL, NULL, 0, NULL, 0, NULL, 0, NULL, 0, NULL, NULL, 0, 0, 0, NULL, 'images/default/avatar.jpg', NULL, 0, 0, NULL, NULL, 0, 0, 0, 0, 0, NULL, 0, NULL, NULL, NULL, NULL, NULL, NULL, NULL),
(844, 'area', 12, 50, 142, 339, 'Md. Ishaque ', 'user-839@gmail.com', '$2y$10$2nkgX.Wgvs4q3wCgICad/uz2g90yakp5Tb5y9UYGyYSslArBSJXvK', NULL, NULL, NULL, NULL, NULL, 'user-839', NULL, NULL, NULL, NULL, 0, NULL, NULL, NULL, NULL, 0, NULL, 0, NULL, 0, NULL, 0, NULL, NULL, 0, 0, 0, NULL, 'images/default/avatar.jpg', NULL, 0, 0, NULL, NULL, 0, 0, 0, 0, 0, NULL, 0, NULL, NULL, NULL, NULL, NULL, NULL, NULL);

-- --------------------------------------------------------

--
-- Table structure for table `user_level`
--

DROP TABLE IF EXISTS `user_level`;
CREATE TABLE IF NOT EXISTS `user_level` (
  `user_level_id` int(10) NOT NULL AUTO_INCREMENT,
  `user_level_name` varchar(50) NOT NULL,
  `description` text NOT NULL,
  `created_by` int(10) NOT NULL,
  `created` timestamp NULL DEFAULT NULL,
  `updated_by` int(10) DEFAULT NULL,
  `updated` datetime DEFAULT NULL,
  `status` enum('Active','Inactive') DEFAULT 'Active',
  `privilege_edit` tinyint(1) NOT NULL DEFAULT '0',
  `privilege_delete` tinyint(1) NOT NULL DEFAULT '0',
  `privilege_add` tinyint(1) NOT NULL DEFAULT '0',
  `privilege_view_all` tinyint(1) NOT NULL DEFAULT '0',
  `all_privilege` tinyint(1) NOT NULL,
  PRIMARY KEY (`user_level_id`),
  UNIQUE KEY `u_level_name` (`user_level_name`) USING BTREE
) ENGINE=InnoDB AUTO_INCREMENT=4 DEFAULT CHARSET=utf8;

--
-- Dumping data for table `user_level`
--

INSERT INTO `user_level` (`user_level_id`, `user_level_name`, `description`, `created_by`, `created`, `updated_by`, `updated`, `status`, `privilege_edit`, `privilege_delete`, `privilege_add`, `privilege_view_all`, `all_privilege`) VALUES
(1, 'Admin', 'Admin previlege for all module.', 1, '2014-08-31 06:06:38', 1, '2014-11-16 15:25:33', 'Active', 1, 1, 1, 1, 1),
(2, 'Level1', 'Level One User', 1, '2018-05-16 07:33:41', NULL, NULL, 'Active', 0, 0, 0, 0, 1),
(3, 'Level2', 'Level two user', 1, '2018-05-16 07:34:04', NULL, NULL, 'Active', 0, 0, 0, 1, 0);

-- --------------------------------------------------------

--
-- Table structure for table `user_levels`
--

DROP TABLE IF EXISTS `user_levels`;
CREATE TABLE IF NOT EXISTS `user_levels` (
  `id` int(10) UNSIGNED NOT NULL AUTO_INCREMENT,
  `name` varchar(255) NOT NULL,
  `description` text NOT NULL,
  `created_by` int(11) NOT NULL DEFAULT '0',
  `created` timestamp NOT NULL DEFAULT CURRENT_TIMESTAMP ON UPDATE CURRENT_TIMESTAMP,
  `updated_by` int(11) NOT NULL DEFAULT '0',
  `updated` timestamp NOT NULL DEFAULT CURRENT_TIMESTAMP,
  `status` enum('Active','Inactive') NOT NULL,
  `privilege_edit` tinyint(4) NOT NULL DEFAULT '0',
  `privilege_delete` tinyint(4) NOT NULL DEFAULT '0',
  `privilege_add` tinyint(4) NOT NULL DEFAULT '0',
  `privilege_view_all` tinyint(4) NOT NULL DEFAULT '0',
  `all_privilege` tinyint(4) NOT NULL,
  `created_at` timestamp NULL DEFAULT NULL,
  `updated_at` timestamp NULL DEFAULT NULL,
  PRIMARY KEY (`id`),
  UNIQUE KEY `user_levels_user_level_name_unique` (`name`)
) ENGINE=InnoDB AUTO_INCREMENT=2 DEFAULT CHARSET=utf8;

--
-- Dumping data for table `user_levels`
--

INSERT INTO `user_levels` (`id`, `name`, `description`, `created_by`, `created`, `updated_by`, `updated`, `status`, `privilege_edit`, `privilege_delete`, `privilege_add`, `privilege_view_all`, `all_privilege`, `created_at`, `updated_at`) VALUES
(1, 'Admin', 'dd', 0, '2018-05-14 10:24:52', 0, '2018-05-14 10:25:03', 'Active', 0, 0, 0, 0, 0, NULL, NULL);

-- --------------------------------------------------------

--
-- Table structure for table `user_settings`
--

DROP TABLE IF EXISTS `user_settings`;
CREATE TABLE IF NOT EXISTS `user_settings` (
  `id` int(10) UNSIGNED NOT NULL AUTO_INCREMENT,
  `login_by` varchar(255) COLLATE utf8mb4_unicode_ci NOT NULL DEFAULT 'email' COMMENT 'login by username/email/mobile',
  `username_minimum_length` int(11) NOT NULL DEFAULT '5',
  `username_maximum_length` int(11) NOT NULL DEFAULT '25',
  `username_have_special_character` varchar(255) COLLATE utf8mb4_unicode_ci NOT NULL DEFAULT '0' COMMENT '0=no and 1=yes',
  `maximum_login_same_user` tinyint(4) NOT NULL DEFAULT '1',
  `maximum_login_perday` tinyint(4) NOT NULL DEFAULT '10',
  `maximum_login_permonth` int(11) NOT NULL DEFAULT '1000',
  `maximum_login_attempt` tinyint(4) NOT NULL DEFAULT '5',
  `maximum_login_attempt_reset_time` tinyint(4) NOT NULL DEFAULT '15' COMMENT 'minimum 15 minutes',
  `have_login_security_code` tinyint(4) NOT NULL DEFAULT '0' COMMENT '0=no , 1= yes',
  `security_code_length` tinyint(4) NOT NULL DEFAULT '6',
  `session_time` varchar(255) COLLATE utf8mb4_unicode_ci NOT NULL DEFAULT '30' COMMENT 'default 30 minutes',
  `password_minimum_length` int(11) NOT NULL DEFAULT '6',
  `password_maximum_length` int(11) NOT NULL DEFAULT '12',
  `password_have_special_character` tinyint(4) NOT NULL DEFAULT '0' COMMENT '0=no and 1=yes',
  `password_special_character` varchar(100) COLLATE utf8mb4_unicode_ci DEFAULT NULL,
  `password_have_expire_day` tinyint(4) NOT NULL DEFAULT '0' COMMENT '0=no, 1=yes',
  `password_expire_days` int(11) NOT NULL DEFAULT '0',
  `last_used_password` tinyint(4) NOT NULL DEFAULT '5' COMMENT 'do not use last 5 used password',
  `have_default_password` tinyint(4) NOT NULL DEFAULT '0' COMMENT '0=no, 1=yes',
  `default_password_length` int(11) NOT NULL DEFAULT '8',
  `default_password` varchar(100) COLLATE utf8mb4_unicode_ci DEFAULT NULL,
  `have_password_plaintext` tinyint(4) NOT NULL DEFAULT '1' COMMENT '0=no, 1=yes',
  `username_email_phone_as_password` tinyint(4) NOT NULL DEFAULT '1' COMMENT '0=no, 1=yes',
  `password_prohibited_words` text COLLATE utf8mb4_unicode_ci COMMENT 'this words are not as a password',
  `user_activation_policy` tinyint(4) NOT NULL DEFAULT '1' COMMENT '0=no, 1=yes',
  `created_by` int(11) NOT NULL,
  `updated_by` int(11) NOT NULL DEFAULT '0',
  `created_at` timestamp NULL DEFAULT NULL,
  `updated_at` timestamp NULL DEFAULT NULL,
  PRIMARY KEY (`id`)
) ENGINE=InnoDB DEFAULT CHARSET=utf8mb4 COLLATE=utf8mb4_unicode_ci;

-- --------------------------------------------------------

--
-- Table structure for table `user_type`
--

DROP TABLE IF EXISTS `user_type`;
CREATE TABLE IF NOT EXISTS `user_type` (
  `user_type_id` int(10) NOT NULL AUTO_INCREMENT,
  `user_type_name` varchar(250) NOT NULL,
  `description` text,
  `created_by` int(10) DEFAULT NULL,
  `created` timestamp NULL DEFAULT CURRENT_TIMESTAMP,
  `updated_by` int(10) DEFAULT NULL,
  `updated` datetime DEFAULT NULL,
  `status` enum('Active','Inactive') DEFAULT 'Active',
  PRIMARY KEY (`user_type_id`)
) ENGINE=InnoDB AUTO_INCREMENT=2 DEFAULT CHARSET=utf8;

--
-- Dumping data for table `user_type`
--

INSERT INTO `user_type` (`user_type_id`, `user_type_name`, `description`, `created_by`, `created`, `updated_by`, `updated`, `status`) VALUES
(1, 'Admin', NULL, 1, '2016-04-19 07:14:57', NULL, NULL, 'Active');

-- --------------------------------------------------------

--
-- Table structure for table `zones`
--

DROP TABLE IF EXISTS `zones`;
CREATE TABLE IF NOT EXISTS `zones` (
  `id` int(11) NOT NULL AUTO_INCREMENT,
  `zone_name` varchar(255) NOT NULL,
  `ordering` int(11) DEFAULT NULL,
  `created_by` int(11) DEFAULT NULL,
  `created_at` timestamp NULL DEFAULT NULL,
  `updated_by` int(11) DEFAULT NULL,
  `updated_at` timestamp NULL DEFAULT NULL,
  `rfu1` int(11) DEFAULT NULL,
  `rfu2` int(11) DEFAULT NULL,
  `is_active` tinyint(1) DEFAULT '1',
  PRIMARY KEY (`id`)
) ENGINE=InnoDB AUTO_INCREMENT=13 DEFAULT CHARSET=latin1;

--
-- Dumping data for table `zones`
--

INSERT INTO `zones` (`id`, `zone_name`, `ordering`, `created_by`, `created_at`, `updated_by`, `updated_at`, `rfu1`, `rfu2`, `is_active`) VALUES
(1, 'North Bengal - 01', 1, 1, '2018-05-30 08:01:46', NULL, NULL, NULL, NULL, 1),
(2, 'North Bengal-2', 2, 1, '2018-05-30 08:01:46', NULL, NULL, NULL, NULL, 1),
(3, 'Jessore Zone', 3, 1, '2018-05-30 08:01:46', NULL, NULL, NULL, NULL, 1),
(4, 'Mymensingh Zone', 4, 1, '2018-05-30 08:01:46', NULL, NULL, NULL, NULL, 1),
(5, 'Dhaka North Zone', 5, 1, '2018-05-30 08:01:46', NULL, NULL, NULL, NULL, 1),
(6, 'Dhaka South Zone', 6, 1, '2018-05-30 08:01:46', NULL, NULL, NULL, NULL, 1),
(7, 'Dhaka West Zone', 7, 1, '2018-05-30 08:01:46', NULL, NULL, NULL, NULL, 1),
(8, 'Barishal Zone', 8, 1, '2018-05-30 08:01:46', 1, '2018-05-30 02:01:22', NULL, NULL, 1),
(9, 'Sylhet Zone', 9, 1, '2018-05-30 08:01:46', NULL, NULL, NULL, NULL, 1),
(10, 'Comilla Zone ', 10, 1, '2018-05-30 08:01:46', NULL, NULL, NULL, NULL, 1),
(11, 'Noakhali Zone', 11, 1, '2018-05-30 08:01:46', NULL, NULL, NULL, NULL, 1),
(12, 'Chottrogram Zone', 12, 1, '2018-05-30 08:01:46', NULL, NULL, NULL, NULL, 1);

--
-- Constraints for dumped tables
--

--
-- Constraints for table `documentation_fig`
--
ALTER TABLE `documentation_fig`
  ADD CONSTRAINT `fk_doc_id` FOREIGN KEY (`doc_id`) REFERENCES `documentation` (`doc_id`) ON DELETE CASCADE ON UPDATE CASCADE;

--
-- Constraints for table `dynmc_form`
--
ALTER TABLE `dynmc_form`
  ADD CONSTRAINT `fk_dft_id` FOREIGN KEY (`form_type_id`) REFERENCES `dynmc_form_type` (`dynmc_form_type_id`) ON DELETE CASCADE ON UPDATE CASCADE;

--
-- Constraints for table `dynmc_form_details`
--
ALTER TABLE `dynmc_form_details`
  ADD CONSTRAINT `fk_df_id` FOREIGN KEY (`dynmc_form_id`) REFERENCES `dynmc_form` (`dynmc_form_id`) ON DELETE CASCADE ON UPDATE CASCADE,
  ADD CONSTRAINT `fk_dftt_id` FOREIGN KEY (`tag_type_id`) REFERENCES `dynmc_form_tag_type` (`dynmc_form_tag_type_id`) ON DELETE CASCADE ON UPDATE CASCADE;

--
-- Constraints for table `form_items`
--
ALTER TABLE `form_items`
  ADD CONSTRAINT `form_items_ibfk_1` FOREIGN KEY (`forms_id`) REFERENCES `forms` (`id`) ON DELETE CASCADE ON UPDATE CASCADE;

--
-- Constraints for table `master_entry`
--
ALTER TABLE `master_entry`
  ADD CONSTRAINT `master_entry_ibfk_1` FOREIGN KEY (`master_entry_title`) REFERENCES `master_entry_table` (`master_entry_title`) ON DELETE CASCADE ON UPDATE CASCADE;
COMMIT;

/*!40101 SET CHARACTER_SET_CLIENT=@OLD_CHARACTER_SET_CLIENT */;
/*!40101 SET CHARACTER_SET_RESULTS=@OLD_CHARACTER_SET_RESULTS */;
/*!40101 SET COLLATION_CONNECTION=@OLD_COLLATION_CONNECTION */;
